Name in English,Number of speakers,Latitude,Longitude,Countries,Country codes alpha 3,Degree of endangerment,log_speakers,num_countries,is_transnational,speakers_per_country,log_speakers_per_country,abs_latitude,climate_zone,macro_region,nearby_language_density,target_binary,target_ordinal
South Italian,7500000.0,40.9798,15.249,Italy,ITA,Vulnerable,6.875061321297627,1,0,7500000.0,6.875061321297627,40.9798,1,Europe,16,0,1
Sicilian,5000000.0,37.4399,14.5019,Italy,ITA,Vulnerable,6.698970091194907,1,0,5000000.0,6.698970091194907,37.4399,1,Europe,10,0,1
Low Saxon,4800000.0,53.4029,10.3601,"Germany, Denmark, Netherlands, Poland, Russian Federation","DEU, DNK, NLD, POL, RUS",Vulnerable,6.681241327853595,5,1,960000.0,5.982271685429418,53.4029,1,Europe,15,0,1
Belarusian,4000000.0,53.956,27.5756,"Belarus, Latvia, Lithuania, Poland, Russian Federation, Ukraine","BRB, LVA, LTU, POL, RUS, UKR",Vulnerable,6.6020600999015695,6,1,666666.6666666666,5.823909392385553,53.956,1,Europe,8,0,1
Lombard,3500000.0,45.7215,9.3273,"Italy, Switzerland","ITA, CHE",Definitely endangered,6.5440681684343955,2,1,1750000.0,6.243038296854499,45.7215,1,Europe,29,1,2
Romani,3500000.0,46.3165,22.3681,"Albania, Germany, Austria, Belarus, Bosnia and Herzegovina, Bulgaria, Croatia, Estonia, Finland, France, Greece, Hungary, Italy, Latvia, Lithuania, The former Yugoslav Republic of Macedonia, Netherlands, Poland, Romania, United Kingdom of Great Britain and Northern Ireland, Russian Federation, Slovakia, Slovenia, Switzerland, Czech Republic, Turkey, Ukraine, Serbia, Montenegro","ALB, DEU, AUT, BRB, BIH, BGR, HRV, EST, FIN, FRA, GRC, HUN, ITA, LVA, LTU, MKD, NLD, POL, ROU, GBR, RUS, SVK, SVN, CHE, CZE, TUR, UKR, SRB, MNE",Definitely endangered,6.5440681684343955,29,1,120689.6551724138,5.081673644876405,46.3165,1,Europe,15,1,2
Yiddish (Israel),3000000.0,32.0833,34.8333,Israel,ISR,Definitely endangered,6.477121399484465,1,0,3000000.0,6.477121399484465,32.0833,1,Africa,15,1,2
Gondi,2713790.0,19.5804,80.4418,India,IND,Vulnerable,6.433576397840367,1,0,2713790.0,6.433576397840367,19.5804,0,Asia,19,0,1
Limburgian-Ripuarian,2600000.0,50.7781,6.0864,"Germany, Belgium, Netherlands","DEU, BEL, NLD",Vulnerable,6.414973515007125,3,1,866666.6666666666,5.937852594359884,50.7781,1,Europe,18,0,1
Quechua of Southern Bolivia,2300000.0,-18.0675,-65.7641,Bolivia (Plurinational State of),BOL,Vulnerable,6.36172802484124,1,0,2300000.0,6.36172802484124,18.0675,0,South America,20,0,1
Kumaoni,2003783.0,29.4778,79.8486,"India, Nepal","IND, NPL",Vulnerable,6.301850904488644,2,1,1001891.5,6.000821125561783,29.4778,1,Asia,50,0,1
Aymara,2000000.0,-16.5835,-68.302,"Bolivia (Plurinational State of), Chile, Peru","BOL, CHL, PER",Vulnerable,6.301030212811168,3,1,666666.6666666666,5.823909392385553,16.5835,0,South America,21,0,1
Emilian-Romagnol,2000000.0,44.127,12.0739,"Italy, San Marino","ITA, SMR",Definitely endangered,6.301030212811168,2,1,1000000.0,6.0000004342942646,44.127,1,Europe,29,1,2
Piedmontese,2000000.0,45.2013,7.8662,Italy,ITA,Definitely endangered,6.301030212811168,1,0,2000000.0,6.301030212811168,45.2013,1,Europe,27,1,2
Venetan,2000000.0,45.4601,12.1948,"Croatia, Italy, Slovenia","HRV, ITA, SVN",Vulnerable,6.301030212811168,3,1,666666.6666666666,5.823909392385553,45.4601,1,Europe,25,0,1
Zazaki,2000000.0,38.8824,40.4846,Turkey,TUR,Vulnerable,6.301030212811168,1,0,2000000.0,6.301030212811168,38.8824,1,Europe,19,0,1
Kurux (India),1751489.0,22.1467,85.2758,India,IND,Vulnerable,6.243407662089214,1,0,1751489.0,6.243407662089214,22.1467,0,Asia,24,0,1
Tamajeq,1750000.0,17.2352,8.0859,Niger,NER,Vulnerable,6.243038296854499,1,0,1750000.0,6.243038296854499,17.2352,0,Africa,1,0,1
Tulu,1722768.0,12.0178,75.7067,India,IND,Vulnerable,6.236227048341277,1,0,1722768.0,6.236227048341277,12.0178,0,Asia,10,0,1
Kangdi,1700000.0,32.4356,76.1242,India,IND,Definitely endangered,6.230449176845541,1,0,1700000.0,6.230449176845541,32.4356,1,Asia,46,1,2
Scots,1500000.0,56.2189,-3.7683,United Kingdom of Great Britain and Northern Ireland,GBR,Vulnerable,6.176091548585239,1,0,1500000.0,6.176091548585239,56.2189,2,Europe,7,0,1
Torlak,1500000.0,42.9644,22.1374,"Albania, Bulgaria, The former Yugoslav Republic of Macedonia, Romania, Serbia","ALB, BGR, MKD, ROU, SRB",Vulnerable,6.176091548585239,5,1,300000.0,5.477122702365523,42.9644,1,Europe,16,0,1
West Flemish,1500000.0,51.0275,3.0541,"Belgium, France, Netherlands","BEL, FRA, NLD",Vulnerable,6.176091548585239,3,1,500000.0,5.698970872924114,51.0275,1,Europe,18,0,1
Bashkir,1379727.0,54.7309,55.9863,Russian Federation,RUS,Vulnerable,6.1397934778923835,1,0,1379727.0,6.1397934778923835,54.7309,1,Asia,1,0,1
Chechen,1331844.0,43.1971,45.7031,Russian Federation,RUS,Vulnerable,6.124453684622843,1,0,1331844.0,6.124453684622843,43.1971,1,Asia,52,0,1
Chuvash,1325382.0,56.1394,47.2412,Russian Federation,RUS,Vulnerable,6.122341395820839,1,0,1325382.0,6.122341395820839,56.1394,2,Asia,5,0,1
Meithei,1250000.0,24.7667,93.8946,India,IND,Vulnerable,6.096910360443503,1,0,1250000.0,6.096910360443503,24.7667,1,Asia,132,0,1
Tamang,1196639.0,27.7365,85.6858,"India, Nepal","IND, NPL",Vulnerable,6.077963515879361,2,1,598319.5,5.776933883143495,27.7365,1,Asia,79,0,1
Quechua of Cuzco,1115000.0,-13.4537,-72.0098,Peru,PER,Vulnerable,6.047275256885782,1,0,1115000.0,6.047275256885782,13.4537,0,South America,32,0,1
Eastern Slovak,1000000.0,48.8068,21.7968,"Slovakia, Ukraine","SVK, UKR",Vulnerable,6.0000004342942646,2,1,500000.0,5.698970872924114,48.8068,1,Europe,15,0,1
Ligurian,1000000.0,44.5748,8.7011,"France, Italy, Monaco","FRA, ITA, MCO",Definitely endangered,6.0000004342942646,3,1,333333.3333333333,5.522880048161829,44.5748,1,Europe,29,1,2
Rusyn,1000000.0,48.4437,22.9394,"Hungary, Poland, Romania, Slovakia, Ukraine","HUN, POL, ROU, SVK, UKR",Vulnerable,6.0000004342942646,5,1,200000.0,5.301032167130962,48.4437,1,Europe,14,0,1
Talysh,1000000.0,38.814,48.6804,"Azerbaijan, Iran (Islamic Republic of)","AZE, IRN",Vulnerable,6.0000004342942646,2,1,500000.0,5.698970872924114,38.814,1,Asia,39,0,1
Kui,916222.0,19.5908,83.9575,India,IND,Vulnerable,5.962001189696895,1,0,916222.0,5.962001189696895,19.5908,0,Asia,27,0,1
Khasi,912000.0,25.691,91.8676,India,IND,Vulnerable,5.9599953145282445,1,0,912000.0,5.9599953145282445,25.691,1,Asia,136,0,1
Bodo,900000.0,26.7554,92.8674,India,IND,Vulnerable,5.954242991988481,1,0,900000.0,5.954242991988481,26.7554,1,Asia,127,0,1
Campidanese,900000.0,39.2991,8.9868,Italy,ITA,Definitely endangered,5.954242991988481,1,0,900000.0,5.954242991988481,39.2991,1,Europe,8,1,2
K'iche' (Guatemala),890596.0,15.0309,-91.1485,Guatemala,GTM,Vulnerable,5.949681227865,1,0,890596.0,5.949681227865,15.0309,0,North America,56,0,1
Quechua of Ayacucho,850000.0,-13.1276,-74.2071,Peru,PER,Definitely endangered,5.9294194366486765,1,0,850000.0,5.9294194366486765,13.1276,0,South America,23,1,2
Newar,825458.0,27.6981,85.3198,Nepal,NPL,Definitely endangered,5.916695507016185,1,0,825458.0,5.916695507016185,27.6981,1,Asia,74,1,2
Mon,800000.0,16.4666,97.7833,"Myanmar, Thailand","MMR, THA",Vulnerable,5.903090529859707,2,1,400000.0,5.60206107706281,16.4666,0,Asia,11,0,1
Polesian,800000.0,51.8629,23.9501,"Belarus, Poland, Ukraine","BRB, POL, UKR",Vulnerable,5.903090529859707,3,1,266666.6666666667,5.425970360873535,51.8629,1,Europe,11,0,1
Tamaceq,800000.0,16.7992,-3.0102,Mali,MLI,Definitely endangered,5.903090529859707,1,0,800000.0,5.903090529859707,16.7992,0,Africa,1,1,2
Avar,784840.0,42.4801,46.8017,Russian Federation,RUS,Vulnerable,5.894781682456316,1,0,784840.0,5.894781682456316,42.4801,1,Asia,51,0,1
Mundari,750000.0,22.3297,86.0449,India,IND,Vulnerable,5.875061842450624,1,0,750000.0,5.875061842450624,22.3297,0,Asia,24,0,1
Welsh,750000.0,52.4459,-3.5485,United Kingdom of Great Britain and Northern Ireland,GBR,Vulnerable,5.875061842450624,1,0,750000.0,5.875061842450624,52.4459,1,Europe,12,0,1
Angika,740892.0,24.7451,85.3124,"India, Nepal","IND, NPL",Vulnerable,5.869755491562361,2,1,370446.0,5.568726082075046,24.7451,1,Asia,80,0,1
Q'eqchi' (Guatemala),716101.0,15.4707,-90.3722,Guatemala,GTM,Vulnerable,5.854974886668396,1,0,716101.0,5.854974886668396,15.4707,0,North America,55,0,1
Picard,700000.0,50.2331,2.7905,"Belgium, France","BEL, FRA",Severely endangered,5.845098660434502,2,1,350000.0,5.54406928518988,50.2331,1,Europe,21,1,2
Kokborok,695000.0,23.7752,91.6918,"Bangladesh, India","BGD, IND",Vulnerable,5.841985429473811,2,1,347500.0,5.540956058692628,23.7752,1,Asia,108,0,1
Basque,660000.0,43.133,-2.0764,"Spain, France","ESP, FRA",Vulnerable,5.819544593563313,2,1,330000.0,5.518515255919778,43.133,1,Europe,9,0,1
Kabard-Cherkes,650000.0,43.7393,43.4289,"Russian Federation, Turkey","RUS, TUR",Vulnerable,5.812914024787698,2,1,325000.0,5.511884697267532,43.7393,1,Europe,52,0,1
Mandeali,611930.0,31.4099,76.9921,India,IND,Definitely endangered,5.786702454811156,1,0,611930.0,5.786702454811156,31.4099,1,Asia,41,1,2
Friulian,600000.0,46.1037,13.1396,Italy,ITA,Definitely endangered,5.7781519742071765,1,0,600000.0,5.7781519742071765,46.1037,1,Europe,26,1,2
Quechua of Ancash and Huánuco,600000.0,-9.4598,-77.1789,Peru,PER,Definitely endangered,5.7781519742071765,1,0,600000.0,5.7781519742071765,9.4598,0,South America,26,1,2
Walloon,600000.0,50.4575,4.8559,"Belgium, France, Luxembourg","BEL, FRA, LUX",Definitely endangered,5.7781519742071765,3,1,200000.0,5.301032167130962,50.4575,1,Europe,18,1,2
Mising,550000.0,26.9612,94.0539,India,IND,Definitely endangered,5.740363479119857,1,0,550000.0,5.740363479119857,26.9612,1,Asia,128,1,2
Ossete,550000.0,42.9564,44.4946,"Georgia, Russian Federation","GEO, RUS",Vulnerable,5.740363479119857,2,1,275000.0,5.4393342730800525,42.9564,1,Europe,53,0,1
Mizo,529000.0,22.9988,92.9223,India,IND,Vulnerable,5.723456493006966,1,0,529000.0,5.723456493006966,22.9988,0,Asia,89,0,1
Dargwa,503523.0,42.1145,47.4938,Russian Federation,RUS,Vulnerable,5.702020175622822,1,0,503523.0,5.702020175622822,42.1145,1,Asia,48,0,1
Aromanian,500000.0,40.2292,21.1376,"Albania, Bulgaria, Greece, The former Yugoslav Republic of Macedonia, Serbia","ALB, BGR, GRC, MKD, SRB",Definitely endangered,5.698970872924114,5,1,100000.0,5.000004342923105,40.2292,1,Europe,10,1,2
Brahui,500000.0,29.0369,66.5826,"Iran (Islamic Republic of), Pakistan, Afghanistan","IRN, PAK, AFG",Vulnerable,5.698970872924114,3,1,166666.66666666666,5.22185135537543,29.0369,1,Asia,2,0,1
Languedocian,500000.0,43.8899,2.5378,France,FRA,Severely endangered,5.698970872924114,1,0,500000.0,5.698970872924114,43.8899,1,Europe,15,1,2
Lezgian,500000.0,41.4921,48.0541,"Azerbaijan, Russian Federation","AZE, RUS",Vulnerable,5.698970872924114,2,1,250000.0,5.397941745846491,41.4921,1,Asia,43,0,1
Mahasui,496024.0,31.2738,77.1295,India,IND,Definitely endangered,5.695503565781395,1,0,496024.0,5.695503565781395,31.2738,1,Asia,41,1,2
Magar,489383.0,28.0816,83.4301,Nepal,NPL,Definitely endangered,5.68964976635353,1,0,489383.0,5.68964976635353,28.0816,1,Asia,74,1,2
Mam (Guatemala),477717.0,14.9305,-91.9078,Guatemala,GTM,Vulnerable,5.679171605431141,1,0,477717.0,5.679171605431141,14.9305,0,North America,60,0,1
Udmurt,463837.0,57.2315,52.8662,Russian Federation,RUS,Definitely endangered,5.666366325402185,1,0,463837.0,5.666366325402185,57.2315,2,Asia,6,1,2
Huasteca Náhuatl,463183.0,21.3835,-98.9902,Mexico,MEX,Vulnerable,5.665753548923772,1,0,463183.0,5.665753548923772,21.3835,0,North America,73,0,1
Kumyk,458121.0,43.397,46.9775,Russian Federation,RUS,Vulnerable,5.660981148028397,1,0,458121.0,5.660981148028397,43.397,1,Asia,48,0,1
Yakut,456288.0,62.3496,130.8691,Russian Federation,RUS,Vulnerable,5.6592399991323274,1,0,456288.0,5.6592399991323274,62.3496,2,Asia,0,0,1
Kaqchikel (Guatemala),444954.0,14.7814,-90.7925,Guatemala,GTM,Vulnerable,5.64831609134072,1,0,444954.0,5.64831609134072,14.7814,0,North America,51,0,1
Karbi,420000.0,26.2934,93.2299,India,IND,Vulnerable,5.62325032443115,1,0,420000.0,5.62325032443115,26.2934,1,Asia,127,0,1
Eastern Mari,414211.0,56.632,47.8784,Russian Federation,RUS,Definitely endangered,5.617222676542686,1,0,414211.0,5.617222676542686,56.632,2,Asia,6,1,2
Ingush,405343.0,43.145,45.1043,Russian Federation,RUS,Vulnerable,5.6078237488688325,1,0,405343.0,5.6078237488688325,43.145,1,Asia,54,0,1
Erzya,400000.0,54.1302,45.4394,Russian Federation,RUS,Definitely endangered,5.60206107706281,1,0,400000.0,5.60206107706281,54.1302,1,Asia,4,1,2
Ho,400000.0,21.637,86.4404,India,IND,Vulnerable,5.60206107706281,1,0,400000.0,5.60206107706281,21.637,0,Asia,22,0,1
Judezmo (Israel),400000.0,32.0872,34.7737,Israel,ISR,Severely endangered,5.60206107706281,1,0,400000.0,5.60206107706281,32.0872,1,Africa,15,1,2
Lalo,400000.0,25.383,99.9426,China,CHN,Vulnerable,5.60206107706281,1,0,400000.0,5.60206107706281,25.383,1,Asia,68,0,1
Limousin,400000.0,46.0579,1.8017,France,FRA,Severely endangered,5.60206107706281,1,0,400000.0,5.60206107706281,46.0579,1,Europe,22,1,2
Logudorese,400000.0,40.1116,9.1845,Italy,ITA,Definitely endangered,5.60206107706281,1,0,400000.0,5.60206107706281,40.1116,1,Europe,10,1,2
Mapuche (Chile),400000.0,-38.5653,-73.081,Chile,CHL,Definitely endangered,5.60206107706281,1,0,400000.0,5.60206107706281,38.5653,1,South America,2,1,2
Central Náhuatl,395581.0,19.191,-99.0236,Mexico,MEX,Vulnerable,5.59723652185708,1,0,395581.0,5.59723652185708,19.191,0,North America,100,0,1
Moselle Franconian,390000.0,49.6071,6.1248,"Germany, Belgium, France, Luxembourg","DEU, BEL, FRA, LUX",Vulnerable,5.591065720600666,4,1,97500.0,4.9890090699780725,49.6071,1,Europe,22,0,1
Bantawa,371056.0,27.0994,87.0048,Nepal,NPL,Vulnerable,5.569440628978969,1,0,371056.0,5.569440628978969,27.0994,1,Asia,90,0,1
Santa,360000.0,35.5411,102.7935,China,CHN,Vulnerable,5.556303707139173,1,0,360000.0,5.556303707139173,35.5411,1,Asia,11,0,1
Mingrelian,350000.0,42.4599,41.7205,Georgia,GEO,Definitely endangered,5.54406928518988,1,0,350000.0,5.54406928518988,42.4599,1,Europe,43,1,2
West Frisian,350000.0,53.1006,5.6579,Netherlands,NLD,Vulnerable,5.54406928518988,1,0,350000.0,5.54406928518988,53.1006,1,Europe,17,0,1
Gurung,338925.0,28.275,84.1782,Nepal,NPL,Definitely endangered,5.530104886109171,1,0,338925.0,5.530104886109171,28.275,1,Asia,72,1,2
Guajiro,318500.0,11.8673,-71.9824,"Colombia, Venezuela (Bolivarian Republic of)","COL, VEN",Vulnerable,5.503110800231181,2,1,159250.0,5.202082168122731,11.8673,0,South America,8,0,1
Karachay-Balkar,302748.0,44.2137,42.8466,Russian Federation,RUS,Vulnerable,5.4810827173140195,1,0,302748.0,5.4810827173140195,44.2137,1,Europe,46,0,1
Adyge,300000.0,44.9181,39.7485,"Iraq, Israel, Jordan, The former Yugoslav Republic of Macedonia, Russian Federation, Syrian Arab Republic, Turkey","IRQ, ISR, JOR, MKD, RUS, SYR, TUR",Vulnerable,5.477122702365523,7,1,42857.142857142855,4.632033348125094,44.9181,1,Europe,23,0,1
Buryat (Trans-Baikal),300000.0,50.8336,109.5117,Russian Federation,RUS,Definitely endangered,5.477122702365523,1,0,300000.0,5.477122702365523,50.8336,1,Asia,2,1,2
Kurru,300000.0,16.6151,81.6284,India,IND,Definitely endangered,5.477122702365523,1,0,300000.0,5.477122702365523,16.6151,0,Asia,16,1,2
Kuvi,300000.0,18.9478,83.5839,India,IND,Definitely endangered,5.477122702365523,1,0,300000.0,5.477122702365523,18.9478,0,Asia,24,1,2
Limbu,300000.0,27.096,87.7356,"India, Nepal","IND, NPL",Definitely endangered,5.477122702365523,2,1,150000.0,5.176094154342576,27.096,1,Asia,96,1,2
Moroccan Judeo-Arabic (Israel),300000.0,32.0476,34.7552,Israel,ISR,Definitely endangered,5.477122702365523,1,0,300000.0,5.477122702365523,32.0476,1,Africa,15,1,2
Plautdietsch,300000.0,47.0738,35.5545,Ukraine,UKR,Definitely endangered,5.477122702365523,1,0,300000.0,5.477122702365523,47.0738,1,Europe,9,1,2
Pontic Greek,300000.0,40.847,40.0149,"Armenia, Georgia, Greece, Russian Federation, Turkey, Ukraine","ARM, GEO, GRC, RUS, TUR, UKR",Definitely endangered,5.477122702365523,6,1,50000.0,4.698978690138799,40.847,1,Europe,22,1,2
"Quichua (Cotopaxi, Tungurahua and Chimborazo)",300000.0,-1.8673,-78.9257,Ecuador,ECU,Definitely endangered,5.477122702365523,1,0,300000.0,5.477122702365523,1.8673,0,South America,35,1,2
Waxiang,300000.0,28.5652,110.3576,China,CHN,Vulnerable,5.477122702365523,1,0,300000.0,5.477122702365523,28.5652,1,Asia,11,0,1
Oyrat,280000.0,46.195,88.7255,"China, Kyrgyzstan, Mongolia","CHN, KGZ, MNG",Definitely endangered,5.447159582391171,3,1,93333.33333333333,4.970041429752793,46.195,1,Asia,2,1,2
Garhwali,279500.0,30.0976,79.1235,India,IND,Vulnerable,5.446383366046073,1,0,279500.0,5.446383366046073,30.0976,1,Asia,47,0,1
Bade,250000.0,12.801,11.1181,Nigeria,NGA,Vulnerable,5.397941745846491,1,0,250000.0,5.397941745846491,12.801,0,Africa,26,0,1
Breton,250000.0,48.2246,-3.9331,France,FRA,Severely endangered,5.397941745846491,1,0,250000.0,5.397941745846491,48.2246,1,Europe,11,1,2
Gascon,250000.0,43.1811,-0.1428,"Spain, France","ESP, FRA",Definitely endangered,5.397941745846491,2,1,125000.0,5.096913487350014,43.1811,1,Europe,9,1,2
Phula (China),250000.0,22.6001,104.0004,China,CHN,Vulnerable,5.397941745846491,1,0,250000.0,5.397941745846491,22.6001,0,Asia,81,0,1
Sora,250000.0,19.1244,83.2104,India,IND,Vulnerable,5.397941745846491,1,0,250000.0,5.397941745846491,19.1244,0,Asia,24,0,1
Konyak,248000.0,26.9367,95.1745,India,IND,Vulnerable,5.3944534320101125,1,0,248000.0,5.3944534320101125,26.9367,1,Asia,128,0,1
Ao,243000.0,26.4361,94.6472,India,IND,Vulnerable,5.385608060814725,1,0,243000.0,5.385608060814725,26.4361,1,Asia,128,0,1
Tuvan,242754.0,51.7134,94.3945,"China, Mongolia, Russian Federation","CHN, MNG, RUS",Vulnerable,5.3851681837913565,3,1,80918.0,4.908050507104632,51.7134,1,Asia,8,0,1
Nafusi,240000.0,32.6393,13.4252,Libyan Arab Jamahiriya,LBY,Severely endangered,5.380213051268178,1,0,240000.0,5.380213051268178,32.6393,1,Africa,4,1,2
Suret,240000.0,36.4477,43.2971,"Armenia, Iran (Islamic Republic of), Iraq, Syrian Arab Republic, Turkey","ARM, IRN, IRQ, SYR, TUR",Definitely endangered,5.380213051268178,5,1,48000.0,4.681250285083047,36.4477,1,Europe,13,1,2
Malto,224926.0,23.7853,85.4736,India,IND,Definitely endangered,5.352041590816681,1,0,224926.0,5.352041590816681,23.7853,1,Asia,65,1,2
Khowar,222800.0,35.8667,71.7956,Pakistan,PAK,Vulnerable,5.347917135754417,1,0,222800.0,5.347917135754417,35.8667,1,Asia,47,0,1
Maiya,220000.0,35.3151,72.908,Pakistan,PAK,Vulnerable,5.342424654883547,1,0,220000.0,5.342424654883547,35.3151,1,Asia,52,0,1
Komi,217316.0,62.3087,51.5917,Russian Federation,RUS,Definitely endangered,5.337093701090017,1,0,217316.0,5.337093701090017,62.3087,2,Asia,2,1,2
Alpine Provençal,200000.0,44.7467,6.6796,"France, Italy","FRA, ITA",Definitely endangered,5.301032167130962,2,1,100000.0,5.000004342923105,44.7467,1,Europe,25,1,2
Gallo,200000.0,47.931,-2.0544,France,FRA,Severely endangered,5.301032167130962,1,0,200000.0,5.301032167130962,47.931,1,Europe,13,1,2
Gera,200000.0,10.5553,10.0579,Nigeria,NGA,Vulnerable,5.301032167130962,1,0,200000.0,5.301032167130962,10.5553,0,Africa,41,0,1
Irula,200000.0,11.4369,76.5032,India,IND,Vulnerable,5.301032167130962,1,0,200000.0,5.301032167130962,11.4369,0,Asia,11,0,1
Kharia,200000.0,21.8003,85.4956,India,IND,Vulnerable,5.301032167130962,1,0,200000.0,5.301032167130962,21.8003,0,Asia,25,0,1
Khorasani Turk,200000.0,36.6596,57.854,Iran (Islamic Republic of),IRN,Vulnerable,5.301032167130962,1,0,200000.0,5.301032167130962,36.6596,1,Asia,2,0,1
Korku,200000.0,20.3034,80.2441,India,IND,Vulnerable,5.301032167130962,1,0,200000.0,5.301032167130962,20.3034,0,Asia,20,0,1
Moksha,200000.0,54.1817,43.2751,Russian Federation,RUS,Definitely endangered,5.301032167130962,1,0,200000.0,5.301032167130962,54.1817,1,Europe,4,1,2
Western Armenian (Middle East),200000.0,33.884,35.5133,"Iraq, Lebanon, Syrian Arab Republic","IRQ, LBN, SYR",Definitely endangered,5.301032167130962,3,1,66666.66666666667,4.82391525531269,33.884,1,Africa,15,1,2
Western Cham,200000.0,12.0333,105.4333,Cambodia,KHM,Vulnerable,5.301032167130962,1,0,200000.0,5.301032167130962,12.0333,0,Asia,29,0,1
Tshangla,193000.0,27.1275,91.9335,"Bhutan, China, India","BTN, CHN, IND",Vulnerable,5.2855595592324205,3,1,64333.333333333336,4.808442804927074,27.1275,1,Asia,144,0,1
Thado,191000.0,24.4521,93.2354,India,IND,Vulnerable,5.281035641034874,1,0,191000.0,5.281035641034874,24.4521,1,Asia,125,0,1
Gagauz (Bessarabia),180000.0,46.0922,28.7951,"Republic of Moldova, Ukraine","MDA, UKR",Definitely endangered,5.2552749178437255,2,1,90000.0,4.95424733490676,46.0922,1,Europe,14,1,2
Kului,170770.0,31.4403,77.1487,India,IND,Definitely endangered,5.232414121567829,1,0,170770.0,5.232414121567829,31.4403,1,Asia,41,1,2
Adi,170000.0,28.3527,95.2294,"China, India","CHN, IND",Vulnerable,5.230451476044183,2,1,85000.0,4.929424035031084,28.3527,1,Asia,116,0,1
Lhota,170000.0,26.1603,94.3725,India,IND,Vulnerable,5.230451476044183,1,0,170000.0,5.230451476044183,26.1603,1,Asia,132,0,1
Nyishi,170000.0,27.5277,93.0981,India,IND,Vulnerable,5.230451476044183,1,0,170000.0,5.230451476044183,27.5277,1,Asia,123,0,1
Ngäbere (Panama),169130.0,9.3395,-82.2428,Panama,PAN,Vulnerable,5.228223216675423,1,0,169130.0,5.228223216675423,9.3395,0,South America,21,0,1
Kodagu,166187.0,11.6952,75.9375,India,IND,Definitely endangered,5.220599661313712,1,0,166187.0,5.220599661313712,11.6952,0,Asia,11,1,2
Corsican,160000.0,42.0819,9.0307,"France, Italy","FRA, ITA",Definitely endangered,5.204122696987954,2,1,80000.0,4.903095415639038,42.0819,1,Europe,18,1,2
Dzongkha,160000.0,27.44,89.6731,Bhutan,BTN,Vulnerable,5.204122696987954,1,0,160000.0,5.204122696987954,27.44,1,Asia,112,0,1
Kalmyk,153602.0,46.2026,45.8239,Russian Federation,RUS,Definitely endangered,5.186399697926759,1,0,153602.0,5.186399697926759,46.2026,1,Asia,34,1,2
Lak,153373.0,42.0125,47.2521,Russian Federation,RUS,Vulnerable,5.185751744139965,1,0,153373.0,5.185751744139965,42.0125,1,Asia,49,0,1
Asturian-Leonese,150000.0,42.7954,-5.6689,"Spain, Portugal","ESP, PRT",Definitely endangered,5.176094154342576,2,1,75000.0,4.8750670539461884,42.7954,1,Europe,5,1,2
Latgalian,150000.0,56.1822,27.1362,"Latvia, Russian Federation","LVA, RUS",Vulnerable,5.176094154342576,2,1,75000.0,4.8750670539461884,56.1822,2,Europe,10,0,1
Provençal,150000.0,43.5485,6.1083,France,FRA,Severely endangered,5.176094154342576,1,0,150000.0,5.176094154342576,43.5485,1,Europe,21,1,2
Rabha,150000.0,25.9284,90.9777,India,IND,Vulnerable,5.176094154342576,1,0,150000.0,5.176094154342576,25.9284,1,Asia,148,0,1
Tamzabit,150000.0,32.4816,3.6694,Algeria,DZA,Vulnerable,5.176094154342576,1,0,150000.0,5.176094154342576,32.4816,1,Africa,7,0,1
Sherpa,143693.0,27.739,86.839,"China, India, Nepal","CHN, IND, NPL",Vulnerable,5.1574386343743575,3,1,47897.666666666664,4.680323424325447,27.739,1,Asia,87,0,1
Tangkhul,142000.0,25.0358,94.4824,India,IND,Vulnerable,5.152291402784132,1,0,142000.0,5.152291402784132,25.0358,1,Asia,136,0,1
Q'aanjob'al,139830.0,15.6019,-91.4441,Guatemala,GTM,Vulnerable,5.145603463516004,1,0,139830.0,5.145603463516004,15.6019,0,North America,64,0,1
Badaga,134514.0,11.3642,76.5266,India,IND,Definitely endangered,5.128770715966666,1,0,134514.0,5.128770715966666,11.3642,0,Asia,11,1,2
Angami,132000.0,25.7553,94.1308,India,IND,Vulnerable,5.1205772213030984,1,0,132000.0,5.1205772213030984,25.7553,1,Asia,134,0,1
Laz,130000.0,41.2736,41.2646,"Georgia, Turkey","GEO, TUR",Definitely endangered,5.113946693020772,2,1,65000.0,4.812920038045028,41.2736,1,Europe,44,1,2
Tabasaran,128391.0,41.8081,47.9882,Russian Federation,RUS,Vulnerable,5.10853796404362,1,0,128391.0,5.10853796404362,41.8081,1,Asia,44,0,1
Chambeali,126589.0,32.9072,76.5307,India,IND,Definitely endangered,5.102399399864983,1,0,126589.0,5.102399399864983,32.9072,1,Asia,47,1,2
Abkhaz,125000.0,43.133,40.8471,"Georgia, Russian Federation, Turkey","GEO, RUS, TUR",Vulnerable,5.096913487350014,3,1,41666.666666666664,4.619799181230885,43.133,1,Europe,36,0,1
Phom,123000.0,26.7799,94.9493,India,IND,Vulnerable,5.089908642274492,1,0,123000.0,5.089908642274492,26.7799,1,Asia,129,0,1
Kolami,121855.0,20.5093,78.1787,India,IND,Definitely endangered,5.085846918032343,1,0,121855.0,5.085846918032343,20.5093,0,Asia,8,1,2
Navajo,120000.0,35.8044,-108.475,United States of America,USA,Vulnerable,5.079184865153228,1,0,120000.0,5.079184865153228,35.8044,1,North America,25,0,1
Sassarese,120000.0,40.6139,8.6132,Italy,ITA,Definitely endangered,5.079184865153228,1,0,120000.0,5.079184865153228,40.6139,1,Europe,10,1,2
Tamahaq (Algeria),120000.0,22.8369,5.5371,Algeria,DZA,Vulnerable,5.079184865153228,1,0,120000.0,5.079184865153228,22.8369,0,Africa,0,0,1
Konda,118597.0,18.2763,82.9385,India,IND,Definitely endangered,5.074077365282143,1,0,118597.0,5.074077365282143,18.2763,0,Asia,21,1,2
Sierra Totonac,118367.0,20.2461,-97.6586,Mexico,MEX,Severely endangered,5.0732343096353,1,0,118367.0,5.0732343096353,20.2461,0,North America,99,1,2
Jaunsari,114733.0,30.4859,78.0908,India,IND,Definitely endangered,5.059692134765314,1,0,114733.0,5.059692134765314,30.4859,1,Asia,40,1,2
Dimasa,112000.0,24.7368,92.9003,India,IND,Vulnerable,5.049221900282173,1,0,112000.0,5.049221900282173,24.7368,1,Asia,125,0,1
Ladakhi,105000.0,34.0617,77.5909,"China, India","CHN, IND",Vulnerable,5.021193435188165,2,1,52500.0,4.72016757560302,34.0617,1,Asia,44,0,1
Salar,104503.0,36.2752,102.4584,China,CHN,Vulnerable,5.019132913841149,1,0,104503.0,5.019132913841149,36.2752,1,Asia,13,0,1
Simi,104000.0,25.9777,94.5922,India,IND,Vulnerable,5.017037515187184,1,0,104000.0,5.017037515187184,25.9777,1,Asia,132,0,1
Phurhepecha,102988.0,19.3111,-102.041,Mexico,MEX,Vulnerable,5.0127908412642554,1,0,102988.0,5.0127908412642554,19.3111,0,North America,44,0,1
Crimean Tatar (Crimea),100000.0,45.3212,34.3212,Ukraine,UKR,Severely endangered,5.000004342923105,1,0,100000.0,5.000004342923105,45.3212,1,Europe,12,1,2
Dagur (Nonni),100000.0,47.9163,124.1235,China,CHN,Definitely endangered,5.000004342923105,1,0,100000.0,5.000004342923105,47.9163,1,Asia,10,1,2
Francoprovençal,100000.0,45.7828,6.9982,"France, Italy, Switzerland","FRA, ITA, CHE",Definitely endangered,5.000004342923105,3,1,33333.333333333336,4.522891773919366,45.7828,1,Europe,26,1,2
Gallurese,100000.0,40.8802,9.4482,Italy,ITA,Definitely endangered,5.000004342923105,1,0,100000.0,5.000004342923105,40.8802,1,Europe,15,1,2
Mapuche (Argentina),100000.0,-40.0791,-71.0156,Argentina,ARG,Severely endangered,5.000004342923105,1,0,100000.0,5.000004342923105,40.0791,1,South America,3,1,2
Mehri,100000.0,16.5993,52.8057,"Oman, Yemen","OMN, YEM",Definitely endangered,5.000004342923105,2,1,50000.0,4.698978690138799,16.5993,0,Africa,4,1,2
Miskito (Nicaragua),100000.0,12.4001,-83.7332,Nicaragua,NIC,Vulnerable,5.000004342923105,1,0,100000.0,5.000004342923105,12.4001,0,South America,29,0,1
Ordos,100000.0,39.1641,108.1054,China,CHN,Definitely endangered,5.000004342923105,1,0,100000.0,5.000004342923105,39.1641,1,Asia,0,1,2
Quechua of Northern Bolivia,100000.0,-15.3649,-69.0518,Bolivia (Plurinational State of),BOL,Vulnerable,5.000004342923105,1,0,100000.0,5.000004342923105,15.3649,0,South America,26,0,1
Suba,100000.0,-0.9942,34.519,"Kenya, United Republic of Tanzania","KEN, TZA",Vulnerable,5.000004342923105,2,1,50000.0,4.698978690138799,0.9942,0,Africa,13,0,1
Garífuna (Honduras),98000.0,15.6754,-88.1476,Honduras,HND,Vulnerable,4.991230507246231,1,0,98000.0,4.991230507246231,15.6754,0,North America,50,0,1
Embera (Colombia),95000.0,6.1624,-76.8383,Colombia,COL,Vulnerable,4.977728176785649,1,0,95000.0,4.977728176785649,6.1624,0,South America,11,0,1
Kabui,95000.0,24.7218,93.6584,India,IND,Vulnerable,4.977728176785649,1,0,95000.0,4.977728176785649,24.7218,1,Asia,132,0,1
Shughni,95000.0,37.4879,71.5374,"Tajikistan, Afghanistan","TJK, AFG",Vulnerable,4.977728176785649,2,1,47500.0,4.67670275257035,37.4879,1,Asia,41,0,1
Permyak,94328.0,59.204,54.5361,Russian Federation,RUS,Definitely endangered,4.974645230423203,1,0,94328.0,4.974645230423203,59.204,2,Asia,5,1,2
Poqomchi',92941.0,15.3757,-90.4288,Guatemala,GTM,Vulnerable,4.968212013738054,1,0,92941.0,4.968212013738054,15.3757,0,North America,55,0,1
Yimchungru,92000.0,25.9629,94.9713,India,IND,Vulnerable,4.963792547912095,1,0,92000.0,4.963792547912095,25.9629,1,Asia,132,0,1
Nogay (Caucasus),90020.0,43.8028,46.2744,Russian Federation,RUS,Definitely endangered,4.954343832997814,1,0,90020.0,4.954343832997814,43.8028,1,Asia,50,1,2
Heiban,90000.0,10.8575,30.2371,Sudan,SDN,Vulnerable,4.95424733490676,1,0,90000.0,4.95424733490676,10.8575,0,Africa,45,0,1
Quichua (Cañar and Azuay),90000.0,-2.6577,-78.8378,Ecuador,ECU,Severely endangered,4.95424733490676,1,0,90000.0,4.95424733490676,2.6577,0,South America,39,1,2
Mezquital Otomí,88789.0,20.4831,-99.217,Mexico,MEX,Definitely endangered,4.948364055988369,1,0,88789.0,4.948364055988369,20.4831,0,North America,84,1,2
Eastern Mazahua,88001.0,19.7129,-99.9515,Mexico,MEX,Definitely endangered,4.944492542367142,1,0,88001.0,4.944492542367142,19.7129,0,North America,87,1,2
Burushaski,87000.0,35.909,74.2153,Pakistan,PAK,Vulnerable,4.939524244480526,1,0,87000.0,4.939524244480526,35.909,1,Asia,52,0,1
Central Otomí,84593.0,19.4661,-99.5944,Mexico,MEX,Definitely endangered,4.927339560919652,1,0,84593.0,4.927339560919652,19.4661,0,North America,90,1,2
Chokri,84000.0,25.8691,94.7131,India,IND,Vulnerable,4.924284456203511,1,0,84000.0,4.924284456203511,25.8691,1,Asia,131,0,1
Sangtam,84000.0,26.6032,94.9603,India,IND,Vulnerable,4.924284456203511,1,0,84000.0,4.924284456203511,26.6032,1,Asia,129,0,1
Ixil (Guatemala),83574.0,15.4849,-91.0358,Guatemala,GTM,Vulnerable,4.922076385264607,1,0,83574.0,4.922076385264607,15.4849,0,North America,61,0,1
Achi',82640.0,15.0845,-90.4888,Guatemala,GTM,Vulnerable,4.917195563737294,1,0,82640.0,4.917195563737294,15.0845,0,North America,54,0,1
Yem,81613.0,7.6347,37.3205,Ethiopia,ETH,Vulnerable,4.91176466367086,1,0,81613.0,4.91176466367086,7.6347,0,Africa,34,0,1
Mao,81000.0,25.5027,94.2681,India,IND,Vulnerable,4.908490380505824,1,0,81000.0,4.908490380505824,25.5027,1,Asia,135,0,1
Arbëresh,80000.0,40.9321,14.8645,Italy,ITA,Definitely endangered,4.903095415639038,1,0,80000.0,4.903095415639038,40.9321,1,Europe,17,1,2
Lari,80000.0,27.8585,54.8547,Iran (Islamic Republic of),IRN,Definitely endangered,4.903095415639038,1,0,80000.0,4.903095415639038,27.8585,1,Africa,6,1,2
Páez,80000.0,2.8237,-76.3117,Colombia,COL,Definitely endangered,4.903095415639038,1,0,80000.0,4.903095415639038,2.8237,0,South America,26,1,2
Quechua of Santiago del Estero,80000.0,-26.7848,-63.6767,Argentina,ARG,Definitely endangered,4.903095415639038,1,0,80000.0,4.903095415639038,26.7848,1,South America,6,1,2
Svan,80000.0,43.0207,42.3193,Georgia,GEO,Definitely endangered,4.903095415639038,1,0,80000.0,4.903095415639038,43.0207,1,Europe,47,1,2
Tai Daeng,80000.0,19.8833,104.6166,"Lao People's Democratic Republic, Viet Nam","LAO, VNM",Vulnerable,4.903095415639038,2,1,40000.0,4.602070848554296,19.8833,0,Asia,64,0,1
Taznatit,80000.0,29.3413,0.3955,Algeria,DZA,Severely endangered,4.903095415639038,1,0,80000.0,4.903095415639038,29.3413,1,Africa,5,1,2
Razihi,75000.0,16.8834,43.2655,Yemen,YEM,Definitely endangered,4.8750670539461884,1,0,75000.0,4.8750670539461884,16.8834,0,Africa,1,1,2
Wakhi,75000.0,37.1603,74.9047,"China, Pakistan, Tajikistan, Afghanistan","CHN, PAK, TJK, AFG",Definitely endangered,4.8750670539461884,4,1,18750.0,4.273024433818464,37.1603,1,Asia,44,1,2
Bishnupriya Manipuri Creole,72899.0,24.297,92.4499,"Bangladesh, India","BGD, IND",Vulnerable,4.862727528317975,2,1,36449.5,4.561703490013434,24.297,1,Asia,114,0,1
Acheron,70000.0,10.809,30.2453,Sudan,SDN,Severely endangered,4.8451042441768255,1,0,70000.0,4.8451042441768255,10.809,0,Africa,45,1,2
Maori,70000.0,-38.4105,177.3632,New Zealand,NZL,Vulnerable,4.8451042441768255,1,0,70000.0,4.8451042441768255,38.4105,1,Oceania,0,0,1
Tai Neua,70000.0,20.5166,104.3166,Lao People's Democratic Republic,LAO,Vulnerable,4.8451042441768255,1,0,70000.0,4.8451042441768255,20.5166,0,Asia,71,0,1
Bhadravahi,66918.0,33.5413,76.333,"India, Pakistan","IND, PAK",Definitely endangered,4.825549442485713,2,1,33459.0,4.524525936626376,33.5413,1,Asia,50,1,2
Kinnauri,65097.0,31.541,78.3764,India,IND,Definitely endangered,4.81356764598284,1,0,65097.0,4.81356764598284,31.541,1,Asia,40,1,2
Gallo-Sicilian,65000.0,38.0167,14.5994,Italy,ITA,Definitely endangered,4.812920038045028,1,0,65000.0,4.812920038045028,38.0167,1,Europe,12,1,2
Kurux (Bangladesh),65000.0,25.8196,88.9672,Bangladesh,BGD,Vulnerable,4.812920038045028,1,0,65000.0,4.812920038045028,25.8196,1,Asia,109,0,1
Tz'utujil,63237.0,14.6394,-91.2301,Guatemala,GTM,Definitely endangered,4.800978126239632,1,0,63237.0,4.800978126239632,14.6394,0,North America,52,1,2
Chamorro,62500.0,13.4323,144.7338,Guam (U.S.A.),GUM,Vulnerable,4.795886966000197,1,0,62500.0,4.795886966000197,13.4323,0,Asia,0,0,1
Ashaninka (Peru),62468.0,-10.6929,-74.3444,Peru,PER,Vulnerable,4.795664553841684,1,0,62468.0,4.795664553841684,10.6929,0,South America,32,0,1
Chang,62000.0,26.2934,94.9493,India,IND,Vulnerable,4.792398694191473,1,0,62000.0,4.792398694191473,26.2934,1,Asia,130,0,1
Kuna (Panama),61703.0,9.5983,-79.6334,Panama,PAN,Vulnerable,4.790313318354467,1,0,61703.0,4.790313318354467,9.5983,0,South America,18,0,1
Churahi,61199.0,33.1835,76.5747,India,IND,Definitely endangered,4.786751422145561,1,0,61199.0,4.786751422145561,33.1835,1,Asia,46,1,2
Nruanghmei,61000.0,24.9661,93.5375,India,IND,Vulnerable,4.785336954534081,1,0,61000.0,4.785336954534081,24.9661,1,Asia,135,0,1
Rengma,61000.0,25.958,94.2462,India,IND,Vulnerable,4.785336954534081,1,0,61000.0,4.785336954534081,25.958,1,Asia,132,0,1
Faroese,60000.0,62.0112,-6.7785,Faroe Islands,FRO,Vulnerable,4.77815848856469,1,0,60000.0,4.77815848856469,62.0112,2,Europe,2,0,1
Northern Tujia,60000.0,28.828,109.5904,China,CHN,Severely endangered,4.77815848856469,1,0,60000.0,4.77815848856469,28.828,1,Asia,12,1,2
Torwali,60000.0,35.5833,72.5,Pakistan,PAK,Definitely endangered,4.77815848856469,1,0,60000.0,4.77815848856469,35.5833,1,Asia,52,1,2
Chuj (Guatemala),59048.0,15.8259,-91.4783,Guatemala,GTM,Vulnerable,4.771212547196624,1,0,59048.0,4.771212547196624,15.8259,0,North America,64,0,1
Kachari,59000.0,25.2844,93.2189,India,IND,Definitely endangered,4.770859372503186,1,0,59000.0,4.770859372503186,25.2844,1,Asia,132,1,2
Scottish Gaelic,58552.0,58.1011,-6.7675,United Kingdom of Great Britain and Northern Ireland,GBR,Definitely endangered,4.76754915133098,1,0,58552.0,4.76754915133098,58.1011,2,Europe,4,1,2
Sierra de Puebla Náhuatl,57189.0,19.6223,-97.8149,Mexico,MEX,Definitely endangered,4.757320096546672,1,0,57189.0,4.757320096546672,19.6223,0,North America,103,1,2
Limonese Creole,55000.0,9.9916,-83.0316,Costa Rica,CRI,Definitely endangered,4.740370585685768,1,0,55000.0,4.740370585685768,9.9916,0,South America,23,1,2
Kashubian,53000.0,54.2267,18.1713,Poland,POL,Severely endangered,4.724284063758994,1,0,53000.0,4.724284063758994,54.2267,1,Europe,13,1,2
Khakas,52217.0,53.7746,90.3735,Russian Federation,RUS,Definitely endangered,4.71782023390597,1,0,52217.0,4.71782023390597,53.7746,1,Asia,9,1,2
Parji,51216.0,18.5629,82.8039,India,IND,Critically endangered,4.709414136381479,1,0,51216.0,4.709414136381479,18.5629,0,Asia,22,1,3
Arvanitika,50000.0,38.1863,23.6096,Greece,GRC,Severely endangered,4.698978690138799,1,0,50000.0,4.698978690138799,38.1863,1,Europe,8,1,2
Buryat (Cis-Baikal),50000.0,52.7961,104.8809,Russian Federation,RUS,Severely endangered,4.698978690138799,1,0,50000.0,4.698978690138799,52.7961,1,Asia,5,1,2
Buryat (Manchuria),50000.0,49.8096,119.7509,"China, Mongolia","CHN, MNG",Definitely endangered,4.698978690138799,2,1,25000.0,4.397957380103888,49.8096,1,Asia,9,1,2
Cuona Menba,50000.0,26.8279,95.3623,"Bhutan, China, India","BTN, CHN, IND",Vulnerable,4.698978690138799,3,1,16666.666666666668,4.221874806503572,26.8279,1,Asia,126,0,1
Eastern Cham,50000.0,10.7833,108.0833,Viet Nam,VNM,Definitely endangered,4.698978690138799,1,0,50000.0,4.698978690138799,10.7833,0,Asia,16,1,2
Hmar,50000.0,24.577,93.3178,India,IND,Vulnerable,4.698978690138799,1,0,50000.0,4.698978690138799,24.577,1,Asia,130,0,1
Huzhu Monguor,50000.0,36.7608,102.4255,China,CHN,Severely endangered,4.698978690138799,1,0,50000.0,4.698978690138799,36.7608,1,Asia,13,1,2
Paite,50000.0,24.1968,93.3563,India,IND,Vulnerable,4.698978690138799,1,0,50000.0,4.698978690138799,24.1968,1,Asia,119,0,1
Quichua (Imbabura),50000.0,0.1757,-78.2006,Ecuador,ECU,Definitely endangered,4.698978690138799,1,0,50000.0,4.698978690138799,0.1757,0,South America,37,1,2
Soqotri,50000.0,12.5331,53.767,Yemen,YEM,Severely endangered,4.698978690138799,1,0,50000.0,4.698978690138799,12.5331,0,Africa,2,1,2
Southern Altay,50000.0,51.069,86.5942,Russian Federation,RUS,Definitely endangered,4.698978690138799,1,0,50000.0,4.698978690138799,51.069,1,Asia,3,1,2
Transylvanian Saxon,50000.0,46.214,24.2413,Romania,ROU,Severely endangered,4.698978690138799,1,0,50000.0,4.698978690138799,46.214,1,Europe,15,1,2
Turoyo,50000.0,37.405,41.3745,"Syrian Arab Republic, Turkey","SYR, TUR",Severely endangered,4.698978690138799,2,1,25000.0,4.397957380103888,37.405,1,Europe,15,1,2
Võro-Seto,50000.0,57.8096,27.29,"Estonia, Russian Federation","EST, RUS",Definitely endangered,4.698978690138799,2,1,25000.0,4.397957380103888,57.8096,2,Europe,11,1,2
West Greenlandic,50000.0,64.1681,-51.7236,Greenland (Kingdom of Denmark),GRL,Vulnerable,4.698978690138799,1,0,50000.0,4.698978690138799,64.1681,2,North America,0,0,1
Western Armenian (Turkey),50000.0,41.0213,28.9324,Turkey,TUR,Definitely endangered,4.698978690138799,1,0,50000.0,4.698978690138799,41.0213,1,Europe,8,1,2
Zaramo,50000.0,-6.922,39.2409,United Republic of Tanzania,TZA,Definitely endangered,4.698978690138799,1,0,50000.0,4.698978690138799,6.922,0,Africa,11,1,2
Zenatiya,50000.0,35.5702,1.8099,Algeria,DZA,Critically endangered,4.698978690138799,1,0,50000.0,4.698978690138799,35.5702,1,Europe,8,1,3
Papantla Totonac,49748.0,20.4477,-97.32,Mexico,MEX,Definitely endangered,4.696784355456685,1,0,49748.0,4.696784355456685,20.4477,0,North America,99,1,2
Wancho,49000.0,26.9759,95.4656,India,IND,Vulnerable,4.690204943090767,1,0,49000.0,4.690204943090767,26.9759,1,Asia,124,0,1
Bhumji,47000.0,21.8003,86.8139,India,IND,Vulnerable,4.672107098145544,1,0,47000.0,4.672107098145544,21.8003,0,Asia,21,0,1
Cosung (China),47000.0,22.6833,102.6666,China,CHN,Definitely endangered,4.672107098145544,1,0,47000.0,4.672107098145544,22.6833,0,Asia,77,1,2
Cosung (Viet Nam),47000.0,22.6166,102.75,Viet Nam,VNM,Definitely endangered,4.672107098145544,1,0,47000.0,4.672107098145544,22.6166,0,Asia,77,1,2
Baheng (China),45000.0,26.19,110.24,China,CHN,Vulnerable,4.653222164656599,1,0,45000.0,4.653222164656599,26.19,1,Asia,17,0,1
Lumun,45000.0,10.8387,30.0338,Sudan,SDN,Definitely endangered,4.653222164656599,1,0,45000.0,4.653222164656599,10.8387,0,Africa,43,1,2
Quichua (Loja),45000.0,-3.6236,-79.2388,Ecuador,ECU,Severely endangered,4.653222164656599,1,0,45000.0,4.653222164656599,3.6236,0,South America,30,1,2
Chamling,44093.0,27.0499,86.7329,Nepal,NPL,Definitely endangered,4.644379497763291,1,0,44093.0,4.644379497763291,27.0499,1,Asia,87,1,2
Irish,44000.0,53.7876,-9.1845,"Ireland, United Kingdom of Great Britain and Northern Ireland","IRL, GBR",Definitely endangered,4.6434625467031605,2,1,22000.0,4.342442421031837,53.7876,1,Europe,5,1,2
Reshe,44000.0,10.8791,4.6115,Nigeria,NGA,Vulnerable,4.6434625467031605,1,0,44000.0,4.6434625467031605,10.8791,0,Africa,7,0,1
Sierra Otomí,43468.0,20.1021,-97.622,Mexico,MEX,Vulnerable,4.638179649404609,1,0,43468.0,4.638179649404609,20.1021,0,North America,100,0,1
Phuthi,43000.0,-29.3791,28.2838,Lesotho,LSO,Definitely endangered,4.63347855533382,1,0,43000.0,4.63347855533382,29.3791,1,Africa,5,1,2
Rarotongan,43000.0,-21.2343,-159.7837,Cook Islands,COK,Vulnerable,4.63347855533382,1,0,43000.0,4.63347855533382,21.2343,0,Other,0,0,1
Khalaj,42100.0,34.3751,50.3063,Iran (Islamic Republic of),IRN,Vulnerable,4.624292411496573,1,0,42100.0,4.624292411496573,34.3751,1,Africa,15,0,1
Dungan,41000.0,42.4518,78.4643,"Kazakhstan, Kyrgyzstan","KAZ, KGZ",Definitely endangered,4.6127944491388995,2,1,20500.0,4.3117750456357395,42.4518,1,Asia,2,1,2
Kheza,41000.0,25.6811,94.367,India,IND,Vulnerable,4.6127944491388995,1,0,41000.0,4.6127944491388995,25.6811,1,Asia,134,0,1
Jola-Kassa,40850.0,13.1089,-15.8999,Senegal,SEN,Vulnerable,4.611202692182174,1,0,40850.0,4.611202692182174,13.1089,0,Africa,23,0,1
Satār,40260.0,26.5541,87.918,Nepal,NPL,Vulnerable,4.604884557663624,1,0,40260.0,4.604884557663624,26.5541,1,Asia,99,0,1
Guaraní Boliviano,40000.0,-20.1694,-63.8525,"Argentina, Bolivia (Plurinational State of)","ARG, BOL",Vulnerable,4.602070848554296,2,1,20000.0,4.301051709845226,20.1694,0,South America,12,0,1
Gutob,40000.0,18.7086,83.5839,India,IND,Vulnerable,4.602070848554296,1,0,40000.0,4.602070848554296,18.7086,0,Asia,24,0,1
Kheng,40000.0,27.0786,91.0272,Bhutan,BTN,Vulnerable,4.602070848554296,1,0,40000.0,4.602070848554296,27.0786,1,Asia,153,0,1
Laro,40000.0,10.7685,29.902,Sudan,SDN,Definitely endangered,4.602070848554296,1,0,40000.0,4.602070848554296,10.7685,0,Africa,43,1,2
Minyong,40000.0,28.2632,95.0537,India,IND,Vulnerable,4.602070848554296,1,0,40000.0,4.602070848554296,28.2632,1,Asia,117,0,1
Mru,40000.0,21.7748,92.2741,Myanmar,MMR,Severely endangered,4.602070848554296,1,0,40000.0,4.602070848554296,21.7748,0,Asia,55,1,2
Patani Malay,40000.0,6.6482,100.0387,Thailand,THA,Vulnerable,4.602070848554296,1,0,40000.0,4.602070848554296,6.6482,0,Asia,20,0,1
"Quechua of Cajatambo, Pasco and northern Junín",40000.0,-10.6147,-76.506,Peru,PER,Severely endangered,4.602070848554296,1,0,40000.0,4.602070848554296,10.6147,0,South America,24,1,2
Quichua (Napo),40000.0,-0.6371,-77.1459,Ecuador,ECU,Definitely endangered,4.602070848554296,1,0,40000.0,4.602070848554296,0.6371,0,South America,40,1,2
Tangsa,40000.0,27.4059,96.427,India,IND,Vulnerable,4.602070848554296,1,0,40000.0,4.602070848554296,27.4059,1,Asia,114,0,1
Tetserret,40000.0,15.4907,6.2072,Niger,NER,Severely endangered,4.602070848554296,1,0,40000.0,4.602070848554296,15.4907,0,Africa,1,1,2
Awajun,39000.0,-4.3464,-77.8271,Peru,PER,Vulnerable,4.591075742639682,1,0,39000.0,4.591075742639682,4.3464,0,South America,36,0,1
Khiamngan,38000.0,26.0518,95.1031,India,IND,Vulnerable,4.579795025268589,1,0,38000.0,4.579795025268589,26.0518,1,Asia,133,0,1
Ngile,38000.0,10.7901,29.8635,Sudan,SDN,Severely endangered,4.579795025268589,1,0,38000.0,4.579795025268589,10.7901,0,Africa,42,1,2
Phunoi,37311.0,21.6833,102.1,Lao People's Democratic Republic,LAO,Vulnerable,4.571848528742901,1,0,37311.0,4.571848528742901,21.6833,0,Asia,81,0,1
Lower Mixe,37000.0,16.9616,-95.093,Mexico,MEX,Vulnerable,4.568213461597081,1,0,37000.0,4.568213461597081,16.9616,0,North America,114,0,1
Maram,37000.0,25.185,93.9715,India,IND,Vulnerable,4.568213461597081,1,0,37000.0,4.568213461597081,25.185,1,Asia,132,0,1
Western Mari,36822.0,56.3317,46.5545,Russian Federation,RUS,Severely endangered,4.566119167936892,1,0,36822.0,4.566119167936892,56.3317,2,Asia,5,1,2
Chepang,36807.0,27.7552,84.8144,Nepal,NPL,Vulnerable,4.56594222025674,1,0,36807.0,4.56594222025674,27.7552,1,Asia,75,0,1
Chontal Tabasco,36514.0,17.7607,-92.5936,Mexico,MEX,Severely endangered,4.5624713049774686,1,0,36514.0,4.5624713049774686,17.7607,0,North America,95,1,2
Muji,36500.0,23.6,102.7333,China,CHN,Definitely endangered,4.562304762772441,1,0,36500.0,4.562304762772441,23.6,1,Asia,77,1,2
Akatek (Guatemala),35763.0,15.5724,-91.4218,Guatemala,GTM,Vulnerable,4.553446086208255,1,0,35763.0,4.553446086208255,15.5724,0,North America,64,0,1
Huichol,35724.0,22.65,-103.5833,Mexico,MEX,Vulnerable,4.552972237463008,1,0,35724.0,4.552972237463008,22.65,0,North America,12,0,1
Romansh,35095.0,46.5777,9.6954,Switzerland,CHE,Definitely endangered,4.545257621396889,1,0,35095.0,4.545257621396889,46.5777,1,Europe,27,1,2
Apatani,35000.0,27.5228,93.8177,India,IND,Vulnerable,4.544080452586785,1,0,35000.0,4.544080452586785,27.5228,1,Asia,124,0,1
Galo,35000.0,28.1688,94.7433,India,IND,Vulnerable,4.544080452586785,1,0,35000.0,4.544080452586785,28.1688,1,Asia,117,0,1
Korwa,35000.0,22.4922,84.1552,India,IND,Vulnerable,4.544080452586785,1,0,35000.0,4.544080452586785,22.4922,0,Asia,26,0,1
Shuar chicham,35000.0,-2.8826,-78.0303,Ecuador,ECU,Definitely endangered,4.544080452586785,1,0,35000.0,4.544080452586785,2.8826,0,South America,45,1,2
Ticuna,35000.0,-4.3464,-70.0048,"Brazil, Colombia, Peru","BRA, COL, PER",Definitely endangered,4.544080452586785,3,1,11666.666666666666,4.066984013276643,4.3464,0,South America,40,1,2
Wanka Quechua,35000.0,-12.136,-75.2453,Peru,PER,Severely endangered,4.544080452586785,1,0,35000.0,4.544080452586785,12.136,0,South America,22,1,2
Sikuani,34614.0,3.4256,-68.8183,"Colombia, Venezuela (Bolivarian Republic of)","COL, VEN",Vulnerable,4.539264335947455,2,1,17307.0,4.238246886526687,3.4256,0,South America,65,0,1
Jakaltek (Guatemala),34038.0,15.6685,-91.7111,Guatemala,GTM,Definitely endangered,4.531976792867861,1,0,34038.0,4.531976792867861,15.6685,0,North America,65,1,2
Liangmai,34000.0,25.2794,93.6694,India,IND,Vulnerable,4.53149169022153,1,0,34000.0,4.53149169022153,25.2794,1,Asia,135,0,1
Zeme,34000.0,25.5027,93.5595,India,IND,Vulnerable,4.53149169022153,1,0,34000.0,4.53149169022153,25.5027,1,Asia,135,0,1
Highland Mazatec,33859.0,18.1307,-96.8436,Mexico,MEX,Vulnerable,4.5296869537729165,1,0,33859.0,4.5296869537729165,18.1307,0,North America,109,0,1
Thangmi,33500.0,27.6969,86.0057,Nepal,NPL,Definitely endangered,4.5250577708577415,1,0,33500.0,4.5250577708577415,27.6969,1,Asia,80,1,2
Nocte,33000.0,27.1618,95.7952,India,IND,Vulnerable,4.518527100117336,1,0,33000.0,4.518527100117336,27.1618,1,Asia,120,0,1
Mayo,32869.0,26.9114,-109.6271,Mexico,MEX,Critically endangered,4.516799704081625,1,0,32869.0,4.516799704081625,26.9114,1,North America,10,1,3
Lauje,32000.0,-0.4531,119.9816,Indonesia,IDN,Vulnerable,4.505163549810412,1,0,32000.0,4.505163549810412,0.4531,0,Oceania,32,0,1
Danuwar,31849.0,26.9661,86.3223,Nepal,NPL,Severely endangered,4.5031094366713695,1,0,31849.0,4.5031094366713695,26.9661,1,Asia,85,1,2
Sirmaudi,31144.0,30.9823,77.1569,India,IND,Critically endangered,4.49338833521016,1,0,31144.0,4.49338833521016,30.9823,1,Asia,40,1,3
Abaza,31000.0,44.1556,41.9368,"Russian Federation, Turkey","RUS, TUR",Definitely endangered,4.491375703107734,2,1,15500.0,4.190359716265324,44.1556,1,Europe,41,1,2
Koch,31000.0,25.7603,90.3955,India,IND,Definitely endangered,4.491375703107734,1,0,31000.0,4.491375703107734,25.7603,1,Asia,141,1,2
Amis,30000.0,23.4456,121.4483,China,CHN,Vulnerable,4.477135730961123,1,0,30000.0,4.477135730961123,23.4456,0,Asia,26,0,1
Biak,30000.0,-0.3076,131.2207,Indonesia,IDN,Vulnerable,4.477135730961123,1,0,30000.0,4.477135730961123,0.3076,0,Oceania,35,0,1
Bumthang,30000.0,27.492,90.7159,Bhutan,BTN,Vulnerable,4.477135730961123,1,0,30000.0,4.477135730961123,27.492,1,Asia,148,0,1
Burgenland Croatian,30000.0,47.8435,16.5179,"Austria, Hungary, Slovakia","AUT, HUN, SVK",Definitely endangered,4.477135730961123,3,1,10000.0,4.000043427276863,47.8435,1,Europe,24,1,2
Dzhidi,30000.0,33.5139,48.0102,Iran (Islamic Republic of),IRN,Definitely endangered,4.477135730961123,1,0,30000.0,4.477135730961123,33.5139,1,Africa,13,1,2
Judeo-Berber (Israel),30000.0,31.6767,34.5684,Israel,ISR,Severely endangered,4.477135730961123,1,0,30000.0,4.477135730961123,31.6767,1,Africa,15,1,2
Kham,30000.0,28.4321,82.9635,Nepal,NPL,Definitely endangered,4.477135730961123,1,0,30000.0,4.477135730961123,28.4321,1,Asia,73,1,2
Ladin,30000.0,46.5531,11.8597,Italy,ITA,Definitely endangered,4.477135730961123,1,0,30000.0,4.477135730961123,46.5531,1,Europe,25,1,2
Lepcha,30000.0,27.1153,88.4687,"Bhutan, India, Nepal","BTN, IND, NPL",Definitely endangered,4.477135730961123,3,1,10000.0,4.000043427276863,27.1153,1,Asia,100,1,2
Maonan,30000.0,24.8341,107.577,China,CHN,Vulnerable,4.477135730961123,1,0,30000.0,4.477135730961123,24.8341,1,Asia,40,0,1
"Mok (Myanmar, Thailand)",30000.0,21.7333,99.7666,"Myanmar, Thailand","MMR, THA",Definitely endangered,4.477135730961123,2,1,15000.0,4.1761202110560856,21.7333,0,Asia,61,1,2
Moro,30000.0,10.8872,30.1904,Sudan,SDN,Definitely endangered,4.477135730961123,1,0,30000.0,4.477135730961123,10.8872,0,Africa,43,1,2
Mulam,30000.0,24.6341,108.2895,China,CHN,Vulnerable,4.477135730961123,1,0,30000.0,4.477135730961123,24.6341,1,Asia,36,0,1
North Saami,30000.0,68.9099,22.9394,"Finland, Norway, Russian Federation, Sweden","FIN, NOR, RUS, SWE",Definitely endangered,4.477135730961123,4,1,7500.0,3.8751191654625683,68.9099,2,Europe,7,1,2
Quechua of Cajamarca,30000.0,-7.1772,-78.673,Peru,PER,Severely endangered,4.477135730961123,1,0,30000.0,4.477135730961123,7.1772,0,South America,23,1,2
Quichua (Pastaza),30000.0,-1.7575,-76.8603,Ecuador,ECU,Definitely endangered,4.477135730961123,1,0,30000.0,4.477135730961123,1.7575,0,South America,48,1,2
Rushani,30000.0,37.8705,71.5979,"Tajikistan, Afghanistan","TJK, AFG",Definitely endangered,4.477135730961123,2,1,15000.0,4.1761202110560856,37.8705,1,Asia,40,1,2
Tagin,30000.0,28.038,94.2022,India,IND,Vulnerable,4.477135730961123,1,0,30000.0,4.477135730961123,28.038,1,Asia,122,0,1
Tialo,30000.0,0.4888,120.8935,Indonesia,IDN,Vulnerable,4.477135730961123,1,0,30000.0,4.477135730961123,0.4888,0,Asia,33,0,1
Tidikelt,30000.0,26.8828,2.5488,Algeria,DZA,Critically endangered,4.477135730961123,1,0,30000.0,4.477135730961123,26.8828,1,Africa,2,1,3
Toba,30000.0,-25.958,-59.0625,Argentina,ARG,Definitely endangered,4.477135730961123,1,0,30000.0,4.477135730961123,25.958,1,South America,16,1,2
Tundra Nenets,30000.0,67.5001,67.7856,Russian Federation,RUS,Definitely endangered,4.477135730961123,1,0,30000.0,4.477135730961123,67.5001,2,Asia,1,1,2
Vojvodina Rusyn,30000.0,45.6351,19.1903,"Croatia, Serbia","HRV, SRB",Definitely endangered,4.477135730961123,2,1,15000.0,4.1761202110560856,45.6351,1,Europe,18,1,2
Wuse,30000.0,24.878,109.1053,China,CHN,Vulnerable,4.477135730961123,1,0,30000.0,4.477135730961123,24.878,1,Asia,32,0,1
Agul,29399.0,41.7518,47.6875,Russian Federation,RUS,Definitely endangered,4.468347330412158,1,0,29399.0,4.468347330412158,41.7518,1,Asia,46,1,2
Rutul,29383.0,41.5332,47.3181,"Azerbaijan, Russian Federation","AZE, RUS",Definitely endangered,4.468110915337237,2,1,14691.5,4.1670956993864365,41.5332,1,Asia,47,1,2
Bateri,29000.0,34.9073,72.8675,Pakistan,PAK,Definitely endangered,4.46241297331255,1,0,29000.0,4.46241297331255,34.9073,1,Asia,54,1,2
Mzieme,29000.0,25.6019,93.8891,India,IND,Vulnerable,4.46241297331255,1,0,29000.0,4.46241297331255,25.6019,1,Asia,136,0,1
Ghale,28989.0,28.2501,84.718,Nepal,NPL,Vulnerable,4.462248215354998,1,0,28989.0,4.462248215354998,28.2501,1,Asia,75,0,1
Sierra Popoluca,28700.0,18.245,-94.76,Mexico,MEX,Vulnerable,4.457897028682284,1,0,28700.0,4.457897028682284,18.245,0,North America,114,0,1
Kurux (Nepal),28615.0,26.6032,87.2259,Nepal,NPL,Vulnerable,4.4566089271409135,1,0,28615.0,4.4566089271409135,26.6032,1,Asia,92,0,1
Deori,28000.0,27.1911,94.1528,India,IND,Definitely endangered,4.447173541582463,1,0,28000.0,4.447173541582463,27.1911,1,Asia,128,1,2
Soyaltepec Mazatec,27524.0,18.2499,-96.3995,Mexico,MEX,Vulnerable,4.439727327643789,1,0,27524.0,4.439727327643789,18.2499,0,North America,107,0,1
Western Mazahua,27037.0,19.4372,-100.3552,Mexico,MEX,Definitely endangered,4.4319745637086605,1,0,27037.0,4.4319745637086605,19.4372,0,North America,87,1,2
Sibe,27000.0,43.6599,81.3427,China,CHN,Severely endangered,4.431379848841936,1,0,27000.0,4.431379848841936,43.6599,1,Asia,4,1,2
Isthmus Náhuatl,26632.0,18.2209,-94.8382,Mexico,MEX,Vulnerable,4.425420089084946,1,0,26632.0,4.425420089084946,18.2209,0,North America,114,0,1
Sunwar,26611.0,27.3485,86.2337,Nepal,NPL,Vulnerable,4.425077514774012,1,0,26611.0,4.425077514774012,27.3485,1,Asia,84,0,1
Mancagne,26450.0,12.7743,-15.6967,Senegal,SEN,Vulnerable,4.422442095511937,1,0,26450.0,4.422442095511937,12.7743,0,Africa,24,0,1
Gadaba,26262.0,18.3858,82.7819,India,IND,Critically endangered,4.419344333673843,1,0,26262.0,4.419344333673843,18.3858,0,Asia,21,1,3
Banat Bulgarian,25000.0,45.4832,20.9069,"Romania, Serbia","ROU, SRB",Definitely endangered,4.397957380103888,2,1,12500.0,4.09694475517694,45.4832,1,Europe,15,1,2
Csángó Hungarian,25000.0,46.7925,27.1911,Romania,ROU,Severely endangered,4.397957380103888,1,0,25000.0,4.397957380103888,46.7925,1,Europe,12,1,2
Koda,25000.0,22.1263,87.0776,India,IND,Vulnerable,4.397957380103888,1,0,25000.0,4.397957380103888,22.1263,0,Asia,20,0,1
Minhe Monguor,25000.0,36.4919,102.6452,China,CHN,Definitely endangered,4.397957380103888,1,0,25000.0,4.397957380103888,36.4919,1,Asia,13,1,2
Miskito (Honduras),25000.0,15.3393,-84.6034,Honduras,HND,Vulnerable,4.397957380103888,1,0,25000.0,4.397957380103888,15.3393,0,North America,23,0,1
Olonetsian,25000.0,61.1273,32.8765,"Finland, Russian Federation","FIN, RUS",Definitely endangered,4.397957380103888,2,1,12500.0,4.09694475517694,61.1273,2,Europe,10,1,2
Saek,25000.0,19.3166,104.7833,"Lao People's Democratic Republic, Thailand","LAO, THA",Definitely endangered,4.397957380103888,2,1,12500.0,4.09694475517694,19.3166,0,Asia,65,1,2
Sioux,25000.0,43.0588,-102.5244,United States of America,USA,Vulnerable,4.397957380103888,1,0,25000.0,4.397957380103888,43.0588,1,North America,3,0,1
Tamazight (Beni Iznassen),25000.0,34.7506,-2.1917,Morocco,MAR,Definitely endangered,4.397957380103888,1,0,25000.0,4.397957380103888,34.7506,1,Africa,11,1,2
Tsakhur,25000.0,41.6523,46.9775,"Azerbaijan, Russian Federation","AZE, RUS",Definitely endangered,4.397957380103888,2,1,12500.0,4.09694475517694,41.6523,1,Asia,49,1,2
Warao,25000.0,8.6027,-61.3806,"Guyana, Venezuela (Bolivarian Republic of)","GUY, VEN",Definitely endangered,4.397957380103888,2,1,12500.0,4.09694475517694,8.6027,0,South America,9,1,2
Majhi,24664.0,27.9208,83.5082,Nepal,NPL,Severely endangered,4.39208111979816,1,0,24664.0,4.39208111979816,27.9208,1,Asia,75,1,2
Jone,24000.0,34.5947,103.5653,China,CHN,Definitely endangered,4.380229336938037,1,0,24000.0,4.380229336938037,34.5947,1,Asia,13,1,2
Andi,23729.0,42.7308,46.2963,Russian Federation,RUS,Definitely endangered,4.375297738217339,1,0,23729.0,4.375297738217339,42.7308,1,Asia,51,1,2
Guambiano,23462.0,2.6138,-76.3906,Colombia,COL,Definitely endangered,4.370383540607654,1,0,23462.0,4.370383540607654,2.6138,0,South America,28,1,2
Anal,23000.0,24.1517,93.9385,India,IND,Vulnerable,4.361746717975897,1,0,23000.0,4.361746717975897,24.1517,1,Asia,121,0,1
Hawrami,23000.0,35.4259,46.2551,"Iran (Islamic Republic of), Iraq","IRN, IRQ",Definitely endangered,4.361746717975897,2,1,11500.0,4.060735603449318,35.4259,1,Africa,17,1,2
Juang,23000.0,21.0742,85.6164,India,IND,Definitely endangered,4.361746717975897,1,0,23000.0,4.361746717975897,21.0742,0,Asia,25,1,2
Tiwa,23000.0,25.7801,92.5927,India,IND,Definitely endangered,4.361746717975897,1,0,23000.0,4.361746717975897,25.7801,1,Asia,130,1,2
Embera (Panama),22485.0,8.1179,-77.7429,Panama,PAN,Vulnerable,4.35191220632801,1,0,22485.0,4.35191220632801,8.1179,0,South America,8,0,1
Ediamat,22025.0,12.2621,-16.5289,Guinea-Bissau,GNB,Vulnerable,4.34293563488763,1,0,22025.0,4.34293563488763,12.2621,0,Africa,23,0,1
Mara,22000.0,23.5237,92.9003,India,IND,Definitely endangered,4.342442421031837,1,0,22000.0,4.342442421031837,23.5237,1,Asia,103,1,2
Maring,22000.0,24.6769,94.3835,India,IND,Vulnerable,4.342442421031837,1,0,22000.0,4.342442421031837,24.6769,1,Asia,134,0,1
Polci cluster,22000.0,9.9742,9.3328,Nigeria,NGA,Definitely endangered,4.342442421031837,1,0,22000.0,4.342442421031837,9.9742,0,Africa,39,1,2
Sarikoli,22000.0,37.9463,75.1272,China,CHN,Definitely endangered,4.342442421031837,1,0,22000.0,4.342442421031837,37.9463,1,Asia,37,1,2
Krongo,21688.0,10.585,29.8883,Sudan,SDN,Definitely endangered,4.336239528754922,1,0,21688.0,4.336239528754922,10.585,0,Africa,43,1,2
Ashtiani,21000.0,34.4861,51.0562,Iran (Islamic Republic of),IRN,Definitely endangered,4.3222399749311515,1,0,21000.0,4.3222399749311515,34.4861,1,Africa,15,1,2
Khunsari,21000.0,32.8795,51.6796,Iran (Islamic Republic of),IRN,Definitely endangered,4.3222399749311515,1,0,21000.0,4.3222399749311515,32.8795,1,Africa,15,1,2
Semnani,21000.0,34.8679,53.4924,Iran (Islamic Republic of),IRN,Definitely endangered,4.3222399749311515,1,0,21000.0,4.3222399749311515,34.8679,1,Africa,12,1,2
Plains Cree,20933.0,56.3544,-113.8345,Canada,CAN,Vulnerable,4.320852219831754,1,0,20933.0,4.320852219831754,56.3544,2,North America,2,0,1
Higher Reservoir Mazatec,20665.0,18.158,-96.7045,Mexico,MEX,Vulnerable,4.315256425053211,1,0,20665.0,4.315256425053211,18.158,0,North America,108,0,1
Chilchotla Mazatec,20585.0,18.2934,-96.7029,Mexico,MEX,Vulnerable,4.313571968439817,1,0,20585.0,4.313571968439817,18.2934,0,North America,109,0,1
"Zapotec of the Valleys, middle northwest",20448.0,17.05,-96.6333,Mexico,MEX,Definitely endangered,4.310672074930124,1,0,20448.0,4.310672074930124,17.05,0,North America,106,1,2
Aluo,20000.0,25.9368,102.1839,China,CHN,Definitely endangered,4.301051709845226,1,0,20000.0,4.301051709845226,25.9368,1,Asia,63,1,2
Bangni,20000.0,28.0331,93.0651,India,IND,Vulnerable,4.301051709845226,1,0,20000.0,4.301051709845226,28.0331,1,Asia,122,0,1
Bru,20000.0,15.3174,105.4938,Thailand,THA,Definitely endangered,4.301051709845226,1,0,20000.0,4.301051709845226,15.3174,0,Asia,44,1,2
Cho-ca-nga-ca-kha,20000.0,27.4107,91.2277,Bhutan,BTN,Definitely endangered,4.301051709845226,1,0,20000.0,4.301051709845226,27.4107,1,Asia,152,1,2
Crimean Tatar (Dobruja),20000.0,43.9414,28.3062,"Bulgaria, Romania","BGR, ROU",Severely endangered,4.301051709845226,2,1,10000.0,4.000043427276863,43.9414,1,Europe,16,1,2
Dhimal,20000.0,26.6192,87.4635,Nepal,NPL,Severely endangered,4.301051709845226,1,0,20000.0,4.301051709845226,26.6192,1,Asia,92,1,2
Griko (Salento),20000.0,40.1578,18.2208,Italy,ITA,Severely endangered,4.301051709845226,1,0,20000.0,4.301051709845226,40.1578,1,Europe,14,1,2
Kaiowá Guarani,20000.0,-21.5812,-55.0759,Brazil,BRA,Vulnerable,4.301051709845226,1,0,20000.0,4.301051709845226,21.5812,0,South America,14,0,1
Karelian (Karelia),20000.0,63.0474,33.4616,"Finland, Russian Federation","FIN, RUS",Definitely endangered,4.301051709845226,2,1,10000.0,4.000043427276863,63.0474,2,Europe,7,1,2
Khoirao,20000.0,25.2198,94.1583,India,IND,Vulnerable,4.301051709845226,1,0,20000.0,4.301051709845226,25.2198,1,Asia,135,0,1
Manchad,20000.0,32.6578,77.5415,India,IND,Vulnerable,4.301051709845226,1,0,20000.0,4.301051709845226,32.6578,1,Asia,42,0,1
Mariupolitan Greek,20000.0,47.1364,37.5444,Ukraine,UKR,Severely endangered,4.301051709845226,1,0,20000.0,4.301051709845226,47.1364,1,Europe,12,1,2
Padam,20000.0,28.2463,95.3668,India,IND,Vulnerable,4.301051709845226,1,0,20000.0,4.301051709845226,28.2463,1,Asia,117,0,1
Pemon (Venezuela),20000.0,5.1347,-61.853,"Guyana, Venezuela (Bolivarian Republic of)","GUY, VEN",Vulnerable,4.301051709845226,2,1,10000.0,4.000043427276863,5.1347,0,South America,31,0,1
Tacenwit,20000.0,36.5703,2.2892,Algeria,DZA,Vulnerable,4.301051709845226,1,0,20000.0,4.301051709845226,36.5703,1,Europe,6,0,1
Tangwang,20000.0,35.7643,102.8979,China,CHN,Definitely endangered,4.301051709845226,1,0,20000.0,4.301051709845226,35.7643,1,Asia,12,1,2
Western Neo-Aramaic,20000.0,33.8339,36.5405,Syrian Arab Republic,SYR,Definitely endangered,4.301051709845226,1,0,20000.0,4.301051709845226,33.8339,1,Africa,15,1,2
Yaghnobi,20000.0,38.5632,68.4475,Tajikistan,TJK,Definitely endangered,4.301051709845226,1,0,20000.0,4.301051709845226,38.5632,1,Asia,29,1,2
Yaw,20000.0,21.6,94.8333,Myanmar,MMR,Definitely endangered,4.301051709845226,1,0,20000.0,4.301051709845226,21.6,0,Asia,64,1,2
Yeyi,20000.0,-19.4562,23.2031,Botswana,BWA,Definitely endangered,4.301051709845226,1,0,20000.0,4.301051709845226,19.4562,0,Africa,9,1,2
Boro,19878.0,10.3581,35.0024,Unknown,UNK,Definitely endangered,4.298394533712946,1,0,19878.0,4.298394533712946,10.3581,0,Africa,29,1,2
Sorbian,19500.0,51.5001,14.4744,Germany,DEU,Definitely endangered,4.290056882303365,1,0,19500.0,4.290056882303365,51.5001,1,Europe,14,1,2
Biete,19000.0,25.6514,93.2409,India,IND,Definitely endangered,4.278776457955645,1,0,19000.0,4.278776457955645,25.6514,1,Asia,131,1,2
Hrangkhol,19000.0,24.1467,92.3071,India,IND,Vulnerable,4.278776457955645,1,0,19000.0,4.278776457955645,24.1467,1,Asia,113,0,1
Terena,19000.0,-20.2841,-55.4638,Brazil,BRA,Severely endangered,4.278776457955645,1,0,19000.0,4.278776457955645,20.2841,0,South America,15,1,2
Kati,18700.0,35.3845,71.3177,"Pakistan, Afghanistan","PAK, AFG",Definitely endangered,4.271864830219395,2,1,9350.0,3.9708580569965024,35.3845,1,Asia,46,1,2
Kulung,18686.0,27.518,86.9375,Nepal,NPL,Vulnerable,4.271539585593803,1,0,18686.0,4.271539585593803,27.518,1,Asia,90,0,1
Kaingang,18500.0,-28.1495,-52.4707,Brazil,BRA,Definitely endangered,4.267195203145967,1,0,18500.0,4.267195203145967,28.1495,1,South America,4,1,2
Lowland Mazatec,18389.0,18.0801,-96.5236,Mexico,MEX,Vulnerable,4.264581729238078,1,0,18389.0,4.264581729238078,18.0801,0,North America,107,0,1
Vafsi,18000.0,34.0867,49.8861,Iran (Islamic Republic of),IRN,Definitely endangered,4.25529663190434,1,0,18000.0,4.25529663190434,34.0867,1,Africa,16,1,2
Bassari,17910.0,12.4419,-12.6617,Senegal,SEN,Vulnerable,4.253119833886887,1,0,17910.0,4.253119833886887,12.4419,0,Africa,23,0,1
Bayot,17150.0,12.4218,-16.4149,Senegal,SEN,Vulnerable,4.234289446933935,1,0,17150.0,4.234289446933935,12.4218,0,Africa,23,0,1
Pochuri,17000.0,25.6712,94.779,India,IND,Vulnerable,4.230474467361159,1,0,17000.0,4.230474467361159,25.6712,1,Asia,134,0,1
Tamahaq (Libya),17000.0,24.9611,10.1733,Libyan Arab Jamahiriya,LBY,Definitely endangered,4.230474467361159,1,0,17000.0,4.230474467361159,24.9611,1,Africa,0,1,2
Swampy Cree,16685.0,53.9849,-97.7626,Canada,CAN,Vulnerable,4.222352239247803,1,0,16685.0,4.222352239247803,53.9849,1,North America,6,0,1
Koraga,16665.0,11.6952,75.6738,India,IND,Critically endangered,4.221831377489635,1,0,16665.0,4.221831377489635,11.6952,0,Asia,10,1,3
Oyda,16597.0,5.9438,36.6503,Ethiopia,ETH,Vulnerable,4.220055760251341,1,0,16597.0,4.220055760251341,5.9438,0,Africa,35,0,1
Pangvali,16285.0,33.4589,76.9152,India,IND,Critically endangered,4.211814430456818,1,0,16285.0,4.211814430456818,33.4589,1,Asia,45,1,3
Shipibo-Conibo,16085.0,-8.4289,-74.6411,Peru,PER,Definitely endangered,4.206448064366524,1,0,16085.0,4.206448064366524,8.4289,0,South America,40,1,2
Amba,16000.0,0.6737,30.198,Uganda,UGA,Vulnerable,4.204147125212848,1,0,16000.0,4.204147125212848,0.6737,0,Africa,6,0,1
Tsez,15356.0,42.2376,45.8734,Russian Federation,RUS,Definitely endangered,4.1863063842699075,1,0,15356.0,4.1863063842699075,42.2376,1,Asia,52,1,2
Bonan,15000.0,36.089,102.843,China,CHN,Definitely endangered,4.1761202110560856,1,0,15000.0,4.1761202110560856,36.089,1,Asia,13,1,2
Chrau,15000.0,10.5634,107.1496,Viet Nam,VNM,Definitely endangered,4.1761202110560856,1,0,15000.0,4.1761202110560856,10.5634,0,Asia,17,1,2
Dari,15000.0,31.8402,54.1625,Iran (Islamic Republic of),IRN,Definitely endangered,4.1761202110560856,1,0,15000.0,4.1761202110560856,31.8402,1,Africa,13,1,2
Dzala,15000.0,27.7078,91.3623,Bhutan,BTN,Vulnerable,4.1761202110560856,1,0,15000.0,4.1761202110560856,27.7078,1,Asia,150,0,1
Ersu,15000.0,28.7778,102.1277,China,CHN,Definitely endangered,4.1761202110560856,1,0,15000.0,4.1761202110560856,28.7778,1,Asia,27,1,2
Gangte,15000.0,24.1968,93.587,India,IND,Definitely endangered,4.1761202110560856,1,0,15000.0,4.1761202110560856,24.1968,1,Asia,124,1,2
Gurdu-Mbaaru,15000.0,9.7415,10.4534,Nigeria,NGA,Severely endangered,4.1761202110560856,1,0,15000.0,4.1761202110560856,9.7415,0,Africa,45,1,2
Ha-lung Tibetan,15000.0,27.6831,87.8256,Nepal,NPL,Definitely endangered,4.1761202110560856,1,0,15000.0,4.1761202110560856,27.6831,1,Asia,98,1,2
Hlersu,15000.0,24.3789,102.046,China,CHN,Vulnerable,4.1761202110560856,1,0,15000.0,4.1761202110560856,24.3789,1,Asia,81,0,1
Juk,15000.0,15.3333,106.85,Lao People's Democratic Republic,LAO,Definitely endangered,4.1761202110560856,1,0,15000.0,4.1761202110560856,15.3333,0,Asia,35,1,2
Kwama,15000.0,9.5465,34.2059,Ethiopia,ETH,Vulnerable,4.1761202110560856,1,0,15000.0,4.1761202110560856,9.5465,0,Africa,41,0,1
Laemae,15000.0,26.4179,98.7758,China,CHN,Severely endangered,4.1761202110560856,1,0,15000.0,4.1761202110560856,26.4179,1,Asia,79,1,2
Lavua,15000.0,18.4483,98.1848,Thailand,THA,Definitely endangered,4.1761202110560856,1,0,15000.0,4.1761202110560856,18.4483,0,Asia,32,1,2
Macushi (Brazil),15000.0,3.7765,-61.1279,Brazil,BRA,Vulnerable,4.1761202110560856,1,0,15000.0,4.1761202110560856,3.7765,0,South America,27,0,1
Nahali,15000.0,21.4735,74.0258,India,IND,Definitely endangered,4.1761202110560856,1,0,15000.0,4.1761202110560856,21.4735,0,Asia,5,1,2
Naluo,15000.0,26.5895,100.8506,China,CHN,Vulnerable,4.1761202110560856,1,0,15000.0,4.1761202110560856,26.5895,1,Asia,47,0,1
Nyoe,15000.0,14.9102,104.6049,Thailand,THA,Definitely endangered,4.1761202110560856,1,0,15000.0,4.1761202110560856,14.9102,0,Asia,43,1,2
O'odham (Akimel),15000.0,33.059,-112.0479,United States of America,USA,Definitely endangered,4.1761202110560856,1,0,15000.0,4.1761202110560856,33.059,1,North America,30,1,2
O'odham (Tohono),15000.0,31.9186,-111.8798,United States of America,USA,Definitely endangered,4.1761202110560856,1,0,15000.0,4.1761202110560856,31.9186,1,North America,27,1,2
Paiwan,15000.0,22.4313,120.7809,China,CHN,Vulnerable,4.1761202110560856,1,0,15000.0,4.1761202110560856,22.4313,0,Asia,26,0,1
Rao,15000.0,25.871,107.0476,China,CHN,Definitely endangered,4.1761202110560856,1,0,15000.0,4.1761202110560856,25.871,1,Asia,43,1,2
Semai,15000.0,4.3039,101.445,Malaysia,MYS,Severely endangered,4.1761202110560856,1,0,15000.0,4.1761202110560856,4.3039,0,Asia,22,1,2
Shatt,15000.0,10.8117,29.7235,Sudan,SDN,Severely endangered,4.1761202110560856,1,0,15000.0,4.1761202110560856,10.8117,0,Africa,41,1,2
Siwi,15000.0,29.1905,25.5322,Egypt,EGY,Definitely endangered,4.1761202110560856,1,0,15000.0,4.1761202110560856,29.1905,1,Africa,2,1,2
Tagargrent,15000.0,30.9587,4.0209,Algeria,DZA,Severely endangered,4.1761202110560856,1,0,15000.0,4.1761202110560856,30.9587,1,Africa,4,1,2
Tayurayt,15000.0,36.5648,1.9061,Algeria,DZA,Vulnerable,4.1761202110560856,1,0,15000.0,4.1761202110560856,36.5648,1,Europe,6,0,1
Totoli,15000.0,0.8953,120.2838,Indonesia,IDN,Vulnerable,4.1761202110560856,1,0,15000.0,4.1761202110560856,0.8953,0,Asia,31,0,1
Aruaco,14799.0,10.0986,-73.5424,Colombia,COL,Vulnerable,4.1702617153949575,1,0,14799.0,4.1702617153949575,10.0986,0,South America,12,0,1
Yakkha,14648.0,27.1908,87.3358,Nepal,NPL,Critically endangered,4.165807979003786,1,0,14648.0,4.165807979003786,27.1908,1,Asia,93,1,3
Kuruba,14613.0,11.4369,76.3549,India,IND,Critically endangered,4.164769103009198,1,0,14613.0,4.164769103009198,11.4369,0,Asia,11,1,3
Tuamotuan,14400.0,-14.9354,-147.7455,French Polynesia (France),PYF,Definitely endangered,4.15839265038712,1,0,14400.0,4.15839265038712,14.9354,0,Other,0,1,2
Katla,14208.0,11.7329,29.3939,Sudan,SDN,Definitely endangered,4.152563514256539,1,0,14208.0,4.152563514256539,11.7329,0,Africa,36,1,2
Garífuna (Belize),14061.0,17.1833,-88.5833,Belize,BLZ,Vulnerable,4.148047093599335,1,0,14061.0,4.148047093599335,17.1833,0,North America,51,0,1
Thulung,14034.0,27.4534,86.6423,Nepal,NPL,Definitely endangered,4.147212416970458,1,0,14034.0,4.147212416970458,27.4534,1,Asia,86,1,2
Bawm,14000.0,22.1874,92.6477,"Bangladesh, India","BGD, IND",Definitely endangered,4.1461590556048185,2,1,7000.0,3.8451600776519457,22.1874,0,Asia,64,1,2
Guajajara,14000.0,-4.8282,-46.8017,Brazil,BRA,Vulnerable,4.1461590556048185,1,0,14000.0,4.1461590556048185,4.8282,0,South America,15,0,1
Niuean,14000.0,-19.0491,-169.8706,Niue,NIU,Definitely endangered,4.1461590556048185,1,0,14000.0,4.1461590556048185,19.0491,0,Other,0,1,2
Uhunduni,14000.0,-4.2054,137.031,Indonesia,IDN,Vulnerable,4.1461590556048185,1,0,14000.0,4.1461590556048185,4.2054,0,Oceania,62,0,1
Gusilay,13950.0,12.7019,-16.4382,Senegal,SEN,Vulnerable,4.144605338714745,1,0,13950.0,4.144605338714745,12.7019,0,Africa,23,0,1
Xavante,13303.0,-14.4832,-53.5305,Brazil,BRA,Vulnerable,4.123982236211463,1,0,13303.0,4.123982236211463,14.4832,0,South America,20,0,1
Dondo,13000.0,0.747,120.4266,Indonesia,IDN,Vulnerable,4.113976758289846,1,0,13000.0,4.113976758289846,0.747,0,Asia,33,0,1
Khampti,13000.0,27.8827,96.5093,India,IND,Vulnerable,4.113976758289846,1,0,13000.0,4.113976758289846,27.8827,1,Asia,106,0,1
Nalu,13000.0,10.9523,-14.7629,Guinea,GIN,Definitely endangered,4.113976758289846,1,0,13000.0,4.113976758289846,10.9523,0,Africa,26,1,2
Tagoi,13000.0,10.8252,30.1657,Sudan,SDN,Severely endangered,4.113976758289846,1,0,13000.0,4.113976758289846,10.8252,0,Africa,44,1,2
Karko,12986.0,11.964,29.4186,Sudan,SDN,Definitely endangered,4.113508840532819,1,0,12986.0,4.113508840532819,11.964,0,Africa,36,1,2
San Mateo del Mar Huave,12667.0,16.2,-94.9833,Mexico,MEX,Vulnerable,4.102708054699875,1,0,12667.0,4.102708054699875,16.2,0,North America,108,0,1
Q'eqchi' (Belize),12366.0,16.8107,-88.3999,Belize,BLZ,Vulnerable,4.092264360788348,1,0,12366.0,4.092264360788348,16.8107,0,North America,48,0,1
Kadaru,12360.0,12.1789,30.2398,Sudan,SDN,Definitely endangered,4.092053606425475,1,0,12360.0,4.092053606425475,12.1789,0,Africa,38,1,2
Mazatlán Mazatec,12340.0,18.033,-96.8999,Mexico,MEX,Vulnerable,4.091350352313579,1,0,12340.0,4.091350352313579,18.033,0,North America,108,0,1
Badiaranke,12205.0,12.4043,-13.5736,Guinea,GIN,Severely endangered,4.086573365620574,1,0,12205.0,4.086573365620574,12.4043,0,Africa,24,1,2
Alune,12000.0,-3.0637,128.3752,Indonesia,IDN,Vulnerable,4.079217435746567,1,0,12000.0,4.079217435746567,3.0637,0,Oceania,37,0,1
Bangani,12000.0,29.8692,79.0686,India,IND,Critically endangered,4.079217435746567,1,0,12000.0,4.079217435746567,29.8692,1,Asia,45,1,3
Chamalal,12000.0,42.5712,46.0739,Russian Federation,RUS,Definitely endangered,4.079217435746567,1,0,12000.0,4.079217435746567,42.5712,1,Asia,51,1,2
Chru,12000.0,11.4666,109.05,Viet Nam,VNM,Vulnerable,4.079217435746567,1,0,12000.0,4.079217435746567,11.4666,0,Asia,16,0,1
Hill Miri,12000.0,27.7078,94.0374,India,IND,Definitely endangered,4.079217435746567,1,0,12000.0,4.079217435746567,27.7078,1,Asia,125,1,2
Jinuo,12000.0,21.4758,101.3111,China,CHN,Definitely endangered,4.079217435746567,1,0,12000.0,4.079217435746567,21.4758,0,Asia,73,1,2
Muya,12000.0,30.2593,101.7497,China,CHN,Vulnerable,4.079217435746567,1,0,12000.0,4.079217435746567,30.2593,1,Asia,15,0,1
Samei,12000.0,25.0756,103.0133,China,CHN,Severely endangered,4.079217435746567,1,0,12000.0,4.079217435746567,25.0756,1,Asia,78,1,2
Tajio,12000.0,-0.0954,120.0173,Indonesia,IDN,Vulnerable,4.079217435746567,1,0,12000.0,4.079217435746567,0.0954,0,Oceania,32,0,1
Tobada',12000.0,-2.019,119.4708,Indonesia,IDN,Extinct,4.079217435746567,1,0,12000.0,4.079217435746567,2.019,0,Oceania,33,1,3
Yurt Tatar,12000.0,46.3943,48.3288,Russian Federation,RUS,Definitely endangered,4.079217435746567,1,0,12000.0,4.079217435746567,46.3943,1,Asia,26,1,2
Yaqui (Mexico),11806.0,27.6436,-110.296,Mexico,MEX,Vulnerable,4.07213956323974,1,0,11806.0,4.07213956323974,27.6436,1,North America,12,0,1
Ch'orti' (Guatemala),11734.0,14.968,-89.2905,Guatemala,GTM,Definitely endangered,4.069483093934611,1,0,11734.0,4.069483093934611,14.968,0,South America,48,1,2
Filomeno Mata Totonac,11710.0,20.198,-97.7022,Mexico,MEX,Vulnerable,4.068593980976651,1,0,11710.0,4.068593980976651,20.198,0,North America,99,0,1
Northern Totonac,11529.0,20.2741,-97.955,Mexico,MEX,Critically endangered,4.061829307294699,1,0,11529.0,4.061829307294699,20.2741,0,North America,98,1,3
Komo,11500.0,9.0804,34.0905,"Ethiopia, Sudan","ETH, SDN",Definitely endangered,4.060735603449318,2,1,5750.0,3.759743367597725,9.0804,0,Africa,45,1,2
Tuwuli,11400.0,7.0572,0.3845,Ghana,GHA,Vulnerable,4.056942945672877,1,0,11400.0,4.056942945672877,7.0572,0,Africa,8,0,1
Poqomam,11273.0,14.6455,-89.7274,Guatemala,GTM,Definitely endangered,4.052078030484169,1,0,11273.0,4.052078030484169,14.6455,0,South America,48,1,2
Idu,11101.0,28.6496,95.8419,"China, India","CHN, IND",Definitely endangered,4.045401222995842,2,1,5550.5,3.744410344150793,28.6496,1,Asia,98,1,2
Kari'ña (Venezuela),11000.0,8.4941,-64.0942,Venezuela (Bolivarian Republic of),VEN,Severely endangered,4.041432164680265,1,0,11000.0,4.041432164680265,8.4941,0,South America,13,1,2
Machiguenga,11000.0,-11.8888,-72.9052,Peru,PER,Definitely endangered,4.041432164680265,1,0,11000.0,4.041432164680265,11.8888,0,South America,34,1,2
Piaroa (Venezuela),11000.0,4.5435,-66.7089,Venezuela (Bolivarian Republic of),VEN,Vulnerable,4.041432164680265,1,0,11000.0,4.041432164680265,4.5435,0,South America,45,0,1
Tuvaluan,11000.0,-8.5049,179.187,Tuvalu,TUV,Definitely endangered,4.041432164680265,1,0,11000.0,4.041432164680265,8.5049,0,Oceania,0,1,2
Waunana (Colombia),11000.0,4.2806,-77.0581,Colombia,COL,Vulnerable,4.041432164680265,1,0,11000.0,4.041432164680265,4.2806,0,South America,23,0,1
Noon,10925.0,14.8173,-16.5234,Senegal,SEN,Vulnerable,4.038461196178564,1,0,10925.0,4.038461196178564,14.8173,0,Africa,19,0,1
Sampang,10810.0,27.257,86.9444,Nepal,NPL,Vulnerable,4.0338658673479,1,0,10810.0,4.0338658673479,27.257,1,Asia,90,0,1
Central Alaskan Yupik (2),10400.0,61.4387,-160.4882,United States of America,USA,Vulnerable,4.017075096376059,1,0,10400.0,4.017075096376059,61.4387,2,North America,6,0,1
Central Alaskan Yupik (Nuniak Island),10400.0,59.8889,-166.289,United States of America,USA,Vulnerable,4.017075096376059,1,0,10400.0,4.017075096376059,59.8889,2,North America,1,0,1
Bukiyip,10304.0,-3.4256,143.0886,Papua New Guinea,PNG,Vulnerable,4.013047996115231,1,0,10304.0,4.013047996115231,3.4256,0,Oceania,74,0,1
Saparua,10216.0,-3.5757,128.6464,Indonesia,IDN,Definitely endangered,4.009323393381013,1,0,10216.0,4.009323393381013,3.5757,0,Oceania,36,1,2
Darai,10210.0,27.9264,84.331,Nepal,NPL,Severely endangered,4.0090682761922185,1,0,10210.0,4.0090682761922185,27.9264,1,Asia,73,1,2
Bandial,10125.0,12.5317,-16.1553,Senegal,SEN,Vulnerable,4.005437923050822,1,0,10125.0,4.005437923050822,12.5317,0,Africa,24,0,1
Bongo,10084.0,6.1405,31.7999,Sudan,SDN,Definitely endangered,4.0036759025487845,1,0,10084.0,4.0036759025487845,6.1405,0,Africa,27,1,2
Northwestern Tarahumara,10031.0,27.9169,-107.0552,Mexico,MEX,Vulnerable,4.001387523486641,1,0,10031.0,4.001387523486641,27.9169,1,North America,9,0,1
Algherese Catalan,10000.0,40.5638,8.3276,Italy,ITA,Definitely endangered,4.000043427276863,1,0,10000.0,4.000043427276863,40.5638,1,Europe,9,1,2
Aragonese,10000.0,42.2935,-0.4394,Spain,ESP,Definitely endangered,4.000043427276863,1,0,10000.0,4.000043427276863,42.2935,1,Europe,9,1,2
Baima,10000.0,33.1531,103.8696,China,CHN,Vulnerable,4.000043427276863,1,0,10000.0,4.000043427276863,33.1531,1,Asia,15,0,1
Bukharic,10000.0,39.8043,64.4224,Uzbekistan,UZB,Definitely endangered,4.000043427276863,1,0,10000.0,4.000043427276863,39.8043,1,Asia,3,1,2
Bunun,10000.0,23.3624,121.1077,China,CHN,Vulnerable,4.000043427276863,1,0,10000.0,4.000043427276863,23.3624,0,Asia,26,0,1
Burunge,10000.0,-4.7297,35.7769,United Republic of Tanzania,TZA,Vulnerable,4.000043427276863,1,0,10000.0,4.000043427276863,4.7297,0,Africa,16,0,1
Chayahuita,10000.0,-5.3425,-76.6955,Peru,PER,Definitely endangered,4.000043427276863,1,0,10000.0,4.000043427276863,5.3425,0,South America,41,1,2
Cherokee (Oklahoma),10000.0,36.7544,-98.3569,United States of America,USA,Definitely endangered,4.000043427276863,1,0,10000.0,4.000043427276863,36.7544,1,North America,25,1,2
Dalecarlian,10000.0,61.2385,14.0295,Sweden,SWE,Definitely endangered,4.000043427276863,1,0,10000.0,4.000043427276863,61.2385,2,Europe,4,1,2
"Huitoto (Colombia, Peru)",10000.0,-3.0308,-71.8066,"Colombia, Peru","COL, PER",Definitely endangered,4.000043427276863,2,1,5000.0,3.699056854547668,3.0308,0,South America,55,1,2
Hulaula (Israel),10000.0,32.2128,34.9118,Israel,ISR,Severely endangered,4.000043427276863,1,0,10000.0,4.000043427276863,32.2128,1,Africa,15,1,2
Karang,10000.0,8.3093,15.3588,Chad,TCD,Vulnerable,4.000043427276863,1,0,10000.0,4.000043427276863,8.3093,0,Africa,37,0,1
Karelian (Tver),10000.0,58.1533,36.101,Russian Federation,RUS,Definitely endangered,4.000043427276863,1,0,10000.0,4.000043427276863,58.1533,2,Europe,7,1,2
Karone,10000.0,12.7769,-16.7733,Senegal,SEN,Vulnerable,4.000043427276863,1,0,10000.0,4.000043427276863,12.7769,0,Africa,23,0,1
Kryz,10000.0,41.1455,48.164,Azerbaijan,AZE,Severely endangered,4.000043427276863,1,0,10000.0,4.000043427276863,41.1455,1,Asia,43,1,2
"Kurripako (Colombia, Venezuela)",10000.0,2.3723,-67.5659,"Colombia, Venezuela (Bolivarian Republic of)","COL, VEN",Definitely endangered,4.000043427276863,2,1,5000.0,3.699056854547668,2.3723,0,South America,71,1,2
Kurtöp,10000.0,27.7127,90.9667,Bhutan,BTN,Vulnerable,4.000043427276863,1,0,10000.0,4.000043427276863,27.7127,1,Asia,149,0,1
Lamgang,10000.0,24.2569,94.0759,India,IND,Critically endangered,4.000043427276863,1,0,10000.0,4.000043427276863,24.2569,1,Asia,125,1,3
Miqie,10000.0,26.9053,100.8506,China,CHN,Definitely endangered,4.000043427276863,1,0,10000.0,4.000043427276863,26.9053,1,Asia,39,1,2
Mojo,10000.0,-14.966,-65.1708,Bolivia (Plurinational State of),BOL,Definitely endangered,4.000043427276863,1,0,10000.0,4.000043427276863,14.966,0,South America,45,1,2
Muot,10000.0,8.0932,93.4963,India,IND,Critically endangered,4.000043427276863,1,0,10000.0,4.000043427276863,8.0932,0,Asia,9,1,3
Naiki,10000.0,19.8287,78.2281,India,IND,Critically endangered,4.000043427276863,1,0,10000.0,4.000043427276863,19.8287,0,Asia,8,1,3
Ñandeva Guarani,10000.0,-22.0652,-54.7558,Brazil,BRA,Vulnerable,4.000043427276863,1,0,10000.0,4.000043427276863,22.0652,0,South America,15,0,1
Ngwaba,10000.0,9.9904,12.81,Nigeria,NGA,Severely endangered,4.000043427276863,1,0,10000.0,4.000043427276863,9.9904,0,Africa,49,1,2
North Frisian,10000.0,54.7341,8.7478,Germany,DEU,Severely endangered,4.000043427276863,1,0,10000.0,4.000043427276863,54.7341,1,Europe,10,1,2
Northern Khanty,10000.0,63.7047,66.676,Russian Federation,RUS,Definitely endangered,4.000043427276863,1,0,10000.0,4.000043427276863,63.7047,2,Asia,6,1,2
Nyah Kur,10000.0,15.6587,101.5068,Thailand,THA,Definitely endangered,4.000043427276863,1,0,10000.0,4.000043427276863,15.6587,0,Asia,30,1,2
Nyenkha,10000.0,27.4595,90.4119,Bhutan,BTN,Vulnerable,4.000043427276863,1,0,10000.0,4.000043427276863,27.4595,1,Asia,142,0,1
Orang Hulu,10000.0,1.8871,103.984,Malaysia,MYS,Definitely endangered,4.000043427276863,1,0,10000.0,4.000043427276863,1.8871,0,Asia,17,1,2
Otoro,10000.0,11.1864,30.6353,Sudan,SDN,Severely endangered,4.000043427276863,1,0,10000.0,4.000043427276863,11.1864,0,Africa,45,1,2
Solon,10000.0,48.166,119.4873,China,CHN,Definitely endangered,4.000043427276863,1,0,10000.0,4.000043427276863,48.166,1,Asia,9,1,2
Southern Tujia,10000.0,28.258,109.9398,China,CHN,Severely endangered,4.000043427276863,1,0,10000.0,4.000043427276863,28.258,1,Asia,14,1,2
Taba,10000.0,0.0659,127.4084,Indonesia,IDN,Vulnerable,4.000043427276863,1,0,10000.0,4.000043427276863,0.0659,0,Asia,34,0,1
Talu,10000.0,26.5623,102.8506,China,CHN,Vulnerable,4.000043427276863,1,0,10000.0,4.000043427276863,26.5623,1,Asia,56,0,1
Tamazight (Tunisia),10000.0,36.0313,9.8767,Tunisia,TUN,Severely endangered,4.000043427276863,1,0,10000.0,4.000043427276863,36.0313,1,Europe,8,1,2
Tayal,10000.0,24.5458,121.3591,China,CHN,Vulnerable,4.000043427276863,1,0,10000.0,4.000043427276863,24.5458,1,Asia,26,0,1
Temein,10000.0,11.8377,29.4625,Sudan,SDN,Severely endangered,4.000043427276863,1,0,10000.0,4.000043427276863,11.8377,0,Africa,36,1,2
Temiar,10000.0,4.9493,101.4113,Malaysia,MYS,Definitely endangered,4.000043427276863,1,0,10000.0,4.000043427276863,4.9493,0,Asia,24,1,2
Trukhmen,10000.0,44.4886,44.5385,"Russian Federation, Turkmenistan","RUS, TKM",Definitely endangered,4.000043427276863,2,1,5000.0,3.699056854547668,44.4886,1,Europe,52,1,2
Vidunda,10000.0,-6.8664,37.304,United Republic of Tanzania,TZA,Vulnerable,4.000043427276863,1,0,10000.0,4.000043427276863,6.8664,0,Africa,12,0,1
Kogui,9911.0,10.8548,-74.0258,Colombia,COL,Vulnerable,3.996161293368007,1,0,9911.0,3.996161293368007,10.8548,0,South America,9,0,1
Paloor,9680.0,14.7801,-16.8035,Senegal,SEN,Vulnerable,3.9859202201235675,1,0,9680.0,3.9859202201235675,14.7801,0,Africa,18,0,1
Awakatek (Guatemala),9613.0,15.3429,-91.312,Guatemala,GTM,Vulnerable,3.982904117792628,1,0,9613.0,3.982904117792628,15.3429,0,North America,63,0,1
Choctaw (Louisiana),9500.0,31.6822,-92.1252,United States of America,USA,Vulnerable,3.9777693180915743,1,0,9500.0,3.9777693180915743,31.6822,1,North America,7,0,1
Choctaw (Mississipi),9500.0,32.7713,-89.1163,United States of America,USA,Vulnerable,3.9777693180915743,1,0,9500.0,3.9777693180915743,32.7713,1,North America,4,0,1
Choctaw (Oklahoma),9500.0,34.1472,-94.81,United States of America,USA,Vulnerable,3.9777693180915743,1,0,9500.0,3.9777693180915743,34.1472,1,North America,29,0,1
Gawar-Bati,9500.0,35.158,71.4083,"Pakistan, Afghanistan","PAK, AFG",Definitely endangered,3.9777693180915743,2,1,4750.0,3.6767850304192056,35.158,1,Asia,47,1,2
Taruang,9332.0,28.12,95.88,"China, India, Myanmar","CHN, IND, MMR",Vulnerable,3.970021265828366,3,1,3110.6666666666665,3.492993067565435,28.12,1,Asia,111,0,1
Khaling,9288.0,27.5781,86.7163,Nepal,NPL,Definitely endangered,3.9679689628786923,1,0,9288.0,3.9679689628786923,27.5781,1,Asia,86,1,2
Western Tarahumara,9196.0,27.3361,-108.5007,Mexico,MEX,Vulnerable,3.9636461864848433,1,0,9196.0,3.9636461864848433,27.3361,1,North America,10,0,1
Nunavimmiutitut,9105.0,58.1665,-68.3605,Canada,CAN,Vulnerable,3.959327645972171,1,0,9105.0,3.959327645972171,58.1665,2,North America,2,0,1
Woods Cree,9095.0,55.1711,-102.9061,Canada,CAN,Vulnerable,3.9588504516796785,1,0,9095.0,3.9588504516796785,55.1711,2,North America,3,0,1
Phula (Viet Nam),9046.0,22.7833,105.4666,Viet Nam,VNM,Definitely endangered,3.9565045903166975,1,0,9046.0,3.9565045903166975,22.7833,0,Asia,70,1,2
Dol-po,9000.0,29.2193,83.0676,Nepal,NPL,Definitely endangered,3.954290761701127,1,0,9000.0,3.954290761701127,29.2193,1,Asia,70,1,2
Helong,9000.0,-10.1905,123.5247,Indonesia,IDN,Severely endangered,3.954290761701127,1,0,9000.0,3.954290761701127,10.1905,0,Oceania,10,1,2
Lisela,9000.0,-3.2392,127.0239,Indonesia,IDN,Vulnerable,3.954290761701127,1,0,9000.0,3.954290761701127,3.2392,0,Oceania,30,0,1
Motuo Menba,9000.0,28.664,94.0347,"China, India","CHN, IND",Definitely endangered,3.954290761701127,2,1,4500.0,3.653309012938479,28.664,1,Asia,110,1,2
Panamahka,9000.0,14.2856,-84.5947,Nicaragua,NIC,Vulnerable,3.954290761701127,1,0,9000.0,3.954290761701127,14.2856,0,South America,24,0,1
Zuni,9000.0,35.082,-108.76,United States of America,USA,Vulnerable,3.954290761701127,1,0,9000.0,3.954290761701127,35.082,1,North America,26,0,1
Mopán (Belize),8980.0,16.2449,-88.8654,Belize,BLZ,Severely endangered,3.9533246963891853,1,0,8980.0,3.9533246963891853,16.2449,0,North America,52,1,2
Tulishi,8628.0,11.5984,29.0917,Sudan,SDN,Severely endangered,3.9359604689891663,1,0,8628.0,3.9359604689891663,11.5984,0,Africa,37,1,2
Central Cuicatec,8621.0,17.8,-96.961,Mexico,MEX,Vulnerable,3.9356080185178692,1,0,8621.0,3.9356080185178692,17.8,0,North America,108,0,1
Ts'amay,8621.0,5.4382,37.2463,Ethiopia,ETH,Definitely endangered,3.9356080185178692,1,0,8621.0,3.9356080185178692,5.4382,0,Africa,29,1,2
Phalura,8600.0,35.7264,71.7434,Pakistan,PAK,Definitely endangered,3.934548947666147,1,0,8600.0,3.934548947666147,35.7264,1,Asia,47,1,2
Northern Popoloc,8597.0,18.6818,-97.658,Mexico,MEX,Vulnerable,3.9343974407809883,1,0,8597.0,3.9343974407809883,18.6818,0,North America,107,0,1
Ixcatlán Mazatec,8593.0,18.1447,-96.4855,Mexico,MEX,Vulnerable,3.9341953493478843,1,0,8593.0,3.9341953493478843,18.1447,0,North America,107,0,1
Patla-Chicontla Totonac,8590.0,20.1644,-97.6927,Mexico,MEX,Severely endangered,3.9340437190355253,1,0,8590.0,3.9340437190355253,20.1644,0,North America,99,1,2
Toram,8456.0,11.1581,19.6023,Chad,TCD,Severely endangered,3.9272163305912646,1,0,8456.0,3.9272163305912646,11.1581,0,Africa,25,1,2
Northwestern Tlapanec,8409.0,17.5595,-98.9332,Mexico,MEX,Vulnerable,3.924795995797912,1,0,8409.0,3.924795995797912,17.5595,0,North America,105,0,1
Dene,8195.0,56.4807,-109.4127,Canada,CAN,Vulnerable,3.9136019497291574,1,0,8195.0,3.9136019497291574,56.4807,2,North America,2,0,1
Micmac (Massachusetts),8145.0,42.3589,-71.0578,United States of America,USA,Definitely endangered,3.9109444057499787,1,0,8145.0,3.9109444057499787,42.3589,1,North America,12,1,2
Argobba,8000.0,10.5958,39.9792,Ethiopia,ETH,Critically endangered,3.9031442704095385,1,0,8000.0,3.9031442704095385,10.5958,0,Africa,8,1,3
Austral dialects,8000.0,-23.3775,-149.4909,French Polynesia (France),PYF,Definitely endangered,3.9031442704095385,1,0,8000.0,3.9031442704095385,23.3775,0,Other,0,1,2
Belanda Bor,8000.0,6.4954,27.7404,Sudan,SDN,Definitely endangered,3.9031442704095385,1,0,8000.0,3.9031442704095385,6.4954,0,Africa,20,1,2
Feroge,8000.0,8.5049,25.7189,Sudan,SDN,Vulnerable,3.9031442704095385,1,0,8000.0,3.9031442704095385,8.5049,0,Africa,17,0,1
Hachijō,8000.0,33.11,139.7891,Japan,JPN,Definitely endangered,3.9031442704095385,1,0,8000.0,3.9031442704095385,33.11,1,Asia,1,1,2
Inga,8000.0,1.1658,-77.0011,Colombia,COL,Severely endangered,3.9031442704095385,1,0,8000.0,3.9031442704095385,1.1658,0,South America,35,1,2
Kanga,8000.0,10.844,29.4708,Sudan,SDN,Severely endangered,3.9031442704095385,1,0,8000.0,3.9031442704095385,10.844,0,Africa,39,1,2
Lajia,8000.0,23.7439,110.0526,China,CHN,Definitely endangered,3.9031442704095385,1,0,8000.0,3.9031442704095385,23.7439,1,Asia,26,1,2
Lakha,8000.0,27.5898,90.3735,Bhutan,BTN,Definitely endangered,3.9031442704095385,1,0,8000.0,3.9031442704095385,27.5898,1,Asia,142,1,2
Mbya Guarani (Paraguay),8000.0,-26.5099,-55.2832,Paraguay,PRY,Definitely endangered,3.9031442704095385,1,0,8000.0,3.9031442704095385,26.5099,1,South America,12,1,2
Mundurukú,8000.0,-8.1027,-57.3486,Brazil,BRA,Vulnerable,3.9031442704095385,1,0,8000.0,3.9031442704095385,8.1027,0,South America,9,0,1
Ojibwe,8000.0,46.0706,-93.6677,United States of America,USA,Severely endangered,3.9031442704095385,1,0,8000.0,3.9031442704095385,46.0706,1,North America,7,1,2
Quichua (Salasaca),8000.0,-1.3511,-78.6511,Ecuador,ECU,Definitely endangered,3.9031442704095385,1,0,8000.0,3.9031442704095385,1.3511,0,South America,37,1,2
Rongpo,8000.0,30.7229,79.7387,India,IND,Vulnerable,3.9031442704095385,1,0,8000.0,3.9031442704095385,30.7229,1,Asia,50,0,1
Sanyi,8000.0,24.9262,102.5134,China,CHN,Severely endangered,3.9031442704095385,1,0,8000.0,3.9031442704095385,24.9262,1,Asia,78,1,2
Temuan,8000.0,3.3709,101.984,Malaysia,MYS,Severely endangered,3.9031442704095385,1,0,8000.0,3.9031442704095385,3.3709,0,Asia,22,1,2
Tingal,8000.0,12.238,31.1215,Sudan,SDN,Definitely endangered,3.9031442704095385,1,0,8000.0,3.9031442704095385,12.238,0,Africa,44,1,2
Wampis,8000.0,-3.4476,-77.7941,Peru,PER,Vulnerable,3.9031442704095385,1,0,8000.0,3.9031442704095385,3.4476,0,South America,41,0,1
Wunai Bunu,8000.0,24.4146,107.8378,China,CHN,Definitely endangered,3.9031442704095385,1,0,8000.0,3.9031442704095385,24.4146,1,Asia,36,1,2
Yanesha,8000.0,-10.3743,-75.2343,Peru,PER,Severely endangered,3.9031442704095385,1,0,8000.0,3.9031442704095385,10.3743,0,South America,32,1,2
Mam (Mexico),7977.0,17.3661,-93.5334,Mexico,MEX,Severely endangered,3.901894031973821,1,0,7977.0,3.901894031973821,17.3661,0,North America,104,1,2
Pana,7800.0,13.165,-3.4277,Burkina Faso,BFA,Definitely endangered,3.892150277901364,1,0,7800.0,3.892150277901364,13.165,0,Africa,4,1,2
Macushi (Guyana),7750.0,3.6888,-59.4799,Guyana,GUY,Vulnerable,3.8893577368889316,1,0,7750.0,3.8893577368889316,3.6888,0,South America,31,0,1
Chukchi,7742.0,67.6248,176.1767,Russian Federation,RUS,Severely endangered,3.8889092592635315,1,0,7742.0,3.8889092592635315,67.6248,2,Asia,0,1,2
Cabécar,7622.0,9.9012,-83.6844,Costa Rica,CRI,Vulnerable,3.882125919770032,1,0,7622.0,3.882125919770032,9.9012,0,South America,24,0,1
Awa Cuaiquer,7500.0,1.4939,-78.5742,Colombia,COL,Critically endangered,3.8751191654625683,1,0,7500.0,3.8751191654625683,1.4939,0,South America,31,1,3
Lishana Deni (Israel),7500.0,31.7748,35.1013,Israel,ISR,Severely endangered,3.8751191654625683,1,0,7500.0,3.8751191654625683,31.7748,1,Africa,15,1,2
Central Pame,7399.0,21.9208,-99.3741,Mexico,MEX,Vulnerable,3.8692317197309762,1,0,7399.0,3.8692317197309762,21.9208,0,North America,49,0,1
Puinave,7377.0,4.434,-68.1591,"Colombia, Venezuela (Bolivarian Republic of)","COL, VEN",Definitely endangered,3.8679386508907845,2,1,3688.5,3.56696751468097,4.434,0,South America,55,1,2
Mebengokre,7266.0,-6.5569,-52.4707,Brazil,BRA,Vulnerable,3.86135516019326,1,0,7266.0,3.86135516019326,6.5569,0,South America,12,0,1
Tunebo,7231.0,6.4463,-72.0483,"Colombia, Venezuela (Bolivarian Republic of)","COL, VEN",Definitely endangered,3.859258417467307,2,1,3615.5,3.5582884694331347,6.4463,0,South America,17,1,2
Quechua of Peruvian Amazonia,7200.0,-2.3723,-74.1137,Peru,PER,Vulnerable,3.8573928109209015,1,0,7200.0,3.8573928109209015,2.3723,0,South America,54,0,1
Asur,7000.0,22.4719,84.9023,India,IND,Definitely endangered,3.8451600776519457,1,0,7000.0,3.8451600776519457,22.4719,0,Asia,22,1,2
Bashkardi,7000.0,28.5169,57.7551,Iran (Islamic Republic of),IRN,Definitely endangered,3.8451600776519457,1,0,7000.0,3.8451600776519457,28.5169,1,Asia,3,1,2
Burji,7000.0,2.1857,37.9248,Kenya,KEN,Vulnerable,3.8451600776519457,1,0,7000.0,3.8451600776519457,2.1857,0,Africa,23,0,1
Choyi,7000.0,30.8519,99.6659,China,CHN,Definitely endangered,3.8451600776519457,1,0,7000.0,3.8451600776519457,30.8519,1,Asia,19,1,2
Gazi,7000.0,32.8036,51.6211,Iran (Islamic Republic of),IRN,Definitely endangered,3.8451600776519457,1,0,7000.0,3.8451600776519457,32.8036,1,Africa,15,1,2
Guichong,7000.0,30.8148,101.7021,China,CHN,Vulnerable,3.8451600776519457,1,0,7000.0,3.8451600776519457,30.8148,1,Asia,12,0,1
Karagash,7000.0,47.2643,47.2412,Russian Federation,RUS,Definitely endangered,3.8451600776519457,1,0,7000.0,3.8451600776519457,47.2643,1,Asia,10,1,2
Natanzi,7000.0,33.452,51.3006,Iran (Islamic Republic of),IRN,Severely endangered,3.8451600776519457,1,0,7000.0,3.8451600776519457,33.452,1,Africa,15,1,2
Nayini,7000.0,32.8519,53.1573,Iran (Islamic Republic of),IRN,Severely endangered,3.8451600776519457,1,0,7000.0,3.8451600776519457,32.8519,1,Africa,15,1,2
Parya,7000.0,38.5094,68.0932,"Uzbekistan, Tajikistan, Afghanistan","UZB, TJK, AFG",Severely endangered,3.8451600776519457,3,1,2333.3333333333335,3.368162871628329,38.5094,1,Asia,28,1,2
Segeju,7000.0,-4.8173,39.0783,United Republic of Tanzania,TZA,Severely endangered,3.8451600776519457,1,0,7000.0,3.8451600776519457,4.8173,0,Africa,16,1,2
Sivandi,7000.0,29.9168,51.5945,Iran (Islamic Republic of),IRN,Definitely endangered,3.8451600776519457,1,0,7000.0,3.8451600776519457,29.9168,1,Africa,11,1,2
Soi,7000.0,31.6533,55.6787,Iran (Islamic Republic of),IRN,Definitely endangered,3.8451600776519457,1,0,7000.0,3.8451600776519457,31.6533,1,Asia,11,1,2
Tucano (Brazil),7000.0,0.1757,-67.2363,Brazil,BRA,Vulnerable,3.8451600776519457,1,0,7000.0,3.8451600776519457,0.1757,0,South America,64,0,1
Wapishana (Guyana),7000.0,2.3065,-59.6997,Guyana,GUY,Vulnerable,3.8451600776519457,1,0,7000.0,3.8451600776519457,2.3065,0,South America,32,0,1
Yulu,7000.0,8.3854,24.1754,"Central African Republic, Democratic Republic of the Congo, Sudan","CAF, ZAI, SDN",Vulnerable,3.8451600776519457,3,1,2333.3333333333335,3.368162871628329,8.3854,0,Africa,16,0,1
Zhaba,7000.0,31.4,100.4734,China,CHN,Vulnerable,3.8451600776519457,1,0,7000.0,3.8451600776519457,31.4,1,Asia,10,0,1
Sakapultek,6973.0,14.9752,-91.0527,Guatemala,GTM,Definitely endangered,3.843481943039958,1,0,6973.0,3.843481943039958,14.9752,0,North America,54,1,2
Chara,6932.0,6.479,36.3647,Ethiopia,ETH,Vulnerable,3.8409212001987716,1,0,6932.0,3.8409212001987716,6.479,0,Africa,36,0,1
Kosraean,6900.0,5.322,162.9904,"Micronesia (Federated States of), Nauru","FSM, NRU",Severely endangered,3.8389120274059985,2,1,3450.0,3.5379449592914867,5.322,0,Asia,2,1,2
Waunana (Panama),6882.0,8.2984,-78.1018,Panama,PAN,Severely endangered,3.837777769553733,1,0,6882.0,3.837777769553733,8.2984,0,South America,9,1,2
San Francisco del Mar Huave,6874.0,16.3333,-94.5166,Mexico,MEX,Critically endangered,3.8372727025023003,1,0,6874.0,3.8372727025023003,16.3333,0,North America,107,1,3
Northern East Cree,6870.0,53.6916,-78.8011,Canada,CAN,Vulnerable,3.837019948540908,1,0,6870.0,3.837019948540908,53.6916,1,North America,2,0,1
Micmac (Canada),6850.0,45.9646,-60.6172,Canada,CAN,Vulnerable,3.8357539675193832,1,0,6850.0,3.8357539675193832,45.9646,1,North America,0,0,1
Northern Tepehuán,6802.0,26.4258,-107.2683,Mexico,MEX,Definitely endangered,3.8327004709605674,1,0,6802.0,3.8327004709605674,26.4258,1,North America,10,1,2
Miju,6700.0,28.1155,96.2896,"China, India","CHN, IND",Vulnerable,3.826139617935915,2,1,3350.0,3.5251744278352715,28.1155,1,Asia,105,0,1
Rio Grande Keresan,6685.0,35.5147,-106.3655,United States of America,USA,Definitely endangered,3.82516637225655,1,0,6685.0,3.82516637225655,35.5147,1,North America,17,1,2
Western Mazatec,6639.0,18.1351,-96.9057,Mexico,MEX,Vulnerable,3.8221680793680175,1,0,6639.0,3.8221680793680175,18.1351,0,North America,109,0,1
Bussa,6624.0,5.7225,37.1406,Ethiopia,ETH,Vulnerable,3.8211858826088454,1,0,6624.0,3.8211858826088454,5.7225,0,Africa,31,0,1
Beli,6600.0,6.4736,29.2675,Sudan,SDN,Definitely endangered,3.819609732751585,1,0,6600.0,3.819609732751585,6.4736,0,Africa,34,1,2
Chesu,6600.0,24.4211,102.0459,China,CHN,Definitely endangered,3.819609732751585,1,0,6600.0,3.819609732751585,24.4211,1,Asia,81,1,2
Thuri,6600.0,8.4397,25.4333,Sudan,SDN,Vulnerable,3.819609732751585,1,0,6600.0,3.819609732751585,8.4397,0,Africa,16,0,1
Karata,6574.0,42.5874,46.3348,Russian Federation,RUS,Definitely endangered,3.8178957571617955,1,0,6574.0,3.8178957571617955,42.5874,1,Asia,51,1,2
Saulteau,6558.0,50.5573,-98.6562,Canada,CAN,Vulnerable,3.816837630902035,1,0,6558.0,3.816837630902035,50.5573,1,North America,10,0,1
Kumāle,6533.0,27.788,84.548,Nepal,NPL,Severely endangered,3.8151791301394185,1,0,6533.0,3.8151791301394185,27.788,1,Asia,75,1,2
Lower Northwestern Otomí,6509.0,20.1865,-100.1469,Mexico,MEX,Vulnerable,3.813580988568192,1,0,6509.0,3.813580988568192,20.1865,0,North America,79,0,1
Dimme,6501.0,5.9548,36.2988,Ethiopia,ETH,Vulnerable,3.8130469651601078,1,0,6501.0,3.8130469651601078,5.9548,0,Africa,36,0,1
Chiquitano (Bolivia),6500.0,-16.5835,-61.6113,Bolivia (Plurinational State of),BOL,Definitely endangered,3.8129801660394804,1,0,6500.0,3.8129801660394804,16.5835,0,South America,25,1,2
Tumtum,6500.0,10.477,30.4321,Sudan,SDN,Severely endangered,3.8129801660394804,1,0,6500.0,3.8129801660394804,10.477,0,Africa,48,1,2
Bezhta,6461.0,42.1369,46.1508,Russian Federation,RUS,Definitely endangered,3.8103669536816254,1,0,6461.0,3.8103669536816254,42.1369,1,Asia,52,1,2
Thakali,6441.0,28.7146,83.6478,Nepal,NPL,Vulnerable,3.8090207204836726,1,0,6441.0,3.8090207204836726,28.7146,1,Asia,74,0,1
Dongotono,6219.0,4.965,35.321,Sudan,SDN,Vulnerable,3.7937903846908188,1,0,6219.0,3.7937903846908188,4.965,0,Africa,31,0,1
Mawé,6219.0,-3.8642,-56.7773,Brazil,BRA,Vulnerable,3.7937903846908188,1,0,6219.0,3.7937903846908188,3.8642,0,South America,10,0,1
Shor,6210.0,53.0544,87.7478,Russian Federation,RUS,Severely endangered,3.793161529245551,1,0,6210.0,3.793161529245551,53.0544,1,Asia,6,1,2
Central Tlapanec,6191.0,17.2624,-98.7482,Mexico,MEX,Vulnerable,3.791830947674836,1,0,6191.0,3.791830947674836,17.2624,0,North America,103,0,1
Oji-Cree,6110.0,53.8141,-94.8977,Canada,CAN,Vulnerable,3.7861122837198264,1,0,6110.0,3.7861122837198264,53.8141,1,North America,4,0,1
Keiga,6072.0,11.3184,29.696,Sudan,SDN,Severely endangered,3.7834032811225633,1,0,6072.0,3.7834032811225633,11.3184,0,Africa,36,1,2
Ampibabo Lauje,6000.0,0.3295,120.1904,Indonesia,IDN,Vulnerable,3.7782236267660965,1,0,6000.0,3.7782236267660965,0.3295,0,Asia,32,0,1
Cashinahua (Brazil),6000.0,-9.2603,-71.5304,Brazil,BRA,Vulnerable,3.7782236267660965,1,0,6000.0,3.7782236267660965,9.2603,0,South America,39,0,1
Geji cluster,6000.0,10.196,9.5581,Nigeria,NGA,Severely endangered,3.7782236267660965,1,0,6000.0,3.7782236267660965,10.196,0,Africa,39,1,2
Mbya Guarani (Brazil),6000.0,-30.1451,-50.625,Brazil,BRA,Vulnerable,3.7782236267660965,1,0,6000.0,3.7782236267660965,30.1451,1,South America,2,0,1
Moklen,6000.0,8.1953,98.3036,"Myanmar, Thailand","MMR, THA",Definitely endangered,3.7782236267660965,2,1,3000.0,3.477265995424853,8.1953,0,Asia,10,1,2
Nauruan,6000.0,-0.53,166.9221,Nauru,NRU,Severely endangered,3.7782236267660965,1,0,6000.0,3.7782236267660965,0.53,0,Oceania,0,1,2
Nheengatu / Yeral (Brazil),6000.0,-0.4833,-67.0166,Brazil,BRA,Severely endangered,3.7782236267660965,1,0,6000.0,3.7782236267660965,0.4833,0,South America,60,1,2
Parachi,6000.0,34.4658,68.637,Afghanistan,AFG,Definitely endangered,3.7782236267660965,1,0,6000.0,3.7782236267660965,34.4658,1,Asia,37,1,2
Quechua of San Martín,6000.0,-6.5336,-76.4428,Peru,PER,Severely endangered,3.7782236267660965,1,0,6000.0,3.7782236267660965,6.5336,0,South America,36,1,2
Sawkna,6000.0,27.252,17.7539,Libyan Arab Jamahiriya,LBY,Critically endangered,3.7782236267660965,1,0,6000.0,3.7782236267660965,27.252,1,Africa,0,1,3
Sulung,6000.0,27.839,92.8784,"China, India","CHN, IND",Definitely endangered,3.7782236267660965,2,1,3000.0,3.477265995424853,27.839,1,Asia,124,1,2
Tindi,6000.0,42.466,46.1453,Russian Federation,RUS,Definitely endangered,3.7782236267660965,1,0,6000.0,3.7782236267660965,42.466,1,Asia,51,1,2
Western Apache,6000.0,33.2563,-110.4637,United States of America,USA,Definitely endangered,3.7782236267660965,1,0,6000.0,3.7782236267660965,33.2563,1,North America,28,1,2
Yanomami (Brazil),6000.0,3.0746,-63.457,Brazil,BRA,Vulnerable,3.7782236267660965,1,0,6000.0,3.7782236267660965,3.0746,0,South America,35,0,1
Yazgulami,6000.0,38.1982,71.4276,Tajikistan,TJK,Severely endangered,3.7782236267660965,1,0,6000.0,3.7782236267660965,38.1982,1,Asia,40,1,2
Chantyal,5912.0,28.4493,83.4054,Nepal,NPL,Definitely endangered,3.771807878999106,1,0,5912.0,3.771807878999106,28.4493,1,Asia,74,1,2
Mortlockese,5904.0,5.5811,153.5668,Micronesia (Federated States of),FSM,Definitely endangered,3.7712199019495336,1,0,5904.0,3.7712199019495336,5.5811,0,Asia,3,1,2
Baníwa do Içana,5811.0,1.2743,-68.291,"Brazil, Colombia, Venezuela (Bolivarian Republic of)","BRA, COL, VEN",Vulnerable,3.764325605625984,3,1,1937.0,3.2873537727147464,1.2743,0,South America,68,0,1
"Akawaio (Guyana, Venezuela)",5800.0,5.3753,-60.5126,"Guyana, Venezuela (Bolivarian Republic of)","GUY, VEN",Definitely endangered,3.763502865467597,2,1,2900.0,3.4625477288026643,5.3753,0,South America,27,1,2
Akhvakh,5793.0,42.472,46.3238,Russian Federation,RUS,Definitely endangered,3.762978490867743,1,0,5793.0,3.762978490867743,42.472,1,Asia,51,1,2
Veps,5753.0,60.3269,34.8046,Russian Federation,RUS,Severely endangered,3.759969857554307,1,0,5753.0,3.759969857554307,60.3269,2,Europe,8,1,2
Qikiqtaaluk nigiani,5740.0,63.7577,-68.5178,Canada,CAN,Vulnerable,3.7589875468676195,1,0,5740.0,3.7589875468676195,63.7577,2,North America,0,0,1
Sipakapense,5687.0,15.2121,-91.6335,Guatemala,GTM,Definitely endangered,3.75495958772171,1,0,5687.0,3.75495958772171,15.2121,0,North America,63,1,2
Bribri (Costa Rica),5647.0,9.5596,-83.3073,Costa Rica,CRI,Vulnerable,3.7518946880437474,1,0,5647.0,3.7518946880437474,9.5596,0,South America,23,0,1
Bainouk-Gunyaamolo,5635.0,12.7421,-16.1141,Senegal,SEN,Vulnerable,3.750970984437319,1,0,5635.0,3.750970984437319,12.7421,0,Africa,23,0,1
Kwatay,5625.0,12.4204,-16.7596,Senegal,SEN,Severely endangered,3.750199727829182,1,0,5625.0,3.750199727829182,12.4204,0,Africa,23,1,2
Baheng (Viet Nam),5569.0,22.8166,106.35,Viet Nam,VNM,Vulnerable,3.745855195173729,1,0,5569.0,3.745855195173729,22.8166,0,Asia,57,0,1
Central Zoque,5500.0,17.0965,-93.2095,Mexico,MEX,Definitely endangered,3.740441644949766,1,0,5500.0,3.740441644949766,17.0965,0,North America,106,1,2
Dameli,5500.0,35.578,71.8684,Pakistan,PAK,Severely endangered,3.740441644949766,1,0,5500.0,3.740441644949766,35.578,1,Asia,48,1,2
Sak (Bangladesh),5500.0,21.5041,92.2055,Bangladesh,BGD,Severely endangered,3.740441644949766,1,0,5500.0,3.740441644949766,21.5041,0,Asia,50,1,2
Yidgha,5500.0,36.0024,71.6006,Pakistan,PAK,Definitely endangered,3.740441644949766,1,0,5500.0,3.740441644949766,36.0024,1,Asia,45,1,2
Southeastern Tarahumara,5406.0,26.0891,-106.9645,Mexico,MEX,Vulnerable,3.7329563695756245,1,0,5406.0,3.7329563695756245,26.0891,1,North America,10,0,1
Chimané,5300.0,-15.2629,-66.8518,Bolivia (Plurinational State of),BOL,Vulnerable,3.7243578042264267,1,0,5300.0,3.7243578042264267,15.2629,0,South America,39,0,1
Dilling,5295.0,12.0178,29.663,Sudan,SDN,Definitely endangered,3.7239479764316434,1,0,5295.0,3.7239479764316434,12.0178,0,Africa,36,1,2
San Dionisio del Mar Huave,5165.0,16.3166,-94.75,Mexico,MEX,Definitely endangered,3.7131544018372984,1,0,5165.0,3.7131544018372984,16.3166,0,North America,108,1,2
Lafofa,5140.0,10.3716,30.6243,Sudan,SDN,Severely endangered,3.711047603867034,1,0,5140.0,3.711047603867034,10.3716,0,Africa,50,1,2
Akeu,5000.0,21.5833,101.0166,"Lao People's Democratic Republic, Myanmar, Thailand","LAO, MMR, THA",Definitely endangered,3.699056854547668,3,1,1666.6666666666667,3.2221092481637466,21.5833,0,Asia,70,1,2
Anung (China),5000.0,26.7368,98.7766,China,CHN,Critically endangered,3.699056854547668,1,0,5000.0,3.699056854547668,26.7368,1,Asia,82,1,3
Bagvalal,5000.0,42.5247,46.192,Russian Federation,RUS,Definitely endangered,3.699056854547668,1,0,5000.0,3.699056854547668,42.5247,1,Asia,51,1,2
Bambassi,5000.0,9.7469,34.7662,Ethiopia,ETH,Definitely endangered,3.699056854547668,1,0,5000.0,3.699056854547668,9.7469,0,Africa,33,1,2
Barí,5000.0,9.0261,-73.2678,Colombia,COL,Vulnerable,3.699056854547668,1,0,5000.0,3.699056854547668,9.0261,0,South America,13,0,1
Bartangi,5000.0,38.048,71.8286,Tajikistan,TJK,Severely endangered,3.699056854547668,1,0,5000.0,3.699056854547668,38.048,1,Asia,40,1,2
Bokar,5000.0,28.8735,94.3807,"China, India","CHN, IND",Vulnerable,3.699056854547668,2,1,2500.0,3.3981136917305026,28.8735,1,Asia,101,0,1
Brokpa,5000.0,27.3766,91.9981,Bhutan,BTN,Definitely endangered,3.699056854547668,1,0,5000.0,3.699056854547668,27.3766,1,Asia,142,1,2
Creek,5000.0,35.6319,-95.9616,United States of America,USA,Definitely endangered,3.699056854547668,1,0,5000.0,3.699056854547668,35.6319,1,North America,25,1,2
Cubeo (Colombia),5000.0,1.5,-70.5,Colombia,COL,Vulnerable,3.699056854547668,1,0,5000.0,3.699056854547668,1.5,0,South America,64,0,1
Dagur (Hailar),5000.0,48.6111,119.7949,China,CHN,Definitely endangered,3.699056854547668,1,0,5000.0,3.699056854547668,48.6111,1,Asia,9,1,2
Damal,5000.0,-4.2806,137.0324,Indonesia,IDN,Vulnerable,3.699056854547668,1,0,5000.0,3.699056854547668,4.2806,0,Oceania,61,0,1
Dhaiso,5000.0,-5.0745,38.4741,United Republic of Tanzania,TZA,Definitely endangered,3.699056854547668,1,0,5000.0,3.699056854547668,5.0745,0,Africa,15,1,2
Gorum,5000.0,18.667,83.0346,India,IND,Definitely endangered,3.699056854547668,1,0,5000.0,3.699056854547668,18.667,0,Asia,22,1,2
Guarayu,5000.0,-15.919,-62.8747,Bolivia (Plurinational State of),BOL,Definitely endangered,3.699056854547668,1,0,5000.0,3.699056854547668,15.919,0,South America,35,1,2
Gutnish,5000.0,57.3027,18.5284,Sweden,SWE,Definitely endangered,3.699056854547668,1,0,5000.0,3.699056854547668,57.3027,2,Europe,8,1,2
Hopi,5000.0,35.8721,-110.6205,United States of America,USA,Vulnerable,3.699056854547668,1,0,5000.0,3.699056854547668,35.8721,1,North America,28,0,1
Ilue,5000.0,4.9185,8.2397,Nigeria,NGA,Critically endangered,3.699056854547668,1,0,5000.0,3.699056854547668,4.9185,0,Africa,36,1,3
Jibbali,5000.0,18.0623,52.4267,Oman,OMN,Severely endangered,3.699056854547668,1,0,5000.0,3.699056854547668,18.0623,0,Africa,4,1,2
Kalasha,5000.0,35.6684,71.7201,Pakistan,PAK,Severely endangered,3.699056854547668,1,0,5000.0,3.699056854547668,35.6684,1,Asia,48,1,2
Kami,5000.0,-6.8937,37.1337,United Republic of Tanzania,TZA,Severely endangered,3.699056854547668,1,0,5000.0,3.699056854547668,6.8937,0,Africa,12,1,2
Kathu,5000.0,24.136,105.249,China,CHN,Definitely endangered,3.699056854547668,1,0,5000.0,3.699056854547668,24.136,1,Asia,56,1,2
Khojki,5000.0,23.6193,58.5653,Oman,OMN,Severely endangered,3.699056854547668,1,0,5000.0,3.699056854547668,23.6193,1,Asia,3,1,2
Khwe,5000.0,-18.271,21.4892,Namibia,NAM,Definitely endangered,3.699056854547668,1,0,5000.0,3.699056854547668,18.271,0,Africa,7,1,2
Kom,5000.0,24.0414,93.6639,India,IND,Definitely endangered,3.699056854547668,1,0,5000.0,3.699056854547668,24.0414,1,Asia,118,1,2
Korandje,5000.0,29.4049,-3.2605,Algeria,DZA,Severely endangered,3.699056854547668,1,0,5000.0,3.699056854547668,29.4049,1,Africa,4,1,2
Lachi,5000.0,22.5,104.1333,Viet Nam,VNM,Definitely endangered,3.699056854547668,1,0,5000.0,3.699056854547668,22.5,0,Asia,81,1,2
Mak,5000.0,25.5532,107.3809,China,CHN,Definitely endangered,3.699056854547668,1,0,5000.0,3.699056854547668,25.5532,1,Asia,41,1,2
Manihiki,5000.0,-10.4,-161.0,Cook Islands,COK,Definitely endangered,3.699056854547668,1,0,5000.0,3.699056854547668,10.4,0,Other,1,1,2
Megleno-Romanian,5000.0,41.1042,22.2025,"Greece, The former Yugoslav Republic of Macedonia","GRC, MKD",Severely endangered,3.699056854547668,2,1,2500.0,3.3981136917305026,41.1042,1,Europe,11,1,2
Miji,5000.0,27.3351,92.5735,India,IND,Definitely endangered,3.699056854547668,1,0,5000.0,3.699056854547668,27.3351,1,Asia,128,1,2
Mo'ang (China),5000.0,23.8421,103.9116,China,CHN,Definitely endangered,3.699056854547668,1,0,5000.0,3.699056854547668,23.8421,1,Asia,75,1,2
Mo'ang (Viet Nam),5000.0,22.7833,105.3666,Viet Nam,VNM,Definitely endangered,3.699056854547668,1,0,5000.0,3.699056854547668,22.7833,0,Asia,72,1,2
Molise Croatian,5000.0,41.8787,14.7065,Italy,ITA,Severely endangered,3.699056854547668,1,0,5000.0,3.699056854547668,41.8787,1,Europe,19,1,2
Moroccan Judeo-Arabic (Morocco),5000.0,34.0435,-5.0097,Morocco,MAR,Severely endangered,3.699056854547668,1,0,5000.0,3.699056854547668,34.0435,1,Africa,9,1,2
Namuyi,5000.0,28.0727,101.9565,China,CHN,Vulnerable,3.699056854547668,1,0,5000.0,3.699056854547668,28.0727,1,Asia,29,0,1
Padoe,5000.0,-2.6467,121.2615,Indonesia,IDN,Vulnerable,3.699056854547668,1,0,5000.0,3.699056854547668,2.6467,0,Oceania,36,0,1
Patamona (Guyana),5000.0,4.5873,-59.8095,Guyana,GUY,Vulnerable,3.699056854547668,1,0,5000.0,3.699056854547668,4.5873,0,South America,30,0,1
Pu,5000.0,8.2549,93.1022,India,IND,Critically endangered,3.699056854547668,1,0,5000.0,3.699056854547668,8.2549,0,Asia,10,1,3
Pume,5000.0,6.7518,-68.247,Venezuela (Bolivarian Republic of),VEN,Definitely endangered,3.699056854547668,1,0,5000.0,3.699056854547668,6.7518,0,South America,21,1,2
Singpho,5000.0,27.5569,96.7456,India,IND,Definitely endangered,3.699056854547668,1,0,5000.0,3.699056854547668,27.5569,1,Asia,111,1,2
Turi,5000.0,21.8411,87.2973,India,IND,Definitely endangered,3.699056854547668,1,0,5000.0,3.699056854547668,21.8411,0,Asia,18,1,2
Udi (Azerbaijan),5000.0,41.0689,47.4609,Azerbaijan,AZE,Severely endangered,3.699056854547668,1,0,5000.0,3.699056854547668,41.0689,1,Asia,45,1,2
Yecuana (Venezuela),5000.0,4.8501,-64.5117,Venezuela (Bolivarian Republic of),VEN,Vulnerable,3.699056854547668,1,0,5000.0,3.699056854547668,4.8501,0,South America,35,0,1
Jirel,4919.0,27.6419,86.2123,Nepal,NPL,Definitely endangered,3.69196510276736,1,0,4919.0,3.69196510276736,27.6419,1,Asia,83,1,2
Dolgan,4865.0,71.3851,97.3388,Russian Federation,RUS,Definitely endangered,3.6871721045948,1,0,4865.0,3.6871721045948,71.3851,2,Asia,2,1,2
Romani (Colombia),4858.0,0.0,0.0,Colombia,COL,Vulnerable,3.686546899063006,1,0,4858.0,3.686546899063006,0.0,0,Africa,2,0,1
Tsum,4786.0,28.4723,85.008,Nepal,NPL,Definitely endangered,3.6800634274819486,1,0,4786.0,3.6800634274819486,28.4723,1,Asia,74,1,2
Northern Tlapanec,4771.0,17.4203,-98.7814,Mexico,MEX,Vulnerable,3.678700434998304,1,0,4771.0,3.678700434998304,17.4203,0,North America,103,0,1
Taroko,4750.0,24.0916,121.5218,China,CHN,Vulnerable,3.6767850304192056,1,0,4750.0,3.6767850304192056,24.0916,1,Asia,26,0,1
Kivallirmiutut,4675.0,61.0982,-94.1201,Canada,CAN,Vulnerable,3.6698745024898023,1,0,4675.0,3.6698745024898023,61.0982,2,North America,0,0,1
Puebla Mazatec,4660.0,18.476,-96.8351,Mexico,MEX,Vulnerable,3.6684791029325856,1,0,4660.0,3.6684791029325856,18.476,0,North America,111,0,1
Zapotec of Petapa,4613.0,16.8333,-95.1166,Mexico,MEX,Definitely endangered,3.664077590185075,1,0,4613.0,3.664077590185075,16.8333,0,North America,113,1,2
Dungmali,4609.0,27.1874,87.1902,Nepal,NPL,Definitely endangered,3.663700925389648,1,0,4609.0,3.663700925389648,27.1874,1,Asia,91,1,2
Saryg Yugur,4600.0,39.2747,98.8439,China,CHN,Severely endangered,3.6628522332647964,1,0,4600.0,3.6628522332647964,39.2747,1,Asia,6,1,2
Qikiqtaaluk uannangani,4550.0,69.3878,-81.615,Canada,CAN,Vulnerable,3.658106835506393,1,0,4550.0,3.658106835506393,69.3878,2,North America,0,0,1
Afitti,4512.0,12.4419,30.7534,Sudan,SDN,Severely endangered,3.654465333520146,1,0,4512.0,3.654465333520146,12.4419,0,Africa,40,1,2
Nomatsiguenga,4500.0,-11.3292,-74.3664,Peru,PER,Severely endangered,3.653309012938479,1,0,4500.0,3.653309012938479,11.3292,0,South America,32,1,2
Piapoko,4500.0,4.0396,-68.0712,"Colombia, Venezuela (Bolivarian Republic of)","COL, VEN",Definitely endangered,3.653309012938479,2,1,2250.0,3.35237549500052,4.0396,0,South America,59,1,2
Tokelauan,4500.0,-9.1699,-171.8206,Tokelau,TKL,Severely endangered,3.653309012938479,1,0,4500.0,3.653309012938479,9.1699,0,Other,0,1,2
Wotu,4500.0,-2.6303,120.888,Indonesia,IDN,Vulnerable,3.653309012938479,1,0,4500.0,3.653309012938479,2.6303,0,Oceania,35,0,1
Wambule,4471.0,27.1746,86.4363,Nepal,NPL,Vulnerable,3.650501794878367,1,0,4471.0,3.650501794878367,27.1746,1,Asia,86,0,1
Southern East Cree,4455.0,50.587,-73.6365,Canada,CAN,Vulnerable,3.6489451821656727,1,0,4455.0,3.6489451821656727,50.587,1,North America,5,0,1
Arbore,4441.0,5.069,36.892,Ethiopia,ETH,Definitely endangered,3.6475785542124552,1,0,4441.0,3.6475785542124552,5.069,0,Africa,30,1,2
Ebang,4412.0,11.313,30.5886,Sudan,SDN,Severely endangered,3.6447339274471924,1,0,4412.0,3.6447339274471924,11.313,0,Africa,45,1,2
Tafi,4400.0,6.73,0.4421,Ghana,GHA,Vulnerable,3.643551368562945,1,0,4400.0,3.643551368562945,6.73,0,Africa,8,0,1
Puma,4310.0,26.9692,86.9004,Nepal,NPL,Severely endangered,3.634578022853888,1,0,4310.0,3.634578022853888,26.9692,1,Asia,89,1,2
Gyele,4280.0,2.2241,9.8986,"Cameroon, Equatorial Guinea","CMR, GNQ",Definitely endangered,3.631545227834309,2,1,2140.0,3.3306166672944384,2.2241,0,Africa,27,1,2
Bwisi,4248.0,-3.5572,11.4477,"Congo, Gabon","COG, GAB",Definitely endangered,3.6282867310895144,2,1,2124.0,3.3273589343863303,3.5572,0,Africa,5,1,2
Eastern Montagnais,4180.0,50.2136,-66.193,Canada,CAN,Vulnerable,3.621280167550415,1,0,4180.0,3.621280167550415,50.2136,1,North America,2,0,1
Atikamekw,4155.0,47.2104,-74.3827,Canada,CAN,Vulnerable,3.6186755388851397,1,0,4155.0,3.6186755388851397,47.2104,1,North America,16,0,1
Western Zoque,4100.0,16.9063,-91.7333,Mexico,MEX,Vulnerable,3.612889769287485,1,0,4100.0,3.612889769287485,16.9063,0,North America,65,0,1
Acoma-Laguna,4000.0,34.8964,-107.5816,United States of America,USA,Definitely endangered,3.6021685513789974,1,0,4000.0,3.6021685513789974,34.8964,1,North America,23,1,2
Aka,4000.0,27.1666,92.6312,"India, Sudan","IND, SDN",Definitely endangered,3.6021685513789974,2,1,2000.0,3.3012470886362113,27.1666,1,Asia,128,1,2
Baga Manduri,4000.0,10.0986,-14.0405,Guinea,GIN,Definitely endangered,3.6021685513789974,1,0,4000.0,3.6021685513789974,10.0986,0,Africa,26,1,2
Baga Sitemu,4000.0,10.1094,-14.1586,Guinea,GIN,Severely endangered,3.6021685513789974,1,0,4000.0,3.6021685513789974,10.1094,0,Africa,26,1,2
Botlikh,4000.0,42.6602,46.2222,Russian Federation,RUS,Definitely endangered,3.6021685513789974,1,0,4000.0,3.6021685513789974,42.6602,1,Asia,51,1,2
Bunan,4000.0,32.7503,76.2451,India,IND,Definitely endangered,3.6021685513789974,1,0,4000.0,3.6021685513789974,32.7503,1,Asia,46,1,2
Cashinahua (Peru),4000.0,-10.3581,-71.5869,Peru,PER,Definitely endangered,3.6021685513789974,1,0,4000.0,3.6021685513789974,10.3581,0,South America,35,1,2
Cha'palaa,4000.0,0.9386,-79.0055,Ecuador,ECU,Definitely endangered,3.6021685513789974,1,0,4000.0,3.6021685513789974,0.9386,0,South America,31,1,2
Evenki (Manchuria),4000.0,50.34,123.43,China,CHN,Severely endangered,3.6021685513789974,1,0,4000.0,3.6021685513789974,50.34,1,Asia,9,1,2
Gazhuo,4000.0,24.0959,102.5463,China,CHN,Definitely endangered,3.6021685513789974,1,0,4000.0,3.6021685513789974,24.0959,1,Asia,77,1,2
Godoberi,4000.0,42.643,46.1027,Russian Federation,RUS,Definitely endangered,3.6021685513789974,1,0,4000.0,3.6021685513789974,42.643,1,Asia,51,1,2
"Kari'ña (Guyana, Suriname)",4000.0,6.8828,-60.2929,"Guyana, Suriname","GUY, SUR",Severely endangered,3.6021685513789974,2,1,2000.0,3.3012470886362113,6.8828,0,South America,18,1,2
Lishan Didan (Israel),4000.0,32.0383,34.7827,Israel,ISR,Severely endangered,3.6021685513789974,1,0,4000.0,3.6021685513789974,32.0383,1,Africa,15,1,2
Maleng,4000.0,18.0166,105.0,Lao People's Democratic Republic,LAO,Definitely endangered,3.6021685513789974,1,0,4000.0,3.6021685513789974,18.0166,0,Asia,38,1,2
Napu,4000.0,-1.2882,120.2536,Indonesia,IDN,Vulnerable,3.6021685513789974,1,0,4000.0,3.6021685513789974,1.2882,0,Oceania,33,0,1
Rahambuu,4000.0,-3.1898,121.0858,Indonesia,IDN,Vulnerable,3.6021685513789974,1,0,4000.0,3.6021685513789974,3.1898,0,Oceania,36,0,1
Shingsaba,4000.0,27.7163,87.4731,"China, Nepal","CHN, NPL",Vulnerable,3.6021685513789974,2,1,2000.0,3.3012470886362113,27.7163,1,Asia,92,0,1
Sinkiang Dagur,4000.0,46.7737,83.0017,China,CHN,Definitely endangered,3.6021685513789974,1,0,4000.0,3.6021685513789974,46.7737,1,Asia,4,1,2
Taa,4000.0,-24.1367,20.1049,Botswana,BWA,Definitely endangered,3.6021685513789974,1,0,4000.0,3.6021685513789974,24.1367,1,Africa,4,1,2
Tennet,4000.0,4.8611,33.2226,Sudan,SDN,Vulnerable,3.6021685513789974,1,0,4000.0,3.6021685513789974,4.8611,0,Africa,31,0,1
Wapishana (Brazil),4000.0,2.8113,-61.2377,Brazil,BRA,Definitely endangered,3.6021685513789974,1,0,4000.0,3.6021685513789974,2.8113,0,South America,28,1,2
Yagua,4000.0,-3.3598,-72.3779,Peru,PER,Definitely endangered,3.6021685513789974,1,0,4000.0,3.6021685513789974,3.3598,0,South America,51,1,2
Yanomám,4000.0,3.3818,-63.8085,Brazil,BRA,Vulnerable,3.6021685513789974,1,0,4000.0,3.6021685513789974,3.3818,0,South America,39,0,1
Yanomami (Venezuela),4000.0,2.5918,-64.7314,Venezuela (Bolivarian Republic of),VEN,Vulnerable,3.6021685513789974,1,0,4000.0,3.6021685513789974,2.5918,0,South America,46,0,1
Younuo Bunu,4000.0,25.1463,106.5405,China,CHN,Definitely endangered,3.6021685513789974,1,0,4000.0,3.6021685513789974,25.1463,1,Asia,51,1,2
Zenaga (Mauritania),4000.0,17.3086,-13.0078,Mauritania,MRT,Severely endangered,3.6021685513789974,1,0,4000.0,3.6021685513789974,17.3086,0,Africa,4,1,2
Baghati,3976.0,31.194,77.0471,India,IND,Critically endangered,3.59955559098598,1,0,3976.0,3.59955559098598,31.194,1,Asia,41,1,3
Bharmauri,3976.0,32.4912,76.8383,India,IND,Definitely endangered,3.59955559098598,1,0,3976.0,3.59955559098598,32.4912,1,Asia,47,1,2
Uspantek,3971.0,15.3475,-90.8684,Guatemala,GTM,Vulnerable,3.5990092398233435,1,0,3971.0,3.5990092398233435,15.3475,0,North America,57,0,1
Khang Quang Lam,3921.0,22.0333,102.6666,Viet Nam,VNM,Severely endangered,3.5935075893317654,1,0,3921.0,3.5935075893317654,22.0333,0,Asia,77,1,2
Konni,3800.0,10.3311,-1.6973,Ghana,GHA,Vulnerable,3.5798978696031036,1,0,3800.0,3.5798978696031036,10.3311,0,Africa,10,0,1
Tocho,3800.0,10.8764,30.1135,Sudan,SDN,Severely endangered,3.5798978696031036,1,0,3800.0,3.5798978696031036,10.8764,0,Africa,43,1,2
Mixtec of the Puebla-Oaxaca border,3791.0,18.1333,-97.6833,Mexico,MEX,Definitely endangered,3.5788683286660286,1,0,3791.0,3.5788683286660286,18.1333,0,North America,108,1,2
Nupri,3776.0,28.6384,84.6079,Nepal,NPL,Definitely endangered,3.5771469848275252,1,0,3776.0,3.5771469848275252,28.6384,1,Asia,73,1,2
Ayoreo,3700.0,-18.719,-59.6228,Bolivia (Plurinational State of),BOL,Definitely endangered,3.5683190850951116,1,0,3700.0,3.5683190850951116,18.719,0,South America,15,1,2
Moyon,3700.0,24.4171,94.378,India,IND,Definitely endangered,3.5683190850951116,1,0,3700.0,3.5683190850951116,24.4171,1,Asia,125,1,2
Utsat,3700.0,18.2727,109.3871,China,CHN,Definitely endangered,3.5683190850951116,1,0,3700.0,3.5683190850951116,18.2727,0,Asia,19,1,2
Nayi,3656.0,7.2698,36.1724,Ethiopia,ETH,Vulnerable,3.5631249603380444,1,0,3656.0,3.5631249603380444,7.2698,0,Africa,37,0,1
Mussau-Emira,3651.0,-1.4774,149.6392,Papua New Guinea,PNG,Definitely endangered,3.562530768862261,1,0,3651.0,3.562530768862261,1.4774,0,Oceania,12,1,2
Narim,3623.0,4.9048,34.2224,Sudan,SDN,Definitely endangered,3.5591881890047756,1,0,3623.0,3.5591881890047756,4.9048,0,Africa,30,1,2
Garífuna (Guatemala),3564.0,15.8268,-88.7506,Guatemala,GTM,Vulnerable,3.5520595341878844,1,0,3564.0,3.5520595341878844,15.8268,0,North America,54,0,1
Nachiring,3553.0,27.4144,86.7521,Nepal,NPL,Severely endangered,3.550717423469283,1,0,3553.0,3.550717423469283,27.4144,1,Asia,86,1,2
Eastern Popoloc,3544.0,18.3322,-97.3471,Mexico,MEX,Vulnerable,3.5496162395190853,1,0,3544.0,3.5496162395190853,18.3322,0,North America,110,0,1
Nding,3513.0,10.4121,30.6024,Sudan,SDN,Critically endangered,3.545801757159276,1,0,3513.0,3.545801757159276,10.4121,0,Africa,49,1,3
Anung (Myanmar),3500.0,27.2,98.6333,Myanmar,MMR,Severely endangered,3.5441921107650325,1,0,3500.0,3.5441921107650325,27.2,1,Asia,79,1,2
Camsá,3500.0,0.8788,-76.7724,Colombia,COL,Definitely endangered,3.5441921107650325,1,0,3500.0,3.5441921107650325,0.8788,0,South America,38,1,2
Crow,3500.0,45.5963,-107.4613,United States of America,USA,Definitely endangered,3.5441921107650325,1,0,3500.0,3.5441921107650325,45.5963,1,North America,11,1,2
Sak (Myanmar),3500.0,21.2333,93.0761,Myanmar,MMR,Vulnerable,3.5441921107650325,1,0,3500.0,3.5441921107650325,21.2333,0,Asia,50,0,1
Shwai,3500.0,11.3184,30.4156,Sudan,SDN,Critically endangered,3.5441921107650325,1,0,3500.0,3.5441921107650325,11.3184,0,Africa,41,1,3
Wano,3500.0,-3.5463,137.9058,Indonesia,IDN,Definitely endangered,3.5441921107650325,1,0,3500.0,3.5441921107650325,3.5463,0,Oceania,66,1,2
Northwestern Ojibwe,3465.0,52.0016,-95.4274,Canada,CAN,Vulnerable,3.539828558377898,1,0,3465.0,3.539828558377898,52.0016,1,North America,5,0,1
Bakpinka,3416.0,5.3644,8.2397,Nigeria,NGA,Critically endangered,3.5336449787987627,1,0,3416.0,3.5336449787987627,5.3644,0,Africa,36,1,3
Morokodo,3400.0,6.0313,29.7949,Sudan,SDN,Severely endangered,3.531606631932722,1,0,3400.0,3.531606631932722,6.0313,0,Africa,16,1,2
Eloxochitlán Mazatec,3384.0,18.1754,-96.8765,Mexico,MEX,Vulnerable,3.529558673021163,1,0,3384.0,3.529558673021163,18.1754,0,North America,109,0,1
Menik,3375.0,12.7528,-12.2717,Senegal,SEN,Definitely endangered,3.5284024379536176,1,0,3375.0,3.5284024379536176,12.7528,0,Africa,22,1,2
Teribe (Panama),3305.0,9.4472,-82.5166,Panama,PAN,Definitely endangered,3.519302849235429,1,0,3305.0,3.519302849235429,9.4472,0,South America,20,1,2
Tima,3305.0,11.7033,29.1934,Sudan,SDN,Severely endangered,3.519302849235429,1,0,3305.0,3.519302849235429,11.7033,0,Africa,37,1,2
Mursi,3278.0,5.5831,36.5075,Ethiopia,ETH,Vulnerable,3.515741416669365,1,0,3278.0,3.515741416669365,5.5831,0,Africa,31,0,1
Pendau,3200.0,0.1922,120.0091,Indonesia,IDN,Vulnerable,3.5052856741441323,1,0,3200.0,3.5052856741441323,0.1922,0,Asia,32,0,1
Ayautla Mazatec,3192.0,18.019,-96.7441,Mexico,MEX,Vulnerable,3.504198918539445,1,0,3192.0,3.504198918539445,18.019,0,North America,108,0,1
Yucatec,3155.0,17.0922,-89.1221,Belize,BLZ,Definitely endangered,3.4991369945373827,1,0,3155.0,3.4991369945373827,17.0922,0,North America,53,1,2
Sayultec,3150.0,17.8816,-94.9597,Mexico,MEX,Definitely endangered,3.4984484031739997,1,0,3150.0,3.4984484031739997,17.8816,0,North America,116,1,2
Eastern Tlapanec,3088.0,17.8135,-98.604,Mexico,MEX,Vulnerable,3.4898179083014504,1,0,3088.0,3.4898179083014504,17.8135,0,North America,104,0,1
Juhur (Caucasus),3016.0,42.0044,48.2409,"Azerbaijan, Russian Federation","AZE, RUS",Definitely endangered,3.4795753101749884,2,1,1508.0,3.17868923977559,42.0044,1,Asia,44,1,2
Awjila,3000.0,26.6278,24.5214,Libyan Arab Jamahiriya,LBY,Severely endangered,3.477265995424853,1,0,3000.0,3.477265995424853,26.6278,1,Africa,2,1,2
Baleasang,3000.0,-0.0494,119.685,Indonesia,IDN,Definitely endangered,3.477265995424853,1,0,3000.0,3.477265995424853,0.0494,0,Oceania,32,1,2
Benga,3000.0,0.9997,9.8657,"Gabon, Equatorial Guinea","GAB, GNQ",Definitely endangered,3.477265995424853,2,1,1500.0,3.1763806922432702,0.9997,0,Africa,17,1,2
Besoa,3000.0,-1.7163,120.4211,Indonesia,IDN,Vulnerable,3.477265995424853,1,0,3000.0,3.477265995424853,1.7163,0,Oceania,34,0,1
Boni,3000.0,-0.8294,40.8142,Kenya,KEN,Definitely endangered,3.477265995424853,1,0,3000.0,3.477265995424853,0.8294,0,Africa,10,1,2
Bonjo,3000.0,1.7712,17.9598,Congo,COG,Severely endangered,3.477265995424853,1,0,3000.0,3.477265995424853,1.7712,0,Africa,3,1,2
Brokshat,3000.0,34.6478,76.4978,India,IND,Definitely endangered,3.477265995424853,1,0,3000.0,3.477265995424853,34.6478,1,Asia,54,1,2
Budukh,3000.0,41.1207,48.3233,Azerbaijan,AZE,Severely endangered,3.477265995424853,1,0,3000.0,3.477265995424853,41.1207,1,Asia,43,1,2
Dahaalik,3000.0,15.6917,40.0671,Eritrea,ERI,Critically endangered,3.477265995424853,1,0,3000.0,3.477265995424853,15.6917,0,Africa,2,1,3
East Greenlandic,3000.0,65.6061,-37.6858,Greenland (Kingdom of Denmark),GRL,Definitely endangered,3.477265995424853,1,0,3000.0,3.477265995424853,65.6061,2,Other,0,1,2
Eastern Khanty,3000.0,61.2491,74.5092,Russian Federation,RUS,Definitely endangered,3.477265995424853,1,0,3000.0,3.477265995424853,61.2491,2,Asia,5,1,2
Fyem,3000.0,9.6332,8.8632,Nigeria,NGA,Severely endangered,3.477265995424853,1,0,3000.0,3.477265995424853,9.6332,0,Africa,39,1,2
Geta?,3000.0,18.2293,82.727,India,IND,Severely endangered,3.477265995424853,1,0,3000.0,3.477265995424853,18.2293,0,Asia,19,1,2
Gura,3000.0,10.075,6.8499,Nigeria,NGA,Severely endangered,3.477265995424853,1,0,3000.0,3.477265995424853,10.075,0,Africa,17,1,2
Harsusi,3000.0,19.9372,56.2637,Oman,OMN,Definitely endangered,3.477265995424853,1,0,3000.0,3.477265995424853,19.9372,0,Asia,5,1,2
Hozo,3000.0,9.3352,34.53,Ethiopia,ETH,Definitely endangered,3.477265995424853,1,0,3000.0,3.477265995424853,9.3352,0,Africa,42,1,2
Jemez,3000.0,35.6151,-106.7242,United States of America,USA,Vulnerable,3.477265995424853,1,0,3000.0,3.477265995424853,35.6151,1,North America,17,0,1
Kamara,3000.0,9.0858,-2.2576,Ghana,GHA,Definitely endangered,3.477265995424853,1,0,3000.0,3.477265995424853,9.0858,0,Africa,11,1,2
Kapingamarangi,3000.0,1.0828,154.8081,Micronesia (Federated States of),FSM,Severely endangered,3.477265995424853,1,0,3000.0,3.477265995424853,1.0828,0,Asia,1,1,2
Koitabu,3000.0,-9.346,147.1179,Papua New Guinea,PNG,Vulnerable,3.477265995424853,1,0,3000.0,3.477265995424853,9.346,0,Oceania,44,0,1
Kuk,3000.0,6.4326,10.2365,Cameroon,CMR,Definitely endangered,3.477265995424853,1,0,3000.0,3.477265995424853,6.4326,0,Africa,53,1,2
Lai,3000.0,24.4871,105.216,China,CHN,Definitely endangered,3.477265995424853,1,0,3000.0,3.477265995424853,24.4871,1,Asia,56,1,2
Limirong Tibetan,3000.0,29.9164,81.7617,Nepal,NPL,Definitely endangered,3.477265995424853,1,0,3000.0,3.477265995424853,29.9164,1,Asia,51,1,2
Lishanid Noshan (Israel),3000.0,31.7188,34.7772,Israel,ISR,Severely endangered,3.477265995424853,1,0,3000.0,3.477265995424853,31.7188,1,Africa,15,1,2
Lude,3000.0,61.5867,33.6813,Russian Federation,RUS,Severely endangered,3.477265995424853,1,0,3000.0,3.477265995424853,61.5867,2,Europe,9,1,2
"Mbya Guarani (Argentina, Uruguay)",3000.0,-29.6116,-57.4804,"Argentina, Uruguay","ARG, URY",Severely endangered,3.477265995424853,2,1,1500.0,3.1763806922432702,29.6116,1,South America,8,1,2
"Mohawk (Akwesasne, St. Regis)",3000.0,45.0033,-74.6497,United States of America,USA,Definitely endangered,3.477265995424853,1,0,3000.0,3.477265995424853,45.0033,1,North America,25,1,2
Nanay,3000.0,49.3537,136.5243,"China, Russian Federation","CHN, RUS",Severely endangered,3.477265995424853,2,1,1500.0,3.1763806922432702,49.3537,1,Asia,7,1,2
Palu'e,3000.0,-8.3242,121.7106,Indonesia,IDN,Definitely endangered,3.477265995424853,1,0,3000.0,3.477265995424853,8.3242,0,Oceania,7,1,2
Panare,3000.0,6.5445,-66.4233,Venezuela (Bolivarian Republic of),VEN,Vulnerable,3.477265995424853,1,0,3000.0,3.477265995424853,6.5445,0,South America,25,0,1
Pilagá,3000.0,-25.4035,-58.6669,Argentina,ARG,Vulnerable,3.477265995424853,1,0,3000.0,3.477265995424853,25.4035,1,South America,16,0,1
Pitjantjatjara,3000.0,-26.0719,129.9517,Australia,AUS,Vulnerable,3.477265995424853,1,0,3000.0,3.477265995424853,26.0719,1,Oceania,5,0,1
Pukur,3000.0,10.4013,-14.4799,Guinea,GIN,Definitely endangered,3.477265995424853,1,0,3000.0,3.477265995424853,10.4013,0,Africa,26,1,2
Rotuman,3000.0,-12.5063,177.0776,Fiji,FJI,Vulnerable,3.477265995424853,1,0,3000.0,3.477265995424853,12.5063,0,Oceania,0,0,1
Savi,3000.0,35.2085,71.845,"Pakistan, Afghanistan","PAK, AFG",Definitely endangered,3.477265995424853,2,1,1500.0,3.1763806922432702,35.2085,1,Asia,50,1,2
Sherdukpen,3000.0,27.1935,92.351,India,IND,Vulnerable,3.477265995424853,1,0,3000.0,3.477265995424853,27.1935,1,Asia,133,0,1
Shira Yugur,3000.0,39.1002,99.2065,China,CHN,Severely endangered,3.477265995424853,1,0,3000.0,3.477265995424853,39.1002,1,Asia,9,1,2
Takahanyilang,3000.0,6.85,93.8726,India,IND,Critically endangered,3.477265995424853,1,0,3000.0,3.477265995424853,6.85,0,Asia,7,1,3
U,3000.0,23.4844,99.8404,China,CHN,Definitely endangered,3.477265995424853,1,0,3000.0,3.477265995424853,23.4844,0,Asia,65,1,2
Ulithian,3000.0,10.0229,139.6801,Micronesia (Federated States of),FSM,Severely endangered,3.477265995424853,1,0,3000.0,3.477265995424853,10.0229,0,Asia,0,1,2
Waima'a,3000.0,-8.4995,126.3372,Timor-Leste,TLS,Definitely endangered,3.477265995424853,1,0,3000.0,3.477265995424853,8.4995,0,Oceania,12,1,2
Warlpiri,3000.0,-20.8177,131.6601,Australia,AUS,Vulnerable,3.477265995424853,1,0,3000.0,3.477265995424853,20.8177,0,Oceania,9,0,1
Yukpa,3000.0,9.7956,-72.9382,Venezuela (Bolivarian Republic of),VEN,Vulnerable,3.477265995424853,1,0,3000.0,3.477265995424853,9.7956,0,South America,13,0,1
Western Montagnais,2980.0,48.9635,-68.5729,Canada,CAN,Vulnerable,3.4743619760326307,1,0,2980.0,3.4743619760326307,48.9635,1,North America,8,0,1
Waiwai (Brazil),2916.0,-0.7909,-58.2714,Brazil,BRA,Vulnerable,3.4649364291217326,1,0,2916.0,3.4649364291217326,0.7909,0,South America,18,0,1
Jersey French,2874.0,49.2211,-2.1368,United Kingdom of Great Britain and Northern Ireland,GBR,Severely endangered,3.4586378490256493,1,0,2874.0,3.4586378490256493,49.2211,1,Europe,15,1,2
Bahing,2765.0,27.3126,86.5571,Nepal,NPL,Definitely endangered,3.441852175773292,1,0,2765.0,3.441852175773292,27.3126,1,Asia,86,1,2
Stoney,2765.0,51.161,-114.8533,Canada,CAN,Vulnerable,3.441852175773292,1,0,2765.0,3.441852175773292,51.161,1,North America,11,0,1
Southwestern Tepehuan,2756.0,22.8349,-105.7276,Mexico,MEX,Vulnerable,3.4404367661057735,1,0,2756.0,3.4404367661057735,22.8349,0,North America,3,0,1
Northern Mansi,2746.0,62.6539,63.1494,Russian Federation,RUS,Severely endangered,3.438858659420562,1,0,2746.0,3.438858659420562,62.6539,2,Asia,6,1,2
Bisu,2740.0,19.715,99.6789,"Myanmar, Thailand","MMR, THA",Definitely endangered,3.4379090355394983,2,1,1370.0,3.1370374547895126,19.715,0,Asia,48,1,2
Wari,2721.0,-11.7275,-65.0061,Brazil,BRA,Definitely endangered,3.434888120867316,1,0,2721.0,3.434888120867316,11.7275,0,South America,46,1,2
Pakan,2700.0,23.7447,105.2235,China,CHN,Definitely endangered,3.431524584187451,1,0,2700.0,3.431524584187451,23.7447,1,Asia,62,1,2
Yami,2700.0,22.0512,121.5403,China,CHN,Vulnerable,3.431524584187451,1,0,2700.0,3.431524584187451,22.0512,0,Asia,29,0,1
Ko,2683.0,10.6714,30.8386,Sudan,SDN,Critically endangered,3.4287825114969546,1,0,2683.0,3.4287825114969546,10.6714,0,Africa,48,1,3
Yuracaré,2675.0,-16.6888,-65.4345,Bolivia (Plurinational State of),BOL,Definitely endangered,3.4274861090957853,1,0,2675.0,3.4274861090957853,16.6888,0,South America,27,1,2
Aimol,2643.0,24.4971,93.6145,India,IND,Critically endangered,3.4222614508136027,1,0,2643.0,3.4222614508136027,24.4971,1,Asia,128,1,3
Kohi,2641.0,27.3607,86.8661,Nepal,NPL,Vulnerable,3.4219328132785085,1,0,2641.0,3.4219328132785085,27.3607,1,Asia,88,0,1
Chatino of the western lowlands,2640.0,16.3049,-97.5466,Mexico,MEX,Definitely endangered,3.421768401206924,1,0,2640.0,3.421768401206924,16.3049,0,North America,103,1,2
Bolo,2627.0,-10.5526,14.9633,Angola,ANG,Definitely endangered,3.419625360887743,1,0,2627.0,3.419625360887743,10.5526,0,Africa,0,1,2
Logol,2600.0,10.8521,30.6463,Sudan,SDN,Severely endangered,3.4151403521958725,1,0,2600.0,3.4151403521958725,10.8521,0,Africa,46,1,2
Sila,2600.0,22.3094,102.041,"Lao People's Democratic Republic, Viet Nam","LAO, VNM",Definitely endangered,3.4151403521958725,2,1,1300.0,3.1142772965615864,22.3094,0,Asia,80,1,2
Pisaflores Tepehua,2578.0,20.6883,-98.0125,Mexico,MEX,Vulnerable,3.4114513421379375,1,0,2578.0,3.4114513421379375,20.6883,0,North America,88,0,1
Xerente,2569.0,-9.3356,-48.2227,Brazil,BRA,Severely endangered,3.4099331233312946,1,0,2569.0,3.4099331233312946,9.3356,0,South America,10,1,2
Bribri (Panama),2521.0,9.4813,-82.6174,Panama,PAN,Severely endangered,3.401745082237063,1,0,2521.0,3.401745082237063,9.4813,0,South America,21,1,2
Achuar,2500.0,-2.8991,-77.4316,"Ecuador, Peru","ECU, PER",Definitely endangered,3.3981136917305026,2,1,1250.0,3.09725730969342,2.8991,0,South America,46,1,2
Bai,2500.0,8.0592,25.5102,Sudan,SDN,Definitely endangered,3.3981136917305026,1,0,2500.0,3.3981136917305026,8.0592,0,Africa,16,1,2
Banka,2500.0,11.4261,-5.6744,Mali,MLI,Definitely endangered,3.3981136917305026,1,0,2500.0,3.3981136917305026,11.4261,0,Africa,5,1,2
Culina (Peru),2500.0,-9.6224,-70.7958,Peru,PER,Definitely endangered,3.3981136917305026,1,0,2500.0,3.3981136917305026,9.6224,0,South America,37,1,2
Gadang,2500.0,10.3473,17.2485,Chad,TCD,Definitely endangered,3.3981136917305026,1,0,2500.0,3.3981136917305026,10.3473,0,Africa,38,1,2
Khinalug,2500.0,41.1579,48.0706,Azerbaijan,AZE,Severely endangered,3.3981136917305026,1,0,2500.0,3.3981136917305026,41.1579,1,Asia,43,1,2
Laomian (China),2500.0,23.7645,100.0195,China,CHN,Definitely endangered,3.3981136917305026,1,0,2500.0,3.3981136917305026,23.7645,1,Asia,65,1,2
Laomian (Myanmar),2500.0,22.6833,99.25,Myanmar,MMR,Definitely endangered,3.3981136917305026,1,0,2500.0,3.3981136917305026,22.6833,0,Asia,66,1,2
Lhokpu,2500.0,26.9514,89.2968,Bhutan,BTN,Definitely endangered,3.3981136917305026,1,0,2500.0,3.3981136917305026,26.9514,1,Asia,109,1,2
Martuwangka,2500.0,-24.1975,122.9589,Australia,AUS,Vulnerable,3.3981136917305026,1,0,2500.0,3.3981136917305026,24.1975,1,Oceania,7,0,1
Mayoruna (Peru),2500.0,-5.5285,-73.4765,Peru,PER,Vulnerable,3.3981136917305026,1,0,2500.0,3.3981136917305026,5.5285,0,South America,45,0,1
Pingelapese,2500.0,6.2279,160.7107,Micronesia (Federated States of),FSM,Severely endangered,3.3981136917305026,1,0,2500.0,3.3981136917305026,6.2279,0,Asia,3,1,2
Rapanui,2500.0,-27.108,-109.3579,Chile,CHL,Severely endangered,3.3981136917305026,1,0,2500.0,3.3981136917305026,27.108,1,Other,0,1,2
Remo,2500.0,19.1659,82.6391,India,IND,Severely endangered,3.3981136917305026,1,0,2500.0,3.3981136917305026,19.1659,0,Asia,26,1,2
Roshorvi,2500.0,38.1086,72.1719,Tajikistan,TJK,Severely endangered,3.3981136917305026,1,0,2500.0,3.3981136917305026,38.1086,1,Asia,40,1,2
Sanglechi,2500.0,36.6585,71.4784,"Tajikistan, Afghanistan","TJK, AFG",Severely endangered,3.3981136917305026,2,1,1250.0,3.09725730969342,36.6585,1,Asia,43,1,2
Semelai,2500.0,3.1761,102.4818,Malaysia,MYS,Severely endangered,3.3981136917305026,1,0,2500.0,3.3981136917305026,3.1761,0,Asia,20,1,2
Urak Lawoi (Malaysia),2500.0,6.4194,99.7869,Malaysia,MYS,Definitely endangered,3.3981136917305026,1,0,2500.0,3.3981136917305026,6.4194,0,Asia,20,1,2
Urak Lawoi (Thailand),2500.0,7.7756,98.3306,Thailand,THA,Definitely endangered,3.3981136917305026,1,0,2500.0,3.3981136917305026,7.7756,0,Asia,10,1,2
Zirenkel,2500.0,12.136,18.4735,Chad,TCD,Definitely endangered,3.3981136917305026,1,0,2500.0,3.3981136917305026,12.136,0,Africa,31,1,2
Vumbu,2460.0,-1.8783,10.816,Gabon,GAB,Definitely endangered,3.3911116137028023,1,0,2460.0,3.3911116137028023,1.8783,0,Africa,9,1,2
Mopán (Guatemala),2455.0,16.5144,-89.4167,Guatemala,GTM,Severely endangered,3.3902283624691303,1,0,2455.0,3.3902283624691303,16.5144,0,North America,53,1,2
Cuiba,2445.0,6.4463,-69.9389,"Colombia, Venezuela (Bolivarian Republic of)","COL, VEN",Severely endangered,3.3884564527002667,2,1,1222.5,3.087603973687808,6.4463,0,South America,20,1,2
Raji,2413.0,27.9721,82.3135,Nepal,NPL,Severely endangered,3.3827372657613304,1,0,2413.0,3.3827372657613304,27.9721,1,Asia,67,1,2
Highland Chontal,2410.0,16.2832,-95.857,Mexico,MEX,Severely endangered,3.382197210377454,1,0,2410.0,3.382197210377454,16.2832,0,North America,108,1,2
Yasa,2401.0,2.3284,9.8464,"Cameroon, Equatorial Guinea","CMR, GNQ",Definitely endangered,3.3805730030668872,2,1,1200.5,3.079723775139919,2.3284,0,Africa,29,1,2
Bumbita Arapesh,2353.0,-3.6449,142.8002,Papua New Guinea,PNG,Vulnerable,3.371806458507416,1,0,2353.0,3.371806458507416,3.6449,0,Oceania,78,0,1
Mang (China),2300.0,22.8293,103.1039,China,CHN,Definitely endangered,3.3619166186686433,1,0,2300.0,3.3619166186686433,22.8293,0,Asia,75,1,2
Mang (Viet Nam),2300.0,22.35,102.9666,Viet Nam,VNM,Definitely endangered,3.3619166186686433,1,0,2300.0,3.3619166186686433,22.35,0,Asia,78,1,2
Tlachichilco Tepehua,2234.0,20.6205,-98.1991,Mexico,MEX,Definitely endangered,3.3492775274679554,1,0,2234.0,3.3492775274679554,20.6205,0,North America,88,1,2
Blackfoot (Canada),2200.0,49.3535,-113.2884,Canada,CAN,Definitely endangered,3.342620042553348,1,0,2200.0,3.342620042553348,49.3535,1,North America,13,1,2
Jaya,2200.0,12.187,18.1645,Chad,TCD,Severely endangered,3.342620042553348,1,0,2200.0,3.342620042553348,12.187,0,Africa,30,1,2
Karipuna do Amapá,2200.0,3.3379,-51.6796,Brazil,BRA,Vulnerable,3.342620042553348,1,0,2200.0,3.342620042553348,3.3379,0,South America,14,0,1
Kulfa,2200.0,9.9742,19.1848,Chad,TCD,Definitely endangered,3.342620042553348,1,0,2200.0,3.342620042553348,9.9742,0,Africa,27,1,2
Krahô,2184.0,-8.4071,-47.2851,Brazil,BRA,Vulnerable,3.3394514413064407,1,0,2184.0,3.3394514413064407,8.4071,0,South America,12,0,1
Kristang,2150.0,2.1935,102.256,Malaysia,MYS,Severely endangered,3.3326404103874627,1,0,2150.0,3.3326404103874627,2.1935,0,Asia,18,1,2
Yine,2150.0,-11.4584,-73.0261,Peru,PER,Definitely endangered,3.3326404103874627,1,0,2150.0,3.3326404103874627,11.4584,0,South America,35,1,2
North Alaskan Inupiaq (Kotzebue Sound),2144.0,66.8972,-162.5855,United States of America,USA,Severely endangered,3.331427296520743,1,0,2144.0,3.331427296520743,66.8972,2,North America,6,1,2
North Alaskan Inupiaq (North Slope),2144.0,71.2725,-156.7749,United States of America,USA,Severely endangered,3.331427296520743,1,0,2144.0,3.331427296520743,71.2725,2,North America,0,1,2
Seward Peninsula Inupiaq (King Island),2144.0,64.9728,-168.0616,United States of America,USA,Critically endangered,3.331427296520743,1,0,2144.0,3.331427296520743,64.9728,2,North America,8,1,3
Seward Peninsula Inupiaq (Little Diomede Island),2144.0,65.755,-168.9167,United States of America,USA,Critically endangered,3.331427296520743,1,0,2144.0,3.331427296520743,65.755,2,North America,8,1,3
Seward Peninsula Inupiaq (Norton Sound),2144.0,64.5433,-163.029,United States of America,USA,Critically endangered,3.331427296520743,1,0,2144.0,3.331427296520743,64.5433,2,North America,11,1,3
Katukína-Kanamarí,2100.0,-5.6159,-68.7304,Brazil,BRA,Vulnerable,3.3224260524059526,1,0,2100.0,3.3224260524059526,5.6159,0,South America,27,0,1
Tiwi,2100.0,-11.6091,130.8911,Australia,AUS,Vulnerable,3.3224260524059526,1,0,2100.0,3.3224260524059526,11.6091,0,Oceania,28,0,1
Zaozou,2100.0,26.1554,99.2944,China,CHN,Vulnerable,3.3224260524059526,1,0,2100.0,3.3224260524059526,26.1554,1,Asia,71,0,1
Ngäbere (Costa Rica),2041.0,8.4723,-82.9907,Costa Rica,CRI,Definitely endangered,3.3100557377508912,1,0,2041.0,3.3100557377508912,8.4723,0,South America,20,1,2
Aiton,2000.0,26.6523,94.2901,India,IND,Severely endangered,3.3012470886362113,1,0,2000.0,3.3012470886362113,26.6523,1,Asia,128,1,2
Anindilyakwa,2000.0,-13.9987,136.582,Australia,AUS,Vulnerable,3.3012470886362113,1,0,2000.0,3.3012470886362113,13.9987,0,Oceania,26,0,1
Apurinã,2000.0,-5.4847,-63.8964,Brazil,BRA,Definitely endangered,3.3012470886362113,1,0,2000.0,3.3012470886362113,5.4847,0,South America,19,1,2
Arrernte,2000.0,-24.1668,132.0996,Australia,AUS,Vulnerable,3.3012470886362113,1,0,2000.0,3.3012470886362113,24.1668,1,Oceania,6,0,1
Ashkun,2000.0,34.9973,71.0746,Afghanistan,AFG,Definitely endangered,3.3012470886362113,1,0,2000.0,3.3012470886362113,34.9973,1,Asia,46,1,2
Ata,2000.0,9.6081,122.9155,Philippines,PHL,Critically endangered,3.3012470886362113,1,0,2000.0,3.3012470886362113,9.6081,0,Asia,7,1,3
Athpahariya,2000.0,26.952,87.3399,Nepal,NPL,Definitely endangered,3.3012470886362113,1,0,2000.0,3.3012470886362113,26.952,1,Asia,92,1,2
Ava-Guaraní,2000.0,-23.1403,-64.3359,Argentina,ARG,Definitely endangered,3.3012470886362113,1,0,2000.0,3.3012470886362113,23.1403,0,South America,8,1,2
Bayso,2000.0,6.4081,37.749,Ethiopia,ETH,Definitely endangered,3.3012470886362113,1,0,2000.0,3.3012470886362113,6.4081,0,Africa,28,1,2
Birhor,2000.0,21.7594,85.935,India,IND,Critically endangered,3.3012470886362113,1,0,2000.0,3.3012470886362113,21.7594,0,Asia,24,1,3
Boano,2000.0,0.4724,120.9979,Indonesia,IDN,Vulnerable,3.3012470886362113,1,0,2000.0,3.3012470886362113,0.4724,0,Asia,33,0,1
Bori,2000.0,28.9889,94.4439,"China, India","CHN, IND",Definitely endangered,3.3012470886362113,2,1,1000.0,3.000434077479319,28.9889,1,Asia,97,1,2
Chepya,2000.0,21.3833,101.8166,Lao People's Democratic Republic,LAO,Definitely endangered,3.3012470886362113,1,0,2000.0,3.3012470886362113,21.3833,0,Asia,81,1,2
Chilisso,2000.0,35.2136,73.2396,Pakistan,PAK,Severely endangered,3.3012470886362113,1,0,2000.0,3.3012470886362113,35.2136,1,Asia,54,1,2
Culina (Brazil),2000.0,-7.1008,-68.7744,Brazil,BRA,Vulnerable,3.3012470886362113,1,0,2000.0,3.3012470886362113,7.1008,0,South America,26,0,1
Damana,2000.0,10.9196,-73.4985,Colombia,COL,Definitely endangered,3.3012470886362113,1,0,2000.0,3.3012470886362113,10.9196,0,South America,8,1,2
Duguza,2000.0,9.9039,9.1186,Nigeria,NGA,Definitely endangered,3.3012470886362113,1,0,2000.0,3.3012470886362113,9.9039,0,Africa,39,1,2
Galibi Marworno,2000.0,3.4256,-52.0312,Brazil,BRA,Vulnerable,3.3012470886362113,1,0,2000.0,3.3012470886362113,3.4256,0,South America,16,0,1
Gats'ama - Ganjule - Harro,2000.0,5.9548,37.5292,Ethiopia,ETH,Definitely endangered,3.3012470886362113,1,0,2000.0,3.3012470886362113,5.9548,0,Africa,29,1,2
Gebe,2000.0,-0.1922,129.5397,Indonesia,IDN,Vulnerable,3.3012470886362113,1,0,2000.0,3.3012470886362113,0.1922,0,Oceania,35,0,1
Ghadames,2000.0,30.1166,9.5251,Libyan Arab Jamahiriya,LBY,Vulnerable,3.3012470886362113,1,0,2000.0,3.3012470886362113,30.1166,1,Africa,3,0,1
Griko (Calabria),2000.0,37.9961,15.9329,Italy,ITA,Severely endangered,3.3012470886362113,1,0,2000.0,3.3012470886362113,37.9961,1,Europe,9,1,2
Huilliche,2000.0,-40.4803,-73.5424,Chile,CHL,Critically endangered,3.3012470886362113,1,0,2000.0,3.3012470886362113,40.4803,1,South America,2,1,3
Ik,2000.0,3.5024,34.1894,Uganda,UGA,Severely endangered,3.3012470886362113,1,0,2000.0,3.3012470886362113,3.5024,0,Africa,27,1,2
Jangshung,2000.0,31.7748,78.4753,India,IND,Definitely endangered,3.3012470886362113,1,0,2000.0,3.3012470886362113,31.7748,1,Asia,40,1,2
Jero,2000.0,27.2241,86.3909,Nepal,NPL,Vulnerable,3.3012470886362113,1,0,2000.0,3.3012470886362113,27.2241,1,Asia,86,0,1
Kari'ña (French Guyana),2000.0,5.5066,-53.6572,French Guiana (France),GUF,Definitely endangered,3.3012470886362113,1,0,2000.0,3.3012470886362113,5.5066,0,South America,17,1,2
Khamnigan Mongol,2000.0,50.3454,114.1094,"China, Mongolia, Russian Federation","CHN, MNG, RUS",Definitely endangered,3.3012470886362113,3,1,666.6666666666666,2.8245596945739138,50.3454,1,Asia,5,1,2
Kona,2000.0,9.0587,11.2829,Nigeria,NGA,Severely endangered,3.3012470886362113,1,0,2000.0,3.3012470886362113,9.0587,0,Africa,48,1,2
Koreguaje,2000.0,1.0,-75.0,Colombia,COL,Definitely endangered,3.3012470886362113,1,0,2000.0,3.3012470886362113,1.0,0,South America,41,1,2
Koryak,2000.0,61.8561,168.6621,Russian Federation,RUS,Severely endangered,3.3012470886362113,1,0,2000.0,3.3012470886362113,61.8561,2,Asia,2,1,2
Kota,2000.0,11.4154,76.8576,India,IND,Critically endangered,3.3012470886362113,1,0,2000.0,3.3012470886362113,11.4154,0,Asia,11,1,3
Logorik,2000.0,11.1433,29.8306,Sudan,SDN,Critically endangered,3.3012470886362113,1,0,2000.0,3.3012470886362113,11.1433,0,Africa,39,1,3
Lule Saami,2000.0,67.272,17.7978,"Norway, Sweden","NOR, SWE",Severely endangered,3.3012470886362113,2,1,1000.0,3.000434077479319,67.272,2,Europe,6,1,2
Luro,2000.0,7.915,93.3837,India,IND,Critically endangered,3.3012470886362113,1,0,2000.0,3.3012470886362113,7.915,0,Asia,9,1,3
Mambai,2000.0,9.6007,14.0899,Chad,TCD,Severely endangered,3.3012470886362113,1,0,2000.0,3.3012470886362113,9.6007,0,Africa,43,1,2
Milang,2000.0,28.488,95.2954,India,IND,Definitely endangered,3.3012470886362113,1,0,2000.0,3.3012470886362113,28.488,1,Asia,112,1,2
Mocoví,2000.0,-27.6056,-59.7656,Argentina,ARG,Definitely endangered,3.3012470886362113,1,0,2000.0,3.3012470886362113,27.6056,1,South America,12,1,2
Momuna,2000.0,-5.0,139.0,Indonesia,IDN,Vulnerable,3.3012470886362113,1,0,2000.0,3.3012470886362113,5.0,0,Oceania,71,0,1
Mpi,2000.0,18.2554,100.2227,Thailand,THA,Definitely endangered,3.3012470886362113,1,0,2000.0,3.3012470886362113,18.2554,0,Asia,42,1,2
Muda,2000.0,21.8421,100.6851,China,CHN,Vulnerable,3.3012470886362113,1,0,2000.0,3.3012470886362113,21.8421,0,Asia,71,0,1
Munji,2000.0,36.0379,70.6723,Afghanistan,AFG,Severely endangered,3.3012470886362113,1,0,2000.0,3.3012470886362113,36.0379,1,Asia,41,1,2
Nguon,2000.0,17.5333,105.3833,Viet Nam,VNM,Vulnerable,3.3012470886362113,1,0,2000.0,3.3012470886362113,17.5333,0,Asia,40,0,1
Nheengatu / Yeral (Venezuela),2000.0,1.2303,-66.8408,Venezuela (Bolivarian Republic of),VEN,Severely endangered,3.3012470886362113,1,0,2000.0,3.3012470886362113,1.2303,0,South America,68,1,2
Nihali,2000.0,20.5402,76.0913,India,IND,Critically endangered,3.3012470886362113,1,0,2000.0,3.3012470886362113,20.5402,0,Asia,7,1,3
Nyishangba,2000.0,28.6423,84.1017,Nepal,NPL,Definitely endangered,3.3012470886362113,1,0,2000.0,3.3012470886362113,28.6423,1,Asia,73,1,2
Ottawa (Walpole Island),2000.0,42.6068,-82.5195,"Canada, United States of America","CAN, USA",Severely endangered,3.3012470886362113,2,1,1000.0,3.000434077479319,42.6068,1,North America,17,1,2
Prasun,2000.0,35.3543,71.26,Afghanistan,AFG,Definitely endangered,3.3012470886362113,1,0,2000.0,3.3012470886362113,35.3543,1,Asia,46,1,2
Rukai,2000.0,22.792,120.8104,China,CHN,Vulnerable,3.3012470886362113,1,0,2000.0,3.3012470886362113,22.792,0,Asia,25,0,1
Sáliba,2000.0,5.3097,-69.873,"Colombia, Venezuela (Bolivarian Republic of)","COL, VEN",Severely endangered,3.3012470886362113,2,1,1000.0,3.000434077479319,5.3097,0,South America,32,1,2
Sangkong,2000.0,21.5158,100.6957,China,CHN,Vulnerable,3.3012470886362113,1,0,2000.0,3.3012470886362113,21.5158,0,Asia,64,0,1
Sarwa,2000.0,10.5958,17.0397,Chad,TCD,Definitely endangered,3.3012470886362113,1,0,2000.0,3.3012470886362113,10.5958,0,Africa,38,1,2
Shoshoni (Idaho),2000.0,43.0438,-112.4629,United States of America,USA,Severely endangered,3.3012470886362113,1,0,2000.0,3.3012470886362113,43.0438,1,North America,8,1,2
Shoshoni (Nevada),2000.0,40.0358,-113.9835,United States of America,USA,Severely endangered,3.3012470886362113,1,0,2000.0,3.3012470886362113,40.0358,1,North America,11,1,2
Shoshoni (Wyoming),2000.0,43.014,-108.8209,United States of America,USA,Severely endangered,3.3012470886362113,1,0,2000.0,3.3012470886362113,43.014,1,North America,6,1,2
Tai Phake,2000.0,27.5033,95.2185,India,IND,Severely endangered,3.3012470886362113,1,0,2000.0,3.3012470886362113,27.5033,1,Asia,122,1,2
Tamazight (Arzew),2000.0,35.5869,-0.4737,Algeria,DZA,Critically endangered,3.3012470886362113,1,0,2000.0,3.3012470886362113,35.5869,1,Europe,10,1,3
Tanglang,2000.0,26.0863,99.7119,China,CHN,Vulnerable,3.3012470886362113,1,0,2000.0,3.3012470886362113,26.0863,1,Asia,66,0,1
Tchitchege,2000.0,-1.8508,13.612,Gabon,GAB,Definitely endangered,3.3012470886362113,1,0,2000.0,3.3012470886362113,1.8508,0,Africa,6,1,2
Tinan,2000.0,32.519,77.6733,"China, India","CHN, IND",Definitely endangered,3.3012470886362113,2,1,1000.0,3.000434077479319,32.519,1,Asia,42,1,2
Tsafiki,2000.0,-0.25,-79.15,Ecuador,ECU,Definitely endangered,3.3012470886362113,1,0,2000.0,3.3012470886362113,0.25,0,South America,36,1,2
Ukhwejo,2000.0,3.3626,16.0565,Central African Republic,CAF,Severely endangered,3.3012470886362113,1,0,2000.0,3.3012470886362113,3.3626,0,Africa,4,1,2
Urarina,2000.0,-4.3464,-75.3002,Peru,PER,Vulnerable,3.3012470886362113,1,0,2000.0,3.3012470886362113,4.3464,0,South America,49,0,1
Ushojo,2000.0,35.0209,72.897,Pakistan,PAK,Definitely endangered,3.3012470886362113,1,0,2000.0,3.3012470886362113,35.0209,1,Asia,53,1,2
Waigali,2000.0,35.1895,71.1941,Afghanistan,AFG,Definitely endangered,3.3012470886362113,1,0,2000.0,3.3012470886362113,35.1895,1,Asia,46,1,2
Waotededo,2000.0,-1.1864,-76.6296,Ecuador,ECU,Vulnerable,3.3012470886362113,1,0,2000.0,3.3012470886362113,1.1864,0,South America,48,0,1
Wotapuri-Katarqalai,2000.0,34.4166,70.3333,Afghanistan,AFG,Definitely endangered,3.3012470886362113,1,0,2000.0,3.3012470886362113,34.4166,1,Asia,40,1,2
Wutun,2000.0,35.791,102.4365,China,CHN,Definitely endangered,3.3012470886362113,1,0,2000.0,3.3012470886362113,35.791,1,Asia,12,1,2
Candoshi,1900.0,-3.7107,-76.9042,Peru,PER,Definitely endangered,3.278982116865443,1,0,1900.0,3.278982116865443,3.7107,0,South America,45,1,2
Hupda (Brazil),1900.0,0.7909,-68.247,Brazil,BRA,Vulnerable,3.278982116865443,1,0,1900.0,3.278982116865443,0.7909,0,South America,67,0,1
Mixtec of the central Ravine,1878.0,17.9666,-96.8333,Mexico,MEX,Definitely endangered,3.2739267801005254,1,0,1878.0,3.2739267801005254,17.9666,0,North America,108,1,2
Kendeje,1859.0,13.6299,21.5771,Chad,TCD,Definitely endangered,3.2695129442179165,1,0,1859.0,3.2695129442179165,13.6299,0,Africa,16,1,2
Hunzib,1839.0,42.1654,46.2991,Russian Federation,RUS,Definitely endangered,3.2648178230095364,1,0,1839.0,3.2648178230095364,42.1654,1,Asia,53,1,2
Tchumbuli,1838.0,8.7113,2.1533,Benin,BEN,Critically endangered,3.2645817292380777,1,0,1838.0,3.2645817292380777,8.7113,0,Africa,8,1,3
Cashibo-Cacataibo,1800.0,-8.9393,-75.0915,Peru,PER,Definitely endangered,3.2555137128195333,1,0,1800.0,3.2555137128195333,8.9393,0,South America,38,1,2
Grass Koiari,1800.0,-9.4558,147.5559,Papua New Guinea,PNG,Vulnerable,3.2555137128195333,1,0,1800.0,3.2555137128195333,9.4558,0,Oceania,43,0,1
Isirawa,1800.0,-1.8783,138.5485,Indonesia,IDN,Vulnerable,3.2555137128195333,1,0,1800.0,3.2555137128195333,1.8783,0,Oceania,62,0,1
Lanoh,1800.0,5.2509,101.0206,Malaysia,MYS,Critically endangered,3.2555137128195333,1,0,1800.0,3.2555137128195333,5.2509,0,Asia,23,1,3
Lemolang,1800.0,-2.6303,120.1849,Indonesia,IDN,Vulnerable,3.2555137128195333,1,0,1800.0,3.2555137128195333,2.6303,0,Oceania,34,0,1
Nila (Seram Island),1800.0,-3.2173,128.9849,Indonesia,IDN,Definitely endangered,3.2555137128195333,1,0,1800.0,3.2555137128195333,3.2173,0,Oceania,36,1,2
Shixing,1800.0,28.5263,100.4734,China,CHN,Definitely endangered,3.2555137128195333,1,0,1800.0,3.2555137128195333,28.5263,1,Asia,32,1,2
Chuj (Mexico),1771.0,16.1203,-92.0407,Mexico,MEX,Critically endangered,3.248463717551032,1,0,1771.0,3.248463717551032,16.1203,0,North America,67,1,3
Darma,1761.0,30.0037,80.5641,"India, Nepal","IND, NPL",Definitely endangered,3.246005904076029,2,1,880.5,2.945222316635341,30.0037,1,Asia,49,1,2
Kung,1750.0,6.5227,10.1074,Cameroon,CMR,Severely endangered,3.243286146083446,1,0,1750.0,3.243286146083446,6.5227,0,Africa,52,1,2
Lokono (Guyana),1750.0,6.2934,-58.0957,"Guyana, Venezuela (Bolivarian Republic of)","GUY, VEN",Critically endangered,3.243286146083446,2,1,875.0,2.9425041061680806,6.2934,0,South America,18,1,3
Byangsi,1734.0,30.0595,80.7824,"India, Nepal","IND, NPL",Definitely endangered,3.2392994791268923,2,1,867.0,2.938519725176492,30.0595,1,Asia,50,1,2
Pasing,1732.0,21.1254,101.4697,Lao People's Democratic Republic,LAO,Definitely endangered,3.238798562713917,1,0,1732.0,3.238798562713917,21.1254,0,Asia,76,1,2
Yamphu,1722.0,27.5935,87.3316,Nepal,NPL,Definitely endangered,3.2362852774480286,1,0,1722.0,3.2362852774480286,27.5935,1,Asia,93,1,2
Andio,1700.0,-0.8514,123.1457,Indonesia,IDN,Vulnerable,3.230704313612569,1,0,1700.0,3.230704313612569,0.8514,0,Oceania,37,0,1
Cheyenne (Montana),1700.0,45.5495,-106.5263,United States of America,USA,Definitely endangered,3.230704313612569,1,0,1700.0,3.230704313612569,45.5495,1,North America,9,1,2
Kumzari,1700.0,26.1936,56.2431,Oman,OMN,Severely endangered,3.230704313612569,1,0,1700.0,3.230704313612569,26.1936,1,Asia,4,1,2
Quechua of Yauyos,1700.0,-12.9081,-75.6958,Peru,PER,Critically endangered,3.230704313612569,1,0,1700.0,3.230704313612569,12.9081,0,South America,20,1,3
Bainouk-Samik,1685.0,12.5733,-16.2652,Senegal,SEN,Severely endangered,3.2268575702887237,1,0,1685.0,3.2268575702887237,12.5733,0,Africa,23,1,2
Côông,1676.0,22.5943,102.7455,Viet Nam,VNM,Definitely endangered,3.2245330626060857,1,0,1676.0,3.2245330626060857,22.5943,0,Asia,77,1,2
Dogrib,1675.0,62.8292,-115.9904,Canada,CAN,Vulnerable,3.2242740142942576,1,0,1675.0,3.2242740142942576,62.8292,2,North America,2,0,1
Upland Yuman,1650.0,36.2377,-112.7094,United States of America,USA,Vulnerable,3.2177470732627937,1,0,1650.0,3.2177470732627937,36.2377,1,North America,25,0,1
Eastern Cuicatec,1641.0,17.9666,-96.7166,Mexico,MEX,Vulnerable,3.215373152783422,1,0,1641.0,3.215373152783422,17.9666,0,North America,107,0,1
Tamazight (Ait Rouadi),1637.0,32.5745,-5.9655,Morocco,MAR,Extinct,3.2143138974244,1,0,1637.0,3.2143138974244,32.5745,1,Africa,8,1,3
Woleaian,1631.0,7.3515,143.8769,Micronesia (Federated States of),FSM,Severely endangered,3.2127201544178425,1,0,1631.0,3.2127201544178425,7.3515,0,Asia,1,1,2
Huehuetla Tepehua,1603.0,20.46,-98.0761,Mexico,MEX,Definitely endangered,3.2052043639481447,1,0,1603.0,3.2052043639481447,20.46,0,North America,95,1,2
Kadiwéu,1600.0,-20.5222,-56.7237,Brazil,BRA,Definitely endangered,3.2043913319193,1,0,1600.0,3.2043913319193,20.5222,0,South America,16,1,2
Southern Tiwa (Isleta Pueblo),1600.0,34.9057,-106.7066,United States of America,USA,Definitely endangered,3.2043913319193,1,0,1600.0,3.2043913319193,34.9057,1,North America,17,1,2
Southern Tiwa (Sandia Pueblo),1600.0,35.2516,-106.565,United States of America,USA,Definitely endangered,3.2043913319193,1,0,1600.0,3.2043913319193,35.2516,1,North America,17,1,2
Tewa (Arizona),1600.0,35.8334,-110.3798,United States of America,USA,Definitely endangered,3.2043913319193,1,0,1600.0,3.2043913319193,35.8334,1,North America,28,1,2
Tewa (New Mexico),1600.0,36.053,-106.0708,United States of America,USA,Severely endangered,3.2043913319193,1,0,1600.0,3.2043913319193,36.053,1,North America,16,1,2
ǁGana,1550.0,-21.7824,21.8971,Botswana,BWA,Vulnerable,3.190611797813605,1,0,1550.0,3.190611797813605,21.7824,0,Africa,12,0,1
Akwáwa,1548.0,-5.2441,-52.7014,Brazil,BRA,Vulnerable,3.190051417759206,1,0,1548.0,3.190051417759206,5.2441,0,South America,11,0,1
Northern Cuicatec,1503.0,17.9511,-96.7384,Mexico,MEX,Vulnerable,3.1772478362556233,1,0,1503.0,3.1772478362556233,17.9511,0,North America,107,0,1
Chiquihuitlán Mazatec,1502.0,17.9953,-96.7449,Mexico,MEX,Definitely endangered,3.176958980586908,1,0,1502.0,3.176958980586908,17.9953,0,North America,108,1,2
Apinajé,1500.0,-6.0317,-47.5604,Brazil,BRA,Vulnerable,3.1763806922432702,1,0,1500.0,3.1763806922432702,6.0317,0,South America,16,0,1
Bashkarik,1500.0,35.2893,72.6168,Pakistan,PAK,Severely endangered,3.1763806922432702,1,0,1500.0,3.1763806922432702,35.2893,1,Asia,52,1,2
Chintang,1500.0,26.9367,87.1991,Nepal,NPL,Severely endangered,3.1763806922432702,1,0,1500.0,3.1763806922432702,26.9367,1,Asia,92,1,2
Forest Nenets,1500.0,64.9188,77.7941,Russian Federation,RUS,Severely endangered,3.1763806922432702,1,0,1500.0,3.1763806922432702,64.9188,2,Asia,2,1,2
Hupda (Colombia),1500.0,0.3845,-70.1367,Colombia,COL,Definitely endangered,3.1763806922432702,1,0,1500.0,3.1763806922432702,0.3845,0,South America,70,1,2
Jah Hut,1500.0,3.6452,102.3065,Malaysia,MYS,Severely endangered,3.1763806922432702,1,0,1500.0,3.1763806922432702,3.6452,0,Asia,22,1,2
Jeri,1500.0,9.2647,-5.8666,Côte d'Ivoire,CIV,Severely endangered,3.1763806922432702,1,0,1500.0,3.1763806922432702,9.2647,0,Africa,5,1,2
Jonkor Bourmataguil,1500.0,11.4261,19.0145,Chad,TCD,Severely endangered,3.1763806922432702,1,0,1500.0,3.1763806922432702,11.4261,0,Africa,30,1,2
K'emant,1500.0,12.9349,37.2326,Ethiopia,ETH,Severely endangered,3.1763806922432702,1,0,1500.0,3.1763806922432702,12.9349,0,Africa,11,1,2
Kanashi,1500.0,32.0406,77.1075,India,IND,Definitely endangered,3.1763806922432702,1,0,1500.0,3.1763806922432702,32.0406,1,Asia,40,1,2
Karajá,1500.0,-11.0921,-50.3393,Brazil,BRA,Vulnerable,3.1763806922432702,1,0,1500.0,3.1763806922432702,11.0921,0,South America,21,0,1
Karelian (Tikhvin),1500.0,59.601,33.3544,Russian Federation,RUS,Severely endangered,3.1763806922432702,1,0,1500.0,3.1763806922432702,59.601,2,Europe,10,1,2
Kendem,1500.0,5.7061,9.6377,Cameroon,CMR,Severely endangered,3.1763806922432702,1,0,1500.0,3.1763806922432702,5.7061,0,Africa,44,1,2
Khamba,1500.0,29.0105,94.7653,"China, India","CHN, IND",Definitely endangered,3.1763806922432702,2,1,750.0,2.8756399370041685,29.0105,1,Asia,95,1,2
Lishpa,1500.0,27.3327,92.384,India,IND,Definitely endangered,3.1763806922432702,1,0,1500.0,3.1763806922432702,27.3327,1,Asia,132,1,2
Mayoruna (Brazil),1500.0,-3.3379,-64.8413,Brazil,BRA,Vulnerable,3.1763806922432702,1,0,1500.0,3.1763806922432702,3.3379,0,South America,19,0,1
Mescalero-Chiricahua Apache (New Mexico),1500.0,33.1514,-105.7942,United States of America,USA,Definitely endangered,3.1763806922432702,1,0,1500.0,3.1763806922432702,33.1514,1,North America,15,1,2
Numao Bunu,1500.0,24.3902,107.2701,China,CHN,Definitely endangered,3.1763806922432702,1,0,1500.0,3.1763806922432702,24.3902,1,Asia,43,1,2
Orang Seletar,1500.0,1.3387,103.464,Malaysia,MYS,Severely endangered,3.1763806922432702,1,0,1500.0,3.1763806922432702,1.3387,0,Asia,16,1,2
Palenque Creole,1500.0,10.0952,-75.1142,Colombia,COL,Definitely endangered,3.1763806922432702,1,0,1500.0,3.1763806922432702,10.0952,0,South America,14,1,2
Pong,1500.0,18.4666,105.05,Lao People's Democratic Republic,LAO,Definitely endangered,3.1763806922432702,1,0,1500.0,3.1763806922432702,18.4666,0,Asia,43,1,2
Pyuma,1500.0,22.8027,121.0748,China,CHN,Vulnerable,3.1763806922432702,1,0,1500.0,3.1763806922432702,22.8027,0,Asia,26,0,1
Saaroa,1500.0,23.1283,120.7062,China,CHN,Critically endangered,3.1763806922432702,1,0,1500.0,3.1763806922432702,23.1283,0,Asia,25,1,3
Saluan,1500.0,-0.8129,122.871,Indonesia,IDN,Vulnerable,3.1763806922432702,1,0,1500.0,3.1763806922432702,0.8129,0,Oceania,37,0,1
Semaq Beri,1500.0,4.0012,102.8443,Malaysia,MYS,Critically endangered,3.1763806922432702,1,0,1500.0,3.1763806922432702,4.0012,0,Asia,22,1,3
Talodi,1500.0,10.6902,30.3964,Sudan,SDN,Critically endangered,3.1763806922432702,1,0,1500.0,3.1763806922432702,10.6902,0,Africa,46,1,3
Wayana (Suriname),1500.0,2.7455,-54.58,Suriname,SUR,Vulnerable,3.1763806922432702,1,0,1500.0,3.1763806922432702,2.7455,0,South America,21,0,1
Wik Mungkan,1500.0,-12.9403,141.9873,Australia,AUS,Vulnerable,3.1763806922432702,1,0,1500.0,3.1763806922432702,12.9403,0,Oceania,17,0,1
Natsilingmiutut,1455.0,68.643,-95.8863,Canada,CAN,Vulnerable,3.1631613749770184,1,0,1455.0,3.1631613749770184,68.643,2,North America,0,0,1
Movima,1452.0,-13.7954,-65.4345,Bolivia (Plurinational State of),BOL,Severely endangered,3.1622656142980214,1,0,1452.0,3.1622656142980214,13.7954,0,South America,47,1,2
Ngombe,1450.0,3.9492,15.2352,Central African Republic,CAF,Definitely endangered,3.161667412437736,1,0,1450.0,3.161667412437736,3.9492,0,Africa,10,1,2
Cinta Larga,1440.0,-11.4154,-59.7216,Brazil,BRA,Vulnerable,3.1586639808139894,1,0,1440.0,3.1586639808139894,11.4154,0,South America,29,0,1
Dupaninan Agta,1400.0,17.9682,122.0361,Philippines,PHL,Vulnerable,3.1464381352857744,1,0,1400.0,3.1464381352857744,17.9682,0,Asia,10,0,1
Tese,1400.0,11.2161,29.8471,Sudan,SDN,Critically endangered,3.1464381352857744,1,0,1400.0,3.1464381352857744,11.2161,0,Africa,39,1,3
Bororo,1390.0,-15.5172,-53.1024,Brazil,BRA,Definitely endangered,3.143327129992046,1,0,1390.0,3.143327129992046,15.5172,0,South America,16,1,2
Puluwat,1364.0,7.5803,149.425,Micronesia (Federated States of),FSM,Severely endangered,3.1351326513767748,1,0,1364.0,3.1351326513767748,7.5803,0,Asia,2,1,2
Kanela Rankokamekra,1337.0,-6.075,-44.9121,Brazil,BRA,Vulnerable,3.1264561134318045,1,0,1337.0,3.1264561134318045,6.075,0,South America,13,0,1
Saba,1335.0,11.1487,18.0175,Chad,TCD,Definitely endangered,3.125806458139527,1,0,1335.0,3.125806458139527,11.1487,0,Africa,33,1,2
Kurripako (Brazil),1332.0,0.7001,-68.3789,Brazil,BRA,Vulnerable,3.1248301494138593,1,0,1332.0,3.1248301494138593,0.7001,0,South America,68,0,1
Triw,1328.0,15.6833,107.2,Lao People's Democratic Republic,LAO,Definitely endangered,3.123524980942732,1,0,1328.0,3.123524980942732,15.6833,0,Asia,34,1,2
Guernsey French,1327.0,49.4502,-2.5927,United Kingdom of Great Britain and Northern Ireland,GBR,Severely endangered,3.1231980750319988,1,0,1327.0,3.1231980750319988,49.4502,1,Europe,12,1,2
Paafang,1318.0,7.6198,155.1571,Micronesia (Federated States of),FSM,Severely endangered,3.1202447955463652,1,0,1318.0,3.1202447955463652,7.6198,0,Asia,3,1,2
Chɨlɨng,1314.0,26.9483,87.2527,Nepal,NPL,Definitely endangered,3.1189257528257768,1,0,1314.0,3.1189257528257768,26.9483,1,Asia,91,1,2
Zapotec of the Valleys north,1303.0,17.0666,-96.65,Mexico,MEX,Severely endangered,3.1152775913959014,1,0,1303.0,3.1152775913959014,17.0666,0,North America,106,1,2
Cypriot Arabic,1300.0,35.3196,33.338,Cyprus,CYP,Severely endangered,3.1142772965615864,1,0,1300.0,3.1142772965615864,35.3196,1,Europe,17,1,2
Palikur (Brazil),1300.0,4.0396,-51.7236,Brazil,BRA,Vulnerable,3.1142772965615864,1,0,1300.0,3.1142772965615864,4.0396,0,South America,14,0,1
Sanenyo,1300.0,7.9504,93.576,India,IND,Critically endangered,3.1142772965615864,1,0,1300.0,3.1142772965615864,7.9504,0,Asia,9,1,3
Tecóatl Mazatec,1300.0,18.1653,-96.9124,Mexico,MEX,Vulnerable,3.1142772965615864,1,0,1300.0,3.1142772965615864,18.1653,0,North America,109,0,1
Xinka,1283.0,14.3447,-90.2603,Guatemala,GTM,Critically endangered,3.1085650237328344,1,0,1283.0,3.1085650237328344,14.3447,0,North America,46,1,3
Ozomatlán Totonac,1276.0,20.1766,-98.0527,Mexico,MEX,Critically endangered,3.1061908972634154,1,0,1276.0,3.1061908972634154,20.1766,0,North America,99,1,3
Kāgate,1273.0,27.5449,86.2925,Nepal,NPL,Definitely endangered,3.1051694279993316,1,0,1273.0,3.1051694279993316,27.5449,1,Asia,86,1,2
Maxakali,1271.0,-16.5519,-40.3417,Brazil,BRA,Vulnerable,3.104487111312395,1,0,1271.0,3.104487111312395,16.5519,0,South America,2,0,1
Murik,1256.0,-3.8368,144.2807,Papua New Guinea,PNG,Vulnerable,3.0993352776859577,1,0,1256.0,3.0993352776859577,3.8368,0,Oceania,76,0,1
Pengo,1254.0,19.0621,83.4851,India,IND,Critically endangered,3.098643725817057,1,0,1254.0,3.098643725817057,19.0621,0,Asia,24,1,3
Marúbo,1252.0,-6.0968,-70.2246,Brazil,BRA,Vulnerable,3.09795107099415,1,0,1252.0,3.09795107099415,6.0968,0,South America,33,0,1
Aivilingmiutut,1245.0,64.1657,-83.243,Canada,CAN,Vulnerable,3.095518042323151,1,0,1245.0,3.095518042323151,64.1657,2,North America,0,0,1
Besme,1228.0,9.6386,16.018,Chad,TCD,Severely endangered,3.089551882886454,1,0,1228.0,3.089551882886454,9.6386,0,Africa,36,1,2
Oirata,1221.0,-8.0755,127.1777,Indonesia,IDN,Definitely endangered,3.0870712059065353,1,0,1221.0,3.0870712059065353,8.0755,0,Oceania,12,1,2
Lohorung,1207.0,27.4266,87.2498,Nepal,NPL,Severely endangered,3.082066934285113,1,0,1207.0,3.082066934285113,27.4266,1,Asia,91,1,2
Harakmbut,1206.0,-12.9403,-70.2685,Peru,PER,Definitely endangered,3.081707270097349,1,0,1206.0,3.081707270097349,12.9403,0,South America,34,1,2
Buyang,1200.0,23.4146,105.7632,China,CHN,Severely endangered,3.079543007402906,1,0,1200.0,3.079543007402906,23.4146,0,Asia,57,1,2
Dakka,1200.0,-3.316,119.2071,Indonesia,IDN,Vulnerable,3.079543007402906,1,0,1200.0,3.079543007402906,3.316,0,Oceania,34,0,1
Mah Meri,1200.0,2.836,101.4299,Malaysia,MYS,Severely endangered,3.079543007402906,1,0,1200.0,3.079543007402906,2.836,0,Asia,20,1,2
Manjui,1200.0,-23.1201,-62.7539,"Argentina, Bolivia (Plurinational State of), Paraguay","ARG, BOL, PRY",Definitely endangered,3.079543007402906,3,1,400.0,2.603144372620182,23.1201,0,South America,12,1,2
Te'un (Seram Island),1200.0,-3.1843,128.9465,Indonesia,IDN,Definitely endangered,3.079543007402906,1,0,1200.0,3.079543007402906,3.1843,0,Oceania,37,1,2
Tsou,1200.0,23.5174,120.8564,China,CHN,Vulnerable,3.079543007402906,1,0,1200.0,3.079543007402906,23.5174,1,Asia,26,0,1
Ujir,1200.0,-5.6105,134.2776,Indonesia,IDN,Definitely endangered,3.079543007402906,1,0,1200.0,3.079543007402906,5.6105,0,Oceania,24,1,2
White Gelao (China),1200.0,26.4894,105.021,China,CHN,Severely endangered,3.079543007402906,1,0,1200.0,3.079543007402906,26.4894,1,Asia,50,1,2
Dakkang,1198.0,15.6333,107.25,Lao People's Democratic Republic,LAO,Definitely endangered,3.0788191830988487,1,0,1198.0,3.0788191830988487,15.6333,0,Asia,34,1,2
Northern Algonquin,1180.0,48.0616,-77.3521,Canada,CAN,Vulnerable,3.072249897613515,1,0,1180.0,3.072249897613515,48.0616,1,North America,13,0,1
Akawaio (Brazil),1170.0,4.1711,-60.249,Brazil,BRA,Vulnerable,3.068556895072363,1,0,1170.0,3.068556895072363,4.1711,0,South America,27,0,1
Huehuetlán Mazatec,1169.0,18.1964,-96.9471,Mexico,MEX,Vulnerable,3.0681858617461617,1,0,1169.0,3.0681858617461617,18.1964,0,North America,109,0,1
Trio (Brazil),1156.0,1.7136,-55.2392,Brazil,BRA,Vulnerable,3.0633333589517497,1,0,1156.0,3.0633333589517497,1.7136,0,South America,25,0,1
Savo,1147.0,-9.1292,159.8071,Solomon Islands,SLB,Definitely endangered,3.059941888061955,1,0,1147.0,3.059941888061955,9.1292,0,Oceania,12,1,2
Tektitek,1144.0,15.3073,-92.0609,Guatemala,GTM,Definitely endangered,3.0588054866759067,1,0,1144.0,3.0588054866759067,15.3073,0,North America,63,1,2
Fwâi,1131.0,-20.7048,164.9034,New Caledonia (France),NCL,Vulnerable,3.0538464268522527,1,0,1131.0,3.0538464268522527,20.7048,0,Oceania,20,0,1
Waimirí-Atroarí,1120.0,-1.0985,-60.8203,Brazil,BRA,Vulnerable,3.049605612594973,1,0,1120.0,3.049605612594973,1.0985,0,South America,11,0,1
Guayabero,1118.0,2.6028,-72.3999,Colombia,COL,Definitely endangered,3.04883008652835,1,0,1118.0,3.04883008652835,2.6028,0,South America,49,1,2
Fagauvea (Northern),1107.0,-20.4089,166.5444,New Caledonia (France),NCL,Vulnerable,3.044539760392411,1,0,1107.0,3.044539760392411,20.4089,0,Oceania,38,0,1
Fagauvea (Southern),1107.0,-20.7381,166.4126,New Caledonia (France),NCL,Vulnerable,3.044539760392411,1,0,1107.0,3.044539760392411,20.7381,0,Oceania,30,0,1
Fania,1100.0,10.0581,18.3993,Chad,TCD,Severely endangered,3.041787318971752,1,0,1100.0,3.041787318971752,10.0581,0,Africa,33,1,2
Ubi,1100.0,12.1534,18.6946,Chad,TCD,Severely endangered,3.041787318971752,1,0,1100.0,3.041787318971752,12.1534,0,Africa,30,1,2
Warnang,1100.0,10.6538,30.6298,Sudan,SDN,Severely endangered,3.041787318971752,1,0,1100.0,3.041787318971752,10.6538,0,Africa,47,1,2
Itzá,1094.0,16.9838,-89.899,Guatemala,GTM,Critically endangered,3.0394141191761372,1,0,1094.0,3.0394141191761372,16.9838,0,North America,52,1,3
Mixtec of the southwest of Puebla,1074.0,18.6333,-98.0666,Mexico,MEX,Definitely endangered,3.031408464251624,1,0,1074.0,3.031408464251624,18.6333,0,North America,105,1,2
Lowland Chontal,1060.0,16.0286,-95.6683,Mexico,MEX,Critically endangered,3.025715383901341,1,0,1060.0,3.025715383901341,16.0286,0,North America,103,1,3
Koireng,1056.0,24.2319,93.7463,India,IND,Critically endangered,3.024074987307426,1,0,1056.0,3.024074987307426,24.2319,1,Asia,123,1,3
Chipaya,1050.0,-19.2074,-68.2031,Bolivia (Plurinational State of),BOL,Definitely endangered,3.021602716028242,1,0,1050.0,3.021602716028242,19.2074,0,South America,13,1,2
Mokilese,1050.0,6.6864,159.7631,Micronesia (Federated States of),FSM,Critically endangered,3.021602716028242,1,0,1050.0,3.021602716028242,6.6864,0,Asia,3,1,3
Western Náhuatl,1041.0,18.3745,-103.3026,Mexico,MEX,Severely endangered,3.0178677189635055,1,0,1041.0,3.0178677189635055,18.3745,0,North America,20,1,2
Acatepec Mazatec,1038.0,18.1621,-96.8766,Mexico,MEX,Vulnerable,3.016615547557177,1,0,1038.0,3.016615547557177,18.1621,0,North America,109,0,1
Mixtec of Villa de Tututepec,1019.0,16.1333,-97.6,Mexico,MEX,Definitely endangered,3.0086001717619175,1,0,1019.0,3.0086001717619175,16.1333,0,North America,100,1,2
Toda,1006.0,11.3184,76.8273,India,IND,Critically endangered,3.003029470553618,1,0,1006.0,3.003029470553618,11.3184,0,Asia,11,1,3
Adabe,1000.0,-8.2549,125.5737,Timor-Leste,TLS,Vulnerable,3.000434077479319,1,0,1000.0,3.000434077479319,8.2549,0,Oceania,14,0,1
Alutor,1000.0,60.2016,165.4238,Russian Federation,RUS,Severely endangered,3.000434077479319,1,0,1000.0,3.000434077479319,60.2016,2,Asia,2,1,2
Arapaho (Wyoming),1000.0,43.0139,-108.8214,United States of America,USA,Severely endangered,3.000434077479319,1,0,1000.0,3.000434077479319,43.0139,1,North America,6,1,2
Beeke,1000.0,0.9997,28.7951,Democratic Republic of the Congo,ZAI,Severely endangered,3.000434077479319,1,0,1000.0,3.000434077479319,0.9997,0,Africa,5,1,2
Blackfoot (United States of America),1000.0,48.5699,-113.0918,United States of America,USA,Definitely endangered,3.000434077479319,1,0,1000.0,3.000434077479319,48.5699,1,North America,13,1,2
Bohtan Neo-Aramaic,1000.0,41.5579,45.0219,"Georgia, Russian Federation","GEO, RUS",Severely endangered,3.000434077479319,2,1,500.0,2.699837725867246,41.5579,1,Asia,55,1,2
Bola,1000.0,25.0638,98.2414,China,CHN,Definitely endangered,3.000434077479319,1,0,1000.0,3.000434077479319,25.0638,1,Asia,111,1,2
Bong'om,1000.0,1.1315,35.0134,Kenya,KEN,Definitely endangered,3.000434077479319,1,0,1000.0,3.000434077479319,1.1315,0,Africa,19,1,2
Bora,1000.0,-2.7455,-71.8835,"Colombia, Peru","COL, PER",Vulnerable,3.000434077479319,2,1,500.0,2.699837725867246,2.7455,0,South America,57,0,1
Central Siberian Yupik (St. Lawrence Island),1000.0,63.7444,-171.7242,United States of America,USA,Definitely endangered,3.000434077479319,1,0,1000.0,3.000434077479319,63.7444,2,Other,7,1,2
Chali,1000.0,27.301,91.2991,Bhutan,BTN,Definitely endangered,3.000434077479319,1,0,1000.0,3.000434077479319,27.301,1,Asia,151,1,2
Cherokee (North Carolina),1000.0,35.113,-84.0588,United States of America,USA,Severely endangered,3.000434077479319,1,0,1000.0,3.000434077479319,35.113,1,North America,1,1,2
Cocama-Cocamilla (Peru),1000.0,-4.8282,-74.2565,Peru,PER,Severely endangered,3.000434077479319,1,0,1000.0,3.000434077479319,4.8282,0,South America,48,1,2
Dair,1000.0,12.517,30.5914,Sudan,SDN,Severely endangered,3.000434077479319,1,0,1000.0,3.000434077479319,12.517,0,Africa,38,1,2
Dakpa,1000.0,27.3937,91.8965,"Bhutan, India","BTN, IND",Definitely endangered,3.000434077479319,2,1,500.0,2.699837725867246,27.3937,1,Asia,145,1,2
Dampelas,1000.0,0.2005,119.8965,Indonesia,IDN,Definitely endangered,3.000434077479319,1,0,1000.0,3.000434077479319,0.2005,0,Asia,32,1,2
Danaw,1000.0,21.192,97.3937,Myanmar,MMR,Critically endangered,3.000434077479319,1,0,1000.0,3.000434077479319,21.192,0,Asia,51,1,3
Ega,1000.0,5.8018,-5.4492,Côte d'Ivoire,CIV,Severely endangered,3.000434077479319,1,0,1000.0,3.000434077479319,5.8018,0,Africa,3,1,2
El Hugeirat,1000.0,12.3131,28.4243,Sudan,SDN,Severely endangered,3.000434077479319,1,0,1000.0,3.000434077479319,12.3131,0,Africa,38,1,2
Faghani,1000.0,-10.4337,161.5979,Solomon Islands,SLB,Vulnerable,3.000434077479319,1,0,1000.0,3.000434077479319,10.4337,0,Oceania,7,0,1
Fongoro,1000.0,11.1029,22.7197,Chad,TCD,Severely endangered,3.000434077479319,1,0,1000.0,3.000434077479319,11.1029,0,Africa,23,1,2
Gambiri,1000.0,34.9017,70.9085,Afghanistan,AFG,Severely endangered,3.000434077479319,1,0,1000.0,3.000434077479319,34.9017,1,Asia,42,1,2
Gongduk,1000.0,27.086,91.2002,Bhutan,BTN,Vulnerable,3.000434077479319,1,0,1000.0,3.000434077479319,27.086,1,Asia,153,0,1
Gorap,1000.0,2.1528,128.2516,Indonesia,IDN,Definitely endangered,3.000434077479319,1,0,1000.0,3.000434077479319,2.1528,0,Asia,10,1,2
Guugu Yimidhirr,1000.0,-14.8598,144.7338,Australia,AUS,Vulnerable,3.000434077479319,1,0,1000.0,3.000434077479319,14.8598,0,Oceania,11,0,1
Gyem,1000.0,10.3865,9.3122,Nigeria,NGA,Critically endangered,3.000434077479319,1,0,1000.0,3.000434077479319,10.3865,0,Africa,36,1,3
Habu,1000.0,-8.7819,126.0021,Timor-Leste,TLS,Vulnerable,3.000434077479319,1,0,1000.0,3.000434077479319,8.7819,0,Oceania,13,0,1
Hawaiian,1000.0,21.9226,-160.1147,United States of America,USA,Critically endangered,3.000434077479319,1,0,1000.0,3.000434077479319,21.9226,0,North America,0,1,3
Hértevin,1000.0,37.9268,42.5473,Turkey,TUR,Critically endangered,3.000434077479319,1,0,1000.0,3.000434077479319,37.9268,1,Europe,16,1,3
Hu,1000.0,22.1743,100.9264,China,CHN,Definitely endangered,3.000434077479319,1,0,1000.0,3.000434077479319,22.1743,0,Asia,74,1,2
Hualapai,1000.0,35.5279,-113.4297,United States of America,USA,Vulnerable,3.000434077479319,1,0,1000.0,3.000434077479319,35.5279,1,North America,33,0,1
Hung,1000.0,18.9062,105.05,"Lao People's Democratic Republic, Viet Nam","LAO, VNM",Definitely endangered,3.000434077479319,2,1,500.0,2.699837725867246,18.9062,0,Asia,55,1,2
Inkhokvari,1000.0,42.3981,46.0299,Russian Federation,RUS,Definitely endangered,3.000434077479319,1,0,1000.0,3.000434077479319,42.3981,1,Asia,51,1,2
Ishkashimi,1000.0,36.6915,71.7668,Tajikistan,TJK,Severely endangered,3.000434077479319,1,0,1000.0,3.000434077479319,36.6915,1,Asia,44,1,2
Iyive,1000.0,6.4354,9.5278,Cameroon,CMR,Severely endangered,3.000434077479319,1,0,1000.0,3.000434077479319,6.4354,0,Africa,47,1,2
Jiongnai Bunu,1000.0,23.3902,108.5135,China,CHN,Definitely endangered,3.000434077479319,1,0,1000.0,3.000434077479319,23.3902,0,Asia,31,1,2
Kaande,1000.0,-0.1318,11.8103,Gabon,GAB,Severely endangered,3.000434077479319,1,0,1000.0,3.000434077479319,0.1318,0,Africa,10,1,2
Kaco',1000.0,13.934,107.4222,Cambodia,KHM,Definitely endangered,3.000434077479319,1,0,1000.0,3.000434077479319,13.934,0,Asia,26,1,2
Kadu,1000.0,24.2042,95.6332,Myanmar,MMR,Severely endangered,3.000434077479319,1,0,1000.0,3.000434077479319,24.2042,1,Asia,119,1,2
Kairui-Midiki,1000.0,-8.7222,126.2878,Timor-Leste,TLS,Vulnerable,3.000434077479319,1,0,1000.0,3.000434077479319,8.7222,0,Oceania,12,0,1
Kari,1000.0,4.8392,25.5432,Democratic Republic of the Congo,ZAI,Severely endangered,3.000434077479319,1,0,1000.0,3.000434077479319,4.8392,0,Africa,17,1,2
Kayabi,1000.0,-11.1972,-53.2342,Brazil,BRA,Vulnerable,3.000434077479319,1,0,1000.0,3.000434077479319,11.1972,0,South America,22,0,1
Khowa,1000.0,27.2546,92.5323,India,IND,Definitely endangered,3.000434077479319,1,0,1000.0,3.000434077479319,27.2546,1,Asia,128,1,2
Kodeoha,1000.0,-3.4147,120.9155,Indonesia,IDN,Vulnerable,3.000434077479319,1,0,1000.0,3.000434077479319,3.4147,0,Oceania,35,0,1
Kujarge,1000.0,11.749,22.2431,Chad,TCD,Definitely endangered,3.000434077479319,1,0,1000.0,3.000434077479319,11.749,0,Africa,21,1,2
Kukatja,1000.0,-21.2074,126.4746,Australia,AUS,Vulnerable,3.000434077479319,1,0,1000.0,3.000434077479319,21.2074,0,Oceania,14,0,1
Kuot,1000.0,-3.0692,151.5234,Papua New Guinea,PNG,Vulnerable,3.000434077479319,1,0,1000.0,3.000434077479319,3.0692,0,Oceania,11,0,1
Lokono (Suriname),1000.0,5.6487,-55.1074,"French Guiana (France), Suriname","GUF, SUR",Severely endangered,3.000434077479319,2,1,500.0,2.699837725867246,5.6487,0,South America,18,1,2
Mahongwe,1000.0,1.0216,13.9031,Gabon,GAB,Severely endangered,3.000434077479319,1,0,1000.0,3.000434077479319,1.0216,0,Africa,12,1,2
Manchurian Ölöt,1000.0,48.1953,124.2993,China,CHN,Severely endangered,3.000434077479319,1,0,1000.0,3.000434077479319,48.1953,1,Asia,10,1,2
May,1000.0,18.0623,105.5786,"Lao People's Democratic Republic, Viet Nam","LAO, VNM",Definitely endangered,3.000434077479319,2,1,500.0,2.699837725867246,18.0623,0,Asia,37,1,2
Mbara,1000.0,10.8009,15.6335,Chad,TCD,Severely endangered,3.000434077479319,1,0,1000.0,3.000434077479319,10.8009,0,Africa,36,1,2
Mech,1000.0,26.5688,89.1979,India,IND,Severely endangered,3.000434077479319,1,0,1000.0,3.000434077479319,26.5688,1,Asia,109,1,2
Mòcheno,1000.0,46.1194,11.3258,Italy,ITA,Definitely endangered,3.000434077479319,1,0,1000.0,3.000434077479319,46.1194,1,Europe,27,1,2
Naueti,1000.0,-8.7357,126.7053,Timor-Leste,TLS,Vulnerable,3.000434077479319,1,0,1000.0,3.000434077479319,8.7357,0,Oceania,12,0,1
North Greenlandic,1000.0,77.4815,-69.3511,Greenland (Kingdom of Denmark),GRL,Definitely endangered,3.000434077479319,1,0,1000.0,3.000434077479319,77.4815,2,North America,0,1,2
Ormuri,1000.0,32.518,69.783,"Pakistan, Afghanistan","PAK, AFG",Definitely endangered,3.000434077479319,2,1,500.0,2.699837725867246,32.518,1,Asia,31,1,2
Paiter,1000.0,-11.1245,-61.3476,Brazil,BRA,Vulnerable,3.000434077479319,1,0,1000.0,3.000434077479319,11.1245,0,South America,46,0,1
Pareci,1000.0,-14.3525,-58.0174,Brazil,BRA,Definitely endangered,3.000434077479319,1,0,1000.0,3.000434077479319,14.3525,0,South America,22,1,2
Pasi,1000.0,28.1834,95.2651,India,IND,Definitely endangered,3.000434077479319,1,0,1000.0,3.000434077479319,28.1834,1,Asia,118,1,2
Resian,1000.0,46.3734,13.3058,Italy,ITA,Definitely endangered,3.000434077479319,1,0,1000.0,3.000434077479319,46.3734,1,Europe,25,1,2
Sach,1000.0,17.78,105.7666,"Lao People's Democratic Republic, Viet Nam","LAO, VNM",Definitely endangered,3.000434077479319,2,1,500.0,2.699837725867246,17.78,0,Asia,38,1,2
Sake,1000.0,-0.0247,11.7691,Gabon,GAB,Severely endangered,3.000434077479319,1,0,1000.0,3.000434077479319,0.0247,0,Africa,12,1,2
Saterlandic,1000.0,53.1059,7.6787,Germany,DEU,Severely endangered,3.000434077479319,1,0,1000.0,3.000434077479319,53.1059,1,Europe,18,1,2
She,1000.0,23.3333,115.2459,China,CHN,Critically endangered,3.000434077479319,1,0,1000.0,3.000434077479319,23.3333,0,Asia,1,1,3
Shumashti,1000.0,34.6108,70.7569,Afghanistan,AFG,Severely endangered,3.000434077479319,1,0,1000.0,3.000434077479319,34.6108,1,Asia,43,1,2
Sighu,1000.0,-0.0549,13.5461,Gabon,GAB,Severely endangered,3.000434077479319,1,0,1000.0,3.000434077479319,0.0549,0,Africa,11,1,2
Sobei,1000.0,-1.8632,138.7408,Indonesia,IDN,Definitely endangered,3.000434077479319,1,0,1000.0,3.000434077479319,1.8632,0,Oceania,63,1,2
Thavung (Laos),1000.0,18.4666,104.6666,"Lao People's Democratic Republic, Thailand","LAO, THA",Definitely endangered,3.000434077479319,2,1,500.0,2.699837725867246,18.4666,0,Asia,46,1,2
Tirma,1000.0,6.4899,34.3212,Sudan,SDN,Critically endangered,3.000434077479319,1,0,1000.0,3.000434077479319,6.4899,0,Africa,37,1,3
Tombelala,1000.0,-2.5315,121.9454,Indonesia,IDN,Vulnerable,3.000434077479319,1,0,1000.0,3.000434077479319,2.5315,0,Oceania,38,0,1
Toto,1000.0,26.6867,89.5056,India,IND,Critically endangered,3.000434077479319,1,0,1000.0,3.000434077479319,26.6867,1,Asia,120,1,3
Trio (Suriname),1000.0,2.1528,-56.3818,Suriname,SUR,Vulnerable,3.000434077479319,1,0,1000.0,3.000434077479319,2.1528,0,South America,25,0,1
Tum,1000.0,18.7,105.05,Lao People's Democratic Republic,LAO,Definitely endangered,3.000434077479319,1,0,1000.0,3.000434077479319,18.7,0,Asia,51,1,2
Tuotomb,1000.0,4.4449,10.371,Cameroon,CMR,Severely endangered,3.000434077479319,1,0,1000.0,3.000434077479319,4.4449,0,Africa,33,1,2
Yatê,1000.0,-7.0136,-37.0458,Brazil,BRA,Severely endangered,3.000434077479319,1,0,1000.0,3.000434077479319,7.0136,0,South America,0,1,2
Zaiwa,1000.0,28.4735,96.4764,"China, India","CHN, IND",Definitely endangered,3.000434077479319,2,1,500.0,2.699837725867246,28.4735,1,Asia,95,1,2
Zay,1000.0,8.0728,38.8476,Ethiopia,ETH,Severely endangered,3.000434077479319,1,0,1000.0,3.000434077479319,8.0728,0,Africa,25,1,2
Zenaga (Western Sahara),1000.0,22.2687,-13.7109,Western Sahara,ESH,Critically endangered,3.000434077479319,1,0,1000.0,3.000434077479319,22.2687,0,Africa,1,1,3
|Gui,1000.0,-21.8385,21.7858,Botswana,BWA,Vulnerable,3.000434077479319,1,0,1000.0,3.000434077479319,21.8385,0,Africa,12,0,1
ǁAni,1000.0,-18.6462,22.1319,Botswana,BWA,Definitely endangered,3.000434077479319,1,0,1000.0,3.000434077479319,18.6462,0,Africa,7,1,2
Buglé,993.0,8.5858,-82.3856,Panama,PAN,Definitely endangered,2.997386384397313,1,0,993.0,2.997386384397313,8.5858,0,South America,21,1,2
Ka'apór,991.0,-2.8991,-46.3183,Brazil,BRA,Vulnerable,2.9965116721541785,1,0,991.0,2.9965116721541785,2.8991,0,South America,13,0,1
Hadza,975.0,-3.401,35.3897,United Republic of Tanzania,TZA,Vulnerable,2.9894498176666917,1,0,975.0,2.9894498176666917,3.401,0,Africa,18,0,1
Kunwinjku,974.0,-12.1333,133.4014,Australia,AUS,Vulnerable,2.989004615698537,1,0,974.0,2.989004615698537,12.1333,0,Oceania,31,0,1
Bakairi,950.0,-14.4213,-54.0305,Brazil,BRA,Vulnerable,2.978180516937414,1,0,950.0,2.978180516937414,14.4213,0,South America,20,0,1
Drubea,946.0,-22.0347,166.5527,New Caledonia (France),NCL,Vulnerable,2.9763499790032735,1,0,946.0,2.9763499790032735,22.0347,0,Oceania,20,0,1
Namonuito,944.0,8.6299,150.0128,Micronesia (Federated States of),FSM,Severely endangered,2.975431808509263,1,0,944.0,2.975431808509263,8.6299,0,Asia,2,1,2
Hya,940.0,10.3311,13.5269,"Cameroon, Nigeria","CMR, NGA",Severely endangered,2.973589623427257,2,1,470.0,2.673020907128896,10.3311,0,Africa,43,1,2
Machineri (Brazil),937.0,-10.5742,-70.4882,Brazil,BRA,Vulnerable,2.9722028383790646,1,0,937.0,2.9722028383790646,10.5742,0,South America,36,0,1
South Slavey,920.0,61.8154,-121.3346,Canada,CAN,Definitely endangered,2.964259630196849,1,0,920.0,2.964259630196849,61.8154,2,North America,3,1,2
Wajãpi,905.0,0.747,-52.8442,Brazil,BRA,Vulnerable,2.957128197676813,1,0,905.0,2.957128197676813,0.747,0,South America,16,0,1
Mewahang,904.0,27.5441,87.1401,Nepal,NPL,Severely endangered,2.9566485792052033,1,0,904.0,2.9566485792052033,27.5441,1,Asia,90,1,2
Awapit,900.0,1.0985,-78.706,Ecuador,ECU,Severely endangered,2.954724790979063,1,0,900.0,2.954724790979063,1.0985,0,South America,31,1,2
Chimila,900.0,10.0986,-73.894,Colombia,COL,Severely endangered,2.954724790979063,1,0,900.0,2.954724790979063,10.0986,0,South America,12,1,2
Kua,900.0,-22.7106,26.4605,Botswana,BWA,Definitely endangered,2.954724790979063,1,0,900.0,2.954724790979063,22.7106,0,Africa,8,1,2
Njalgulgule,900.0,8.4452,25.3015,Sudan,SDN,Severely endangered,2.954724790979063,1,0,900.0,2.954724790979063,8.4452,0,Africa,17,1,2
Pech,900.0,15.0819,-85.5552,Honduras,HND,Severely endangered,2.954724790979063,1,0,900.0,2.954724790979063,15.0819,0,North America,28,1,2
Rikbaktsa,900.0,-10.6174,-58.2714,Brazil,BRA,Severely endangered,2.954724790979063,1,0,900.0,2.954724790979063,10.6174,0,South America,24,1,2
Caac,890.0,-20.3883,164.5614,New Caledonia (France),NCL,Vulnerable,2.949877704036875,1,0,890.0,2.949877704036875,20.3883,0,Oceania,18,0,1
Inuinnaqtun,890.0,67.8443,-115.2742,Canada,CAN,Definitely endangered,2.949877704036875,1,0,890.0,2.949877704036875,67.8443,2,North America,1,1,2
Voh-Koné dialects,878.0,-20.9665,164.7866,New Caledonia (France),NCL,Definitely endangered,2.9439888750737717,1,0,878.0,2.9439888750737717,20.9665,0,Oceania,18,1,2
Kuna (Colombia),876.0,7.8633,-76.9042,Colombia,COL,Severely endangered,2.9429995933660407,1,0,876.0,2.9429995933660407,7.8633,0,South America,13,1,2
Dení,875.0,-6.5773,-68.1591,Brazil,BRA,Vulnerable,2.9425041061680806,1,0,875.0,2.9425041061680806,6.5773,0,South America,21,0,1
Tarao,870.0,24.297,93.4497,India,IND,Critically endangered,2.9400181550076634,1,0,870.0,2.9400181550076634,24.297,1,Asia,124,1,3
Santa María del Mar Huave,862.0,16.2166,-94.85,Mexico,MEX,Severely endangered,2.9360107957152097,1,0,862.0,2.9360107957152097,16.2166,0,North America,108,1,2
Nukuoro,860.0,3.8574,154.9786,Micronesia (Federated States of),FSM,Definitely endangered,2.935003151453655,1,0,860.0,2.935003151453655,3.8574,0,Asia,4,1,2
Mixtec of Santa Cruz Itundujia,851.0,16.7666,-97.6,Mexico,MEX,Definitely endangered,2.9304395947667,1,0,851.0,2.9304395947667,16.7666,0,North America,104,1,2
"Zapotec of the Southern mountains, northeast",849.0,16.2666,-96.2833,Mexico,MEX,Definitely endangered,2.929418925714293,1,0,849.0,2.929418925714293,16.2666,0,North America,105,1,2
Kumak,847.0,-20.1278,164.0259,New Caledonia (France),NCL,Vulnerable,2.9283958522567137,1,0,847.0,2.9283958522567137,20.1278,0,Oceania,18,0,1
Pukapukan,840.0,-10.871,-165.8441,Cook Islands,COK,Definitely endangered,2.924795995797912,1,0,840.0,2.924795995797912,10.871,0,Other,0,1,2
Lola,830.0,-6.3316,134.8818,Indonesia,IDN,Vulnerable,2.919601023784111,1,0,830.0,2.919601023784111,6.3316,0,Oceania,25,0,1
Ashaninka (Brazil),813.0,-9.3786,-73.1414,Brazil,BRA,Vulnerable,2.910624404889201,1,0,813.0,2.910624404889201,9.3786,0,South America,42,0,1
Ottawa (Canada),810.0,46.1519,-82.2243,"Canada, United States of America","CAN, USA",Severely endangered,2.909020854211156,2,1,405.0,2.6085260335771943,46.1519,1,North America,18,1,2
Bati,800.0,4.2012,10.7858,Cameroon,CMR,Severely endangered,2.9036325160842376,1,0,800.0,2.9036325160842376,4.2012,0,Africa,37,1,2
Chorote Iyojwa'ja,800.0,-24.287,-60.3808,"Argentina, Paraguay","ARG, PRY",Severely endangered,2.9036325160842376,2,1,400.0,2.603144372620182,24.287,1,South America,17,1,2
Eman,800.0,6.0531,9.7338,Cameroon,CMR,Severely endangered,2.9036325160842376,1,0,800.0,2.9036325160842376,6.0531,0,Africa,46,1,2
Isu,800.0,4.0094,9.5745,Cameroon,CMR,Severely endangered,2.9036325160842376,1,0,800.0,2.9036325160842376,4.0094,0,Africa,33,1,2
Jamamadí,800.0,-9.0424,-68.3789,Brazil,BRA,Vulnerable,2.9036325160842376,1,0,800.0,2.9036325160842376,9.0424,0,South America,37,0,1
Javaé,800.0,-11.1568,-50.4711,Brazil,BRA,Definitely endangered,2.9036325160842376,1,0,800.0,2.9036325160842376,11.1568,0,South America,23,1,2
Nubaca,800.0,4.2971,10.7446,Cameroon,CMR,Severely endangered,2.9036325160842376,1,0,800.0,2.9036325160842376,4.2971,0,Africa,35,1,2
Panasuan,800.0,-2.2516,119.5806,Indonesia,IDN,Definitely endangered,2.9036325160842376,1,0,800.0,2.9036325160842376,2.2516,0,Oceania,34,1,2
Piaroa (Colombia),800.0,4.0,-68.6666,Colombia,COL,Definitely endangered,2.9036325160842376,1,0,800.0,2.9036325160842376,4.0,0,South America,61,1,2
Taos,800.0,36.4717,-105.5596,United States of America,USA,Definitely endangered,2.9036325160842376,1,0,800.0,2.9036325160842376,36.4717,1,North America,16,1,2
Taulil,800.0,-4.5435,152.0397,Papua New Guinea,PNG,Vulnerable,2.9036325160842376,1,0,800.0,2.9036325160842376,4.5435,0,Oceania,13,0,1
Tuyuca (Brazil),800.0,0.4394,-66.8847,Brazil,BRA,Vulnerable,2.9036325160842376,1,0,800.0,2.9036325160842376,0.4394,0,South America,67,0,1
Kaike,794.0,28.9642,82.9819,Nepal,NPL,Definitely endangered,2.9003671286564705,1,0,794.0,2.9003671286564705,28.9642,1,Asia,71,1,2
Kildin Saami,787.0,68.0075,35.0079,Russian Federation,RUS,Severely endangered,2.8965262174895554,1,0,787.0,2.8965262174895554,68.0075,2,Europe,5,1,2
Ese eja,782.0,-12.5867,-69.0161,"Bolivia (Plurinational State of), Peru","BOL, PER",Definitely endangered,2.8937617620579434,2,1,391.0,2.593286067020457,12.5867,0,South America,47,1,2
Central Cagayan Agta,779.0,17.9891,121.8603,Philippines,PHL,Vulnerable,2.8920946026904804,1,0,779.0,2.8920946026904804,17.9891,0,Asia,9,0,1
Mixtec of Santa Inés de Zaragoza,775.0,17.2333,-97.1666,Mexico,MEX,Definitely endangered,2.8898617212581885,1,0,775.0,2.8898617212581885,17.2333,0,North America,107,1,2
Ocopetatillo Mazatec,757.0,18.1856,-96.9113,Mexico,MEX,Vulnerable,2.8796692056320534,1,0,757.0,2.8796692056320534,18.1856,0,North America,109,0,1
Jaqaru,750.0,-12.7488,-75.8248,Peru,PER,Severely endangered,2.8756399370041685,1,0,750.0,2.8756399370041685,12.7488,0,South America,21,1,2
Waiwai (Suriname),750.0,2.1528,-56.206,Suriname,SUR,Critically endangered,2.8756399370041685,1,0,750.0,2.8756399370041685,2.1528,0,South America,24,1,3
Laal,749.0,9.9607,17.6083,Chad,TCD,Critically endangered,2.8750612633917,1,0,749.0,2.8750612633917,9.9607,0,Africa,36,1,3
Ulcha,732.0,52.0457,140.4162,Russian Federation,RUS,Critically endangered,2.8651039746411278,1,0,732.0,2.8651039746411278,52.0457,1,Asia,7,1,3
Jawe,729.0,-20.4913,164.696,New Caledonia (France),NCL,Vulnerable,2.863322860120456,1,0,729.0,2.863322860120456,20.4913,0,Oceania,18,0,1
Maslam,723.0,12.136,14.6914,"Cameroon, Chad","CMR, TCD",Severely endangered,2.859738566197147,2,1,361.5,2.5593080109070123,12.136,0,Africa,34,1,2
Nambiquara do Sul,721.0,-13.2506,-59.5404,Brazil,BRA,Vulnerable,2.858537197569639,1,0,721.0,2.858537197569639,13.2506,0,South America,31,0,1
North Slavey,720.0,65.2161,-123.4362,Canada,CAN,Definitely endangered,2.857935264719429,1,0,720.0,2.857935264719429,65.2161,2,North America,3,1,2
Gitksan,710.0,55.355,-127.6828,Canada,CAN,Severely endangered,2.851869600729766,1,0,710.0,2.851869600729766,55.355,2,North America,14,1,2
A'ingae / Cofan (Ecuador),700.0,0.0659,-76.7065,Ecuador,ECU,Definitely endangered,2.8457180179666586,1,0,700.0,2.8457180179666586,0.0659,0,South America,40,1,2
Animere,700.0,7.6129,0.4064,Ghana,GHA,Critically endangered,2.8457180179666586,1,0,700.0,2.8457180179666586,7.6129,0,Africa,8,1,3
Batek,700.0,4.6695,102.5051,Malaysia,MYS,Critically endangered,2.8457180179666586,1,0,700.0,2.8457180179666586,4.6695,0,Asia,22,1,3
Enggano,700.0,-5.4191,102.2717,Indonesia,IDN,Vulnerable,2.8457180179666586,1,0,700.0,2.8457180179666586,5.4191,0,Other,0,0,1
Indri,700.0,8.4397,25.5926,Sudan,SDN,Severely endangered,2.8457180179666586,1,0,700.0,2.8457180179666586,8.4397,0,Africa,16,1,2
Kalaw Lagaw Ya,700.0,-10.0828,142.1081,Australia,AUS,Definitely endangered,2.8457180179666586,1,0,700.0,2.8457180179666586,10.0828,0,Oceania,15,1,2
Lakon,700.0,-14.251,167.422,Vanuatu,VUT,Vulnerable,2.8457180179666586,1,0,700.0,2.8457180179666586,14.251,0,Oceania,48,0,1
Mok (China),700.0,21.5158,100.221,China,CHN,Definitely endangered,2.8457180179666586,1,0,700.0,2.8457180179666586,21.5158,0,Asia,61,1,2
Ngaanyatjarra,700.0,-26.037,124.541,Australia,AUS,Vulnerable,2.8457180179666586,1,0,700.0,2.8457180179666586,26.037,1,Oceania,3,0,1
Ngatikese Men's Creole,700.0,5.8305,157.2308,Micronesia (Federated States of),FSM,Definitely endangered,2.8457180179666586,1,0,700.0,2.8457180179666586,5.8305,0,Asia,5,1,2
Piratapuya (Brazil),700.0,0.5712,-66.7089,Brazil,BRA,Severely endangered,2.8457180179666586,1,0,700.0,2.8457180179666586,0.5712,0,South America,68,1,2
Mountain Guarijío,696.0,27.8758,-108.553,Mexico,MEX,Vulnerable,2.8432327780980096,1,0,696.0,2.8432327780980096,27.8758,1,North America,10,0,1
Nivkh (Sakhalin),688.0,51.7814,143.1628,Russian Federation,RUS,Severely endangered,2.8382192219076257,1,0,688.0,2.8382192219076257,51.7814,1,Asia,7,1,2
Krikati,682.0,-5.8674,-46.7468,Brazil,BRA,Vulnerable,2.8344207036815328,1,0,682.0,2.8344207036815328,5.8674,0,South America,16,0,1
Dakota,675.0,49.8461,-100.5035,Canada,CAN,Definitely endangered,2.829946695941636,1,0,675.0,2.829946695941636,49.8461,1,North America,10,1,2
Carrier,660.0,54.2395,-125.7621,Canada,CAN,Severely endangered,2.82020145948564,1,0,660.0,2.82020145948564,54.2395,1,North America,17,1,2
Matlatzinca,651.0,19.0479,-100.2197,Mexico,MEX,Definitely endangered,2.81424759573192,1,0,651.0,2.81424759573192,19.0479,0,North America,88,1,2
Kasanga,650.0,12.2702,-16.1553,Guinea-Bissau,GNB,Critically endangered,2.813580988568192,1,0,650.0,2.813580988568192,12.2702,0,Africa,24,1,3
Wanano / Kotiria (Brazil),650.0,0.6152,-67.5,Brazil,BRA,Vulnerable,2.813580988568192,1,0,650.0,2.813580988568192,0.6152,0,South America,64,0,1
Central Popoloc,641.0,18.5842,-97.9295,Mexico,MEX,Severely endangered,2.807535028068853,1,0,641.0,2.807535028068853,18.5842,0,North America,106,1,2
Eastern Ojibwe,620.0,44.8381,-80.1983,Canada,CAN,Severely endangered,2.79309160017658,1,0,620.0,2.79309160017658,44.8381,1,North America,22,1,2
River Guarijío,617.0,27.5196,-109.2525,Mexico,MEX,Vulnerable,2.790988475088816,1,0,617.0,2.790988475088816,27.5196,1,North America,10,0,1
Yuhup (Brazil),617.0,-1.0546,-69.3896,Brazil,BRA,Vulnerable,2.790988475088816,1,0,617.0,2.790988475088816,1.0546,0,South America,67,0,1
Ocoyoacac Otomí,609.0,19.2716,-99.4613,Mexico,MEX,Severely endangered,2.785329835010767,1,0,609.0,2.785329835010767,19.2716,0,North America,92,1,2
Akum,600.0,6.73,9.9316,"Cameroon, Nigeria","CMR, NGA",Critically endangered,2.7788744720027396,2,1,300.0,2.4785664955938436,6.73,0,Africa,51,1,3
Blablanga,600.0,-8.206,159.4638,Solomon Islands,SLB,Definitely endangered,2.7788744720027396,1,0,600.0,2.7788744720027396,8.206,0,Oceania,12,1,2
Bubia,600.0,4.0204,9.2037,Cameroon,CMR,Severely endangered,2.7788744720027396,1,0,600.0,2.7788744720027396,4.0204,0,Africa,33,1,2
Chickasaw,600.0,34.6,-96.8161,United States of America,USA,Severely endangered,2.7788744720027396,1,0,600.0,2.7788744720027396,34.6,1,North America,25,1,2
Desano (Brazil),600.0,0.0878,-67.9394,Brazil,BRA,Definitely endangered,2.7788744720027396,1,0,600.0,2.7788744720027396,0.0878,0,South America,65,1,2
Faetar,600.0,41.3265,15.1721,Italy,ITA,Definitely endangered,2.7788744720027396,1,0,600.0,2.7788744720027396,41.3265,1,Europe,17,1,2
Hixkaryána,600.0,-0.5493,-58.5131,Brazil,BRA,Vulnerable,2.7788744720027396,1,0,600.0,2.7788744720027396,0.5493,0,South America,20,0,1
Hoava,600.0,-8.1883,157.6036,Solomon Islands,SLB,Vulnerable,2.7788744720027396,1,0,600.0,2.7788744720027396,8.1883,0,Oceania,14,0,1
Hodi,600.0,6.075,-65.6323,Venezuela (Bolivarian Republic of),VEN,Vulnerable,2.7788744720027396,1,0,600.0,2.7788744720027396,6.075,0,South America,30,0,1
Iñapari,600.0,-12.0822,-69.7412,Peru,PER,Critically endangered,2.7788744720027396,1,0,600.0,2.7788744720027396,12.0822,0,South America,37,1,3
Koke,600.0,10.8575,18.1315,Chad,TCD,Severely endangered,2.7788744720027396,1,0,600.0,2.7788744720027396,10.8575,0,Africa,33,1,2
Kowiai,600.0,-3.9437,134.0881,Indonesia,IDN,Vulnerable,2.7788744720027396,1,0,600.0,2.7788744720027396,3.9437,0,Oceania,36,0,1
Kuikuro,600.0,-12.35,-53.21,Brazil,BRA,Vulnerable,2.7788744720027396,1,0,600.0,2.7788744720027396,12.35,0,South America,22,0,1
Laiyolo,600.0,-6.3862,120.4733,Indonesia,IDN,Definitely endangered,2.7788744720027396,1,0,600.0,2.7788744720027396,6.3862,0,Oceania,19,1,2
Mo'da,600.0,6.5008,29.9377,Sudan,SDN,Critically endangered,2.7788744720027396,1,0,600.0,2.7788744720027396,6.5008,0,Africa,31,1,3
Northern Selkup,600.0,65.7035,82.4441,Russian Federation,RUS,Severely endangered,2.7788744720027396,1,0,600.0,2.7788744720027396,65.7035,2,Asia,4,1,2
Penrhyn,600.0,-9.0153,-158.0218,Cook Islands,COK,Severely endangered,2.7788744720027396,1,0,600.0,2.7788744720027396,9.0153,0,Other,1,1,2
Pintupi,600.0,-22.8882,128.3203,Australia,AUS,Vulnerable,2.7788744720027396,1,0,600.0,2.7788744720027396,22.8882,0,Oceania,7,0,1
Piratapuya (Colombia),600.0,0.8333,-69.5,Colombia,COL,Critically endangered,2.7788744720027396,1,0,600.0,2.7788744720027396,0.8333,0,South America,69,1,3
Siona / Secoya (Ecuador),600.0,-0.0659,-76.3989,Ecuador,ECU,Severely endangered,2.7788744720027396,1,0,600.0,2.7788744720027396,0.0659,0,South America,44,1,2
Sonsorol,600.0,7.4278,134.5495,Palau,PLW,Severely endangered,2.7788744720027396,1,0,600.0,2.7788744720027396,7.4278,0,Asia,0,1,2
Teanu,600.0,-11.6219,166.9633,Solomon Islands,SLB,Definitely endangered,2.7788744720027396,1,0,600.0,2.7788744720027396,11.6219,0,Oceania,32,1,2
Yaminahua (Brazil),600.0,-10.6606,-69.6972,Brazil,BRA,Vulnerable,2.7788744720027396,1,0,600.0,2.7788744720027396,10.6606,0,South America,33,0,1
Andoke,597.0,-0.769,-72.2351,Colombia,COL,Severely endangered,2.776701183988411,1,0,597.0,2.776701183988411,0.769,0,South America,64,1,2
Southern Tlapanec,592.0,16.7325,-98.6034,Mexico,MEX,Severely endangered,2.7730546933642626,1,0,592.0,2.7730546933642626,16.7325,0,North America,99,1,2
Orowe,587.0,-21.4223,165.4678,New Caledonia (France),NCL,Definitely endangered,2.7693773260761385,1,0,587.0,2.7693773260761385,21.4223,0,Oceania,20,1,2
Mosetén,585.0,-15.4113,-67.5,Bolivia (Plurinational State of),BOL,Severely endangered,2.767897616018091,1,0,585.0,2.767897616018091,15.4113,0,South America,39,1,2
Chatong,580.0,15.65,107.1166,Lao People's Democratic Republic,LAO,Definitely endangered,2.7641761323903307,1,0,580.0,2.7641761323903307,15.65,0,Asia,34,1,2
Norfolk-Pitcairn (Norfolk),580.0,-29.0225,167.9425,Norfolk Island (Australia),NFK,Definitely endangered,2.7641761323903307,1,0,580.0,2.7641761323903307,29.0225,1,Oceania,0,1,2
Nunatsiavummiutut,575.0,56.532,-61.7408,Canada,CAN,Definitely endangered,2.760422483423212,1,0,575.0,2.760422483423212,56.532,2,North America,3,1,2
Shuswap,570.0,51.7886,-122.2286,Canada,CAN,Definitely endangered,2.756636108245848,1,0,570.0,2.756636108245848,51.7886,1,North America,24,1,2
Xaragure,566.0,-21.8054,166.4964,New Caledonia (France),NCL,Vulnerable,2.7535830588929064,1,0,566.0,2.7535830588929064,21.8054,0,Oceania,20,0,1
Tapirapé,564.0,-10.6606,-50.4602,Brazil,BRA,Vulnerable,2.7520484478194387,1,0,564.0,2.7520484478194387,10.6606,0,South America,22,0,1
Lacandón,563.0,16.706,-91.0641,Mexico,MEX,Critically endangered,2.751279103983342,1,0,563.0,2.751279103983342,16.706,0,North America,62,1,3
Zapotec of Zimatlán de Álvarez,562.0,16.8666,-96.7833,Mexico,MEX,Definitely endangered,2.7505083948513462,1,0,562.0,2.7505083948513462,16.8666,0,North America,105,1,2
Chilcotin,560.0,52.031,-123.1678,Canada,CAN,Definitely endangered,2.7489628612561616,1,0,560.0,2.7489628612561616,52.031,1,North America,23,1,2
Chácobo,550.0,-11.3454,-65.8135,Bolivia (Plurinational State of),BOL,Definitely endangered,2.741151598851785,1,0,550.0,2.741151598851785,11.3454,0,South America,45,1,2
Gao,550.0,-8.3514,159.8167,Solomon Islands,SLB,Vulnerable,2.741151598851785,1,0,550.0,2.741151598851785,8.3514,0,Oceania,12,0,1
Geme,550.0,8.4941,20.6378,Central African Republic,CAF,Critically endangered,2.741151598851785,1,0,550.0,2.741151598851785,8.4941,0,Africa,24,1,3
Karore,550.0,-6.1542,149.8205,Papua New Guinea,PNG,Vulnerable,2.741151598851785,1,0,550.0,2.741151598851785,6.1542,0,Oceania,54,0,1
Yuhup (Colombia),550.0,-0.5493,-69.9169,Colombia,COL,Definitely endangered,2.741151598851785,1,0,550.0,2.741151598851785,0.5493,0,South America,69,1,2
Western Tlapanec,549.0,17.4101,-99.2423,Mexico,MEX,Vulnerable,2.7403626894942437,1,0,549.0,2.7403626894942437,17.4101,0,North America,102,0,1
Hinukh,548.0,42.1801,45.977,Russian Federation,RUS,Definitely endangered,2.739572344450092,1,0,548.0,2.739572344450092,42.1801,1,Asia,52,1,2
Anuki,542.0,-9.6522,149.7656,Papua New Guinea,PNG,Definitely endangered,2.734799829588847,1,0,542.0,2.734799829588847,9.6522,0,Oceania,33,1,2
Imeraguen,534.0,18.9166,-15.996,Mauritania,MRT,Definitely endangered,2.7283537820212285,1,0,534.0,2.7283537820212285,18.9166,0,Africa,4,1,2
Narpa,533.0,28.7315,84.261,Nepal,NPL,Definitely endangered,2.727541257028556,1,0,533.0,2.727541257028556,28.7315,1,Asia,73,1,2
Akatek (Mexico),532.0,16.7823,-93.1061,Mexico,MEX,Vulnerable,2.7267272090265724,1,0,532.0,2.7267272090265724,16.7823,0,North America,105,0,1
Naskapi,525.0,54.903,-66.802,Canada,CAN,Vulnerable,2.7209857441537393,1,0,525.0,2.7209857441537393,54.903,1,North America,2,0,1
Archi,524.0,41.9839,46.8127,Russian Federation,RUS,Definitely endangered,2.720159303405957,1,0,524.0,2.720159303405957,41.9839,1,Asia,50,1,2
Yawanawá,519.0,-10.8333,-70.0927,Brazil,BRA,Vulnerable,2.716003343634799,1,0,519.0,2.716003343634799,10.8333,0,South America,36,0,1
Raute,518.0,28.9744,80.7969,Nepal,NPL,Severely endangered,2.7151673578484576,1,0,518.0,2.7151673578484576,28.9744,1,Asia,51,1,2
Seri,518.0,29.2333,-112.2,Mexico,MEX,Vulnerable,2.7151673578484576,1,0,518.0,2.7151673578484576,29.2333,1,North America,18,0,1
Western Popoloc,516.0,18.4141,-98.0176,Mexico,MEX,Severely endangered,2.7134905430939424,1,0,516.0,2.7134905430939424,18.4141,0,North America,106,1,2
Yaqui (United States of America),510.0,32.1158,-111.0638,United States of America,USA,Definitely endangered,2.708420900134713,1,0,510.0,2.708420900134713,32.1158,1,North America,25,1,2
Kalapalo,506.0,-12.1574,-53.2521,Brazil,BRA,Vulnerable,2.705007959333336,1,0,506.0,2.705007959333336,12.1574,0,South America,22,0,1
Nganasan,505.0,72.816,91.582,Russian Federation,RUS,Severely endangered,2.7041505168397992,1,0,505.0,2.7041505168397992,72.816,2,Asia,3,1,2
Jakaltek (Mexico),504.0,16.3137,-93.2084,Mexico,MEX,Severely endangered,2.7032913781186614,1,0,504.0,2.7032913781186614,16.3137,0,North America,103,1,2
Zapotec of San Antonino el Alto,504.0,16.8166,-97.0333,Mexico,MEX,Definitely endangered,2.7032913781186614,1,0,504.0,2.7032913781186614,16.8166,0,North America,106,1,2
Purum,503.0,24.3521,93.5925,India,IND,Critically endangered,2.7024305364455254,1,0,503.0,2.7024305364455254,24.3521,1,Asia,127,1,3
Aheu,500.0,18.4333,104.5,Lao People's Democratic Republic,LAO,Definitely endangered,2.699837725867246,1,0,500.0,2.699837725867246,18.4333,0,Asia,48,1,2
Amahuaca,500.0,-10.8764,-72.29,Peru,PER,Severely endangered,2.699837725867246,1,0,500.0,2.699837725867246,10.8764,0,South America,37,1,2
Anfillo,500.0,8.5049,34.7415,Ethiopia,ETH,Critically endangered,2.699837725867246,1,0,500.0,2.699837725867246,8.5049,0,Africa,37,1,3
Arbanasi,500.0,44.0994,15.2545,Croatia,HRV,Severely endangered,2.699837725867246,1,0,500.0,2.699837725867246,44.0994,1,Europe,21,1,2
Baniva,500.0,2.8333,-67.5219,Venezuela (Bolivarian Republic of),VEN,Severely endangered,2.699837725867246,1,0,500.0,2.699837725867246,2.8333,0,South America,69,1,2
Bataan Ayta,500.0,14.4324,120.4788,Philippines,PHL,Definitely endangered,2.699837725867246,1,0,500.0,2.699837725867246,14.4324,0,Asia,13,1,2
Bats,500.0,42.0982,45.0878,Georgia,GEO,Severely endangered,2.699837725867246,1,0,500.0,2.699837725867246,42.0982,1,Asia,53,1,2
Black Mountain,500.0,27.1955,90.43,Bhutan,BTN,Definitely endangered,2.699837725867246,1,0,500.0,2.699837725867246,27.1955,1,Asia,149,1,2
Busoa,500.0,-5.5722,122.6074,Indonesia,IDN,Vulnerable,2.699837725867246,1,0,500.0,2.699837725867246,5.5722,0,Oceania,21,0,1
Chong,500.0,12.9506,102.0374,"Cambodia, Thailand","KHM, THA",Severely endangered,2.699837725867246,2,1,250.0,2.399673721481038,12.9506,0,Asia,16,1,2
Domaaki,500.0,36.0979,73.9627,Pakistan,PAK,Severely endangered,2.699837725867246,1,0,500.0,2.699837725867246,36.0979,1,Asia,50,1,2
Ganan,500.0,24.2317,95.3778,Myanmar,MMR,Severely endangered,2.699837725867246,1,0,500.0,2.699837725867246,24.2317,1,Asia,121,1,2
Havasupai,500.0,36.2429,-112.6897,United States of America,USA,Definitely endangered,2.699837725867246,1,0,500.0,2.699837725867246,36.2429,1,North America,25,1,2
Kensiw (Thailand),500.0,7.1712,99.7915,Thailand,THA,Severely endangered,2.699837725867246,1,0,500.0,2.699837725867246,7.1712,0,Asia,17,1,2
Khmin,500.0,22.0469,100.8065,China,CHN,Vulnerable,2.699837725867246,1,0,500.0,2.699837725867246,22.0469,0,Asia,73,0,1
Khvarshi,500.0,42.3417,46.1212,Russian Federation,RUS,Definitely endangered,2.699837725867246,1,0,500.0,2.699837725867246,42.3417,1,Asia,52,1,2
Kundal Shahi,500.0,34.55,73.8833,"India, Pakistan","IND, PAK",Definitely endangered,2.699837725867246,2,1,250.0,2.399673721481038,34.55,1,Asia,62,1,2
Laghuu,500.0,23.6166,105.6833,Viet Nam,VNM,Definitely endangered,2.699837725867246,1,0,500.0,2.699837725867246,23.6166,1,Asia,57,1,2
Laha (Lao Cai),500.0,22.0333,103.75,Viet Nam,VNM,Definitely endangered,2.699837725867246,1,0,500.0,2.699837725867246,22.0333,0,Asia,79,1,2
Laha (Son La),500.0,21.4666,103.75,Viet Nam,VNM,Definitely endangered,2.699837725867246,1,0,500.0,2.699837725867246,21.4666,0,Asia,80,1,2
Langa,500.0,6.5404,11.6427,Cameroon,CMR,Severely endangered,2.699837725867246,1,0,500.0,2.699837725867246,6.5404,0,Africa,53,1,2
Laxudumau,500.0,-2.8922,151.2467,Papua New Guinea,PNG,Vulnerable,2.699837725867246,1,0,500.0,2.699837725867246,2.8922,0,Oceania,12,0,1
Majera,500.0,11.3231,14.9839,Cameroon,CMR,Critically endangered,2.699837725867246,1,0,500.0,2.699837725867246,11.3231,0,Africa,37,1,3
Maliseet-Passamaquoddy,500.0,44.9572,-67.0496,United States of America,USA,Severely endangered,2.699837725867246,1,0,500.0,2.699837725867246,44.9572,1,North America,7,1,2
Mikasuki,500.0,26.3202,-80.9877,United States of America,USA,Vulnerable,2.699837725867246,1,0,500.0,2.699837725867246,26.3202,1,North America,0,0,1
Mlomp,500.0,12.7421,-16.4904,Senegal,SEN,Critically endangered,2.699837725867246,1,0,500.0,2.699837725867246,12.7421,0,Africa,23,1,3
Onin,500.0,-2.9745,132.2383,Indonesia,IDN,Vulnerable,2.699837725867246,1,0,500.0,2.699837725867246,2.9745,0,Oceania,41,0,1
Ormu,500.0,-2.5136,140.6675,Indonesia,IDN,Vulnerable,2.699837725867246,1,0,500.0,2.699837725867246,2.5136,0,Oceania,68,0,1
Palikur (French Guyana),500.0,3.908,-51.9873,French Guiana (France),GUF,Severely endangered,2.699837725867246,1,0,500.0,2.699837725867246,3.908,0,South America,14,1,2
Pemon (Brazil),500.0,4.664,-60.216,Brazil,BRA,Vulnerable,2.699837725867246,1,0,500.0,2.699837725867246,4.664,0,South America,27,0,1
Quechua of Chachapoyas,500.0,-6.2606,-77.7722,Peru,PER,Critically endangered,2.699837725867246,1,0,500.0,2.699837725867246,6.2606,0,South America,31,1,3
Samatu,500.0,24.2105,98.9655,China,CHN,Critically endangered,2.699837725867246,1,0,500.0,2.699837725867246,24.2105,1,Asia,87,1,3
Seke,500.0,28.9282,83.8249,Nepal,NPL,Vulnerable,2.699837725867246,1,0,500.0,2.699837725867246,28.9282,1,Asia,75,0,1
Siona / Secoya (Colombia),500.0,0.493,-76.2464,Colombia,COL,Critically endangered,2.699837725867246,1,0,500.0,2.699837725867246,0.493,0,South America,42,1,3
South Saami,500.0,64.2063,13.4802,"Norway, Sweden","NOR, SWE",Severely endangered,2.699837725867246,2,1,250.0,2.399673721481038,64.2063,2,Europe,5,1,2
Taikat,500.0,-2.8429,140.846,Indonesia,IDN,Definitely endangered,2.699837725867246,1,0,500.0,2.699837725867246,2.8429,0,Oceania,69,1,2
Taloki,500.0,-4.5928,122.8628,Indonesia,IDN,Definitely endangered,2.699837725867246,1,0,500.0,2.699837725867246,4.5928,0,Oceania,31,1,2
Tamki,500.0,11.48,18.2125,Chad,TCD,Critically endangered,2.699837725867246,1,0,500.0,2.699837725867246,11.48,0,Africa,33,1,3
Tawahka,500.0,15.3602,-85.1373,Honduras,HND,Severely endangered,2.699837725867246,1,0,500.0,2.699837725867246,15.3602,0,North America,27,1,2
Thavung (Thailand),500.0,17.3168,103.5142,Thailand,THA,Severely endangered,2.699837725867246,1,0,500.0,2.699837725867246,17.3168,0,Asia,42,1,2
Tomadino,500.0,-2.5836,121.9729,Indonesia,IDN,Definitely endangered,2.699837725867246,1,0,500.0,2.699837725867246,2.5836,0,Oceania,38,1,2
Toratán,500.0,1.0354,124.7985,Indonesia,IDN,Definitely endangered,2.699837725867246,1,0,500.0,2.699837725867246,1.0354,0,Asia,13,1,2
Tunisian Judeo-Arabic (Tunisia),500.0,33.8795,10.0634,Tunisia,TUN,Critically endangered,2.699837725867246,1,0,500.0,2.699837725867246,33.8795,1,Africa,5,1,3
Ulwa,500.0,12.8894,-83.5779,Nicaragua,NIC,Severely endangered,2.699837725867246,1,0,500.0,2.699837725867246,12.8894,0,South America,30,1,2
"Ute (Colorado, Ute Mountain)",500.0,37.2105,-108.7223,United States of America,USA,Severely endangered,2.699837725867246,1,0,500.0,2.699837725867246,37.2105,1,North America,21,1,2
Walmajarri,500.0,-19.9939,125.5297,Australia,AUS,Definitely endangered,2.699837725867246,1,0,500.0,2.699837725867246,19.9939,0,Oceania,14,1,2
Warekena (Venezuela),500.0,2.5479,-67.2802,Venezuela (Bolivarian Republic of),VEN,Severely endangered,2.699837725867246,1,0,500.0,2.699837725867246,2.5479,0,South America,70,1,2
Boguru,494.0,4.3902,29.2016,"Democratic Republic of the Congo, Sudan","ZAI, SDN",Critically endangered,2.694605198933569,2,1,247.0,2.3944516808262164,4.3902,0,Africa,15,1,3
Pukobyê,494.0,-5.3316,-46.7138,Brazil,BRA,Vulnerable,2.694605198933569,1,0,494.0,2.694605198933569,5.3316,0,South America,16,0,1
Swoeng,492.0,15.3333,106.75,Lao People's Democratic Republic,LAO,Definitely endangered,2.69284691927723,1,0,492.0,2.69284691927723,15.3333,0,Asia,36,1,2
Wali,487.0,11.9372,29.3005,Sudan,SDN,Critically endangered,2.6884198220027105,1,0,487.0,2.6884198220027105,11.9372,0,Africa,36,1,3
Gavião do Pará,476.0,-5.1784,-48.999,Brazil,BRA,Vulnerable,2.678518379040114,1,0,476.0,2.678518379040114,5.1784,0,South America,21,0,1
Malecite,475.0,46.8023,-67.6686,"Canada, United States of America","CAN, USA",Definitely endangered,2.677606952720493,2,1,237.5,2.3774883833761327,46.8023,1,North America,7,1,2
Ninam (Brazil),466.0,3.1185,-62.9736,Brazil,BRA,Vulnerable,2.6693168805661123,1,0,466.0,2.6693168805661123,3.1185,0,South America,31,0,1
Zoró,464.0,-10.9519,-61.0729,Brazil,BRA,Vulnerable,2.667452952889954,1,0,464.0,2.667452952889954,10.9519,0,South America,44,0,1
Sanema (Brazil),462.0,2.8113,-63.0615,Brazil,BRA,Vulnerable,2.6655809910179533,1,0,462.0,2.6655809910179533,2.8113,0,South America,33,0,1
Ixtenco Otomí,461.0,19.2495,-97.8943,Mexico,MEX,Severely endangered,2.6646419755561257,1,0,461.0,2.6646419755561257,19.2495,0,North America,105,1,2
Ottawa (Michigan),459.0,43.5971,-84.7752,United States of America,USA,Critically endangered,2.662757831681574,1,0,459.0,2.662757831681574,43.5971,1,North America,18,1,3
Kanela Apaniekra,458.0,-6.2716,-46.1865,Brazil,BRA,Vulnerable,2.661812685537261,1,0,458.0,2.661812685537261,6.2716,0,South America,15,0,1
Satawal,458.0,7.3406,147.041,Micronesia (Federated States of),FSM,Severely endangered,2.661812685537261,1,0,458.0,2.661812685537261,7.3406,0,Asia,3,1,2
Chatino of Zacatepec,453.0,16.1333,-97.35,Mexico,MEX,Definitely endangered,2.6570558528571038,1,0,453.0,2.6570558528571038,16.1333,0,North America,100,1,2
Demisa,450.0,-2.7016,136.6699,Indonesia,IDN,Definitely endangered,2.6541765418779604,1,0,450.0,2.6541765418779604,2.7016,0,Oceania,62,1,2
Koasati (Louisiana),450.0,30.4855,-92.8494,United States of America,USA,Definitely endangered,2.6541765418779604,1,0,450.0,2.6541765418779604,30.4855,1,North America,7,1,2
Koasati (Texas),450.0,30.7155,-94.6965,United States of America,USA,Definitely endangered,2.6541765418779604,1,0,450.0,2.6541765418779604,30.7155,1,North America,7,1,2
Nanti,450.0,-11.6629,-72.6965,Peru,PER,Vulnerable,2.6541765418779604,1,0,450.0,2.6541765418779604,11.6629,0,South America,35,0,1
Shabo,450.0,7.327,35.2935,Ethiopia,ETH,Severely endangered,2.6541765418779604,1,0,450.0,2.6541765418779604,7.327,0,Africa,38,1,2
Sharanahua,450.0,-10.3365,-70.9277,Peru,PER,Severely endangered,2.6541765418779604,1,0,450.0,2.6541765418779604,10.3365,0,South America,36,1,2
Siona  Secoya (Peru),450.0,-0.5712,-74.8828,Peru,PER,Definitely endangered,2.6541765418779604,1,0,450.0,2.6541765418779604,0.5712,0,South America,57,1,2
Tolomako,450.0,-15.1834,166.8438,Vanuatu,VUT,Definitely endangered,2.6541765418779604,1,0,450.0,2.6541765418779604,15.1834,0,Oceania,50,1,2
Enawenê-Nawê,445.0,-12.5223,-59.7656,Brazil,BRA,Vulnerable,2.649334858712142,1,0,445.0,2.649334858712142,12.5223,0,South America,31,0,1
Valle Nacional Chinantec,442.0,17.7747,-96.3034,Mexico,MEX,Definitely endangered,2.6464037262230695,1,0,442.0,2.6464037262230695,17.7747,0,North America,109,1,2
Gavião de Rondônia,436.0,-10.4445,-61.6992,Brazil,BRA,Vulnerable,2.640481436970422,1,0,436.0,2.640481436970422,10.4445,0,South America,47,0,1
Tabasco Náhuatl,434.0,18.0026,-93.3722,Mexico,MEX,Critically endangered,2.6384892569546374,1,0,434.0,2.6384892569546374,18.0026,0,North America,105,1,3
Sera,432.0,-3.0033,141.9158,Papua New Guinea,PNG,Severely endangered,2.6364878963533656,1,0,432.0,2.6364878963533656,3.0033,0,Oceania,75,1,2
Yecuana (Brazil),430.0,2.8552,-63.3251,Brazil,BRA,Vulnerable,2.6344772701607315,1,0,430.0,2.6344772701607315,2.8552,0,South America,35,0,1
Alabugat Tatar,422.0,45.4447,47.0324,Russian Federation,RUS,Definitely endangered,2.6263403673750423,1,0,422.0,2.6263403673750423,45.4447,1,Asia,45,1,2
"Zapotec of the Southern mountains, eastern lowlands",420.0,16.2,-96.7,Mexico,MEX,Definitely endangered,2.6242820958356683,1,0,420.0,2.6242820958356683,16.2,0,North America,103,1,2
Western Otomí,415.0,19.4335,-100.3456,Mexico,MEX,Severely endangered,2.6190933306267428,1,0,415.0,2.6190933306267428,19.4335,0,North America,87,1,2
Moose Cree,405.0,52.2827,-81.6276,Canada,CAN,Vulnerable,2.6085260335771943,1,0,405.0,2.6085260335771943,52.2827,1,North America,2,0,1
Tlahuica,405.0,18.9664,-99.4137,Mexico,MEX,Severely endangered,2.6085260335771943,1,0,405.0,2.6085260335771943,18.9664,0,North America,98,1,2
Katukina do Acre,404.0,-6.4899,-69.2578,Brazil,BRA,Severely endangered,2.6074550232146687,1,0,404.0,2.6074550232146687,6.4899,0,South America,27,1,2
Abai Sungai,400.0,5.587,118.3695,Malaysia,MYS,Definitely endangered,2.603144372620182,1,0,400.0,2.603144372620182,5.587,0,Asia,1,1,2
Barasana (Colombia),400.0,0.0769,-70.3894,Colombia,COL,Critically endangered,2.603144372620182,1,0,400.0,2.603144372620182,0.0769,0,South America,71,1,3
Beezen,400.0,6.7518,10.0744,Cameroon,CMR,Severely endangered,2.603144372620182,1,0,400.0,2.603144372620182,6.7518,0,Africa,53,1,2
Buga,400.0,8.2495,25.7574,Sudan,SDN,Critically endangered,2.603144372620182,1,0,400.0,2.603144372620182,8.2495,0,Africa,17,1,3
Cheyenne (Oklahoma),400.0,35.6022,-97.9766,United States of America,USA,Severely endangered,2.603144372620182,1,0,400.0,2.603144372620182,35.6022,1,North America,25,1,2
Cimbrian,400.0,45.867,11.4268,Italy,ITA,Definitely endangered,2.603144372620182,1,0,400.0,2.603144372620182,45.867,1,Europe,27,1,2
Cobiana,400.0,12.4017,-16.3229,"Guinea-Bissau, Senegal","GNB, SEN",Critically endangered,2.603144372620182,2,1,200.0,2.303196057420489,12.4017,0,Africa,24,1,3
Dagur (Amur),400.0,49.5252,127.5402,China,CHN,Critically endangered,2.603144372620182,1,0,400.0,2.603144372620182,49.5252,1,Asia,8,1,3
Dahalo,400.0,-2.2625,40.7537,Kenya,KEN,Severely endangered,2.603144372620182,1,0,400.0,2.603144372620182,2.2625,0,Africa,12,1,2
Émérillon,400.0,2.8991,-52.8881,French Guiana (France),GUF,Severely endangered,2.603144372620182,1,0,400.0,2.603144372620182,2.8991,0,South America,17,1,2
Gagauz (Maritime),400.0,43.2932,27.9602,"Bulgaria, Romania","BGR, ROU",Severely endangered,2.603144372620182,2,1,200.0,2.303196057420489,43.2932,1,Europe,14,1,2
Hijuk,400.0,4.2861,10.4919,Cameroon,CMR,Critically endangered,2.603144372620182,1,0,400.0,2.603144372620182,4.2861,0,Africa,34,1,3
Hobyot,400.0,16.6388,53.0612,"Oman, Yemen","OMN, YEM",Severely endangered,2.603144372620182,2,1,200.0,2.303196057420489,16.6388,0,Africa,5,1,2
Inari Saami,400.0,68.8446,27.2817,Finland,FIN,Severely endangered,2.603144372620182,1,0,400.0,2.603144372620182,68.8446,2,Europe,7,1,2
Istriot,400.0,45.0541,13.7246,Croatia,HRV,Severely endangered,2.603144372620182,1,0,400.0,2.603144372620182,45.0541,1,Europe,25,1,2
Kalao,400.0,-7.3134,121.0034,Indonesia,IDN,Definitely endangered,2.603144372620182,1,0,400.0,2.603144372620182,7.3134,0,Oceania,9,1,2
Kamaiurá,400.0,-12.1655,-53.4292,Brazil,BRA,Vulnerable,2.603144372620182,1,0,400.0,2.603144372620182,12.1655,0,South America,23,0,1
Kickapoo (Kansas),400.0,39.6972,-95.7089,United States of America,USA,Severely endangered,2.603144372620182,1,0,400.0,2.603144372620182,39.6972,1,North America,20,1,2
Kickapoo (Oklahoma),400.0,35.4245,-97.0713,United States of America,USA,Severely endangered,2.603144372620182,1,0,400.0,2.603144372620182,35.4245,1,North America,25,1,2
Kickapoo (Texas),400.0,28.6147,-100.4386,United States of America,USA,Severely endangered,2.603144372620182,1,0,400.0,2.603144372620182,28.6147,1,North America,1,1,2
Kiowa,400.0,35.1016,-98.6197,United States of America,USA,Severely endangered,2.603144372620182,1,0,400.0,2.603144372620182,35.1016,1,North America,23,1,2
Koroni,400.0,-2.6412,121.9894,Indonesia,IDN,Definitely endangered,2.603144372620182,1,0,400.0,2.603144372620182,2.6412,0,Oceania,38,1,2
Lamongse,400.0,7.3134,93.6968,India,IND,Critically endangered,2.603144372620182,1,0,400.0,2.603144372620182,7.3134,0,Asia,8,1,3
Ndunda,400.0,6.9482,10.9698,Nigeria,NGA,Severely endangered,2.603144372620182,1,0,400.0,2.603144372620182,6.9482,0,Africa,53,1,2
Northern Paiute (Nevada),400.0,41.9979,-117.7193,United States of America,USA,Definitely endangered,2.603144372620182,1,0,400.0,2.603144372620182,41.9979,1,North America,25,1,2
Pupeo,400.0,23.1666,105.1,China,CHN,Definitely endangered,2.603144372620182,1,0,400.0,2.603144372620182,23.1666,0,Asia,68,1,2
Rapa,400.0,-27.8973,-143.5034,French Polynesia (France),PYF,Severely endangered,2.603144372620182,1,0,400.0,2.603144372620182,27.8973,1,Other,0,1,2
Red Gelao (China),400.0,26.2553,105.8571,China,CHN,Critically endangered,2.603144372620182,1,0,400.0,2.603144372620182,26.2553,1,Asia,49,1,3
Sengseng,400.0,-6.0681,150.2792,Papua New Guinea,PNG,Vulnerable,2.603144372620182,1,0,400.0,2.603144372620182,6.0681,0,Oceania,44,0,1
Sirionó,400.0,-14.557,-63.7316,Bolivia (Plurinational State of),BOL,Severely endangered,2.603144372620182,1,0,400.0,2.603144372620182,14.557,0,South America,46,1,2
Talondo,400.0,-2.3723,119.3774,Indonesia,IDN,Definitely endangered,2.603144372620182,1,0,400.0,2.603144372620182,2.3723,0,Oceania,33,1,2
"Yaminahua (Bolivia, Peru)",400.0,-10.7469,-71.7297,"Bolivia (Plurinational State of), Peru","BOL, PER",Severely endangered,2.603144372620182,2,1,200.0,2.303196057420489,10.7469,0,South America,34,1,2
Mixtec of Zapotitlán,396.0,18.3333,-97.4666,Mexico,MEX,Severely endangered,2.598790506763115,1,0,396.0,2.598790506763115,18.3333,0,North America,110,1,2
Sanema (Venezuela),393.0,4.4669,-64.1931,Venezuela (Bolivarian Republic of),VEN,Vulnerable,2.595496221825574,1,0,393.0,2.595496221825574,4.4669,0,South America,35,0,1
Ts'ixa,390.0,-18.9894,23.692,Botswana,BWA,Definitely endangered,2.5921767573958667,1,0,390.0,2.5921767573958667,18.9894,0,Africa,8,1,2
Pirahã,389.0,-6.9264,-61.1279,Brazil,BRA,Vulnerable,2.591064607026499,1,0,389.0,2.591064607026499,6.9264,0,South America,18,0,1
Mixtec of San Pedro Tidaá,384.0,17.35,-97.3833,Mexico,MEX,Severely endangered,2.5854607295085006,1,0,384.0,2.5854607295085006,17.35,0,North America,106,1,2
Yerong,380.0,23.0732,106.0789,China,CHN,Severely endangered,2.5809249756756194,1,0,380.0,2.5809249756756194,23.0732,0,Asia,56,1,2
A'ingae / Cofan (Colombia),379.0,0.4525,-76.9191,Colombia,COL,Severely endangered,2.57978359661681,1,0,379.0,2.57978359661681,0.4525,0,South America,39,1,2
Halkomelem,375.0,48.7715,-123.6678,"Canada, United States of America","CAN, USA",Severely endangered,2.575187844927661,2,1,187.5,2.2753113545418118,48.7715,1,North America,33,1,2
Yudja,362.0,-10.956,-53.3235,Brazil,BRA,Vulnerable,2.5599066250361124,1,0,362.0,2.5599066250361124,10.956,0,South America,22,0,1
Kisêdjê,351.0,-11.5795,-53.031,Brazil,BRA,Vulnerable,2.546542663478131,1,0,351.0,2.546542663478131,11.5795,0,South America,22,0,1
Auye,350.0,-3.5627,135.9915,Indonesia,IDN,Vulnerable,2.545307116465824,1,0,350.0,2.545307116465824,3.5627,0,Oceania,52,0,1
Awyi,350.0,-2.943,140.6359,Indonesia,IDN,Vulnerable,2.545307116465824,1,0,350.0,2.545307116465824,2.943,0,Oceania,69,0,1
Bierebo,350.0,-16.6539,168.1539,Vanuatu,VUT,Vulnerable,2.545307116465824,1,0,350.0,2.545307116465824,16.6539,0,Oceania,47,0,1
Fayu,350.0,-3.1,136.8,Indonesia,IDN,Vulnerable,2.545307116465824,1,0,350.0,2.545307116465824,3.1,0,Oceania,62,0,1
Labo,350.0,-16.4492,167.4481,Vanuatu,VUT,Vulnerable,2.545307116465824,1,0,350.0,2.545307116465824,16.4492,0,Oceania,47,0,1
Mra,350.0,28.3914,93.3837,"China, India","CHN, IND",Critically endangered,2.545307116465824,2,1,175.0,2.24551266781415,28.3914,1,Asia,117,1,3
Myky,350.0,-12.5331,-59.5019,Brazil,BRA,Vulnerable,2.545307116465824,1,0,350.0,2.545307116465824,12.5331,0,South America,28,0,1
Na,350.0,28.4638,93.3041,"China, India","CHN, IND",Critically endangered,2.545307116465824,2,1,175.0,2.24551266781415,28.4638,1,Asia,118,1,3
Nadëb,350.0,-1.9771,-67.0166,Brazil,BRA,Definitely endangered,2.545307116465824,1,0,350.0,2.545307116465824,1.9771,0,South America,55,1,2
Taje,350.0,-0.747,120.086,Indonesia,IDN,Critically endangered,2.545307116465824,1,0,350.0,2.545307116465824,0.747,0,Oceania,32,1,3
Tenharim,350.0,-8.4071,-61.1499,Brazil,BRA,Severely endangered,2.545307116465824,1,0,350.0,2.545307116465824,8.4071,0,South America,29,1,2
Mako,345.0,4.2149,-65.7421,Venezuela (Bolivarian Republic of),VEN,Critically endangered,2.5390760987927767,1,0,345.0,2.5390760987927767,4.2149,0,South America,44,1,3
Barām,342.0,28.041,84.629,Nepal,NPL,Critically endangered,2.5352941200427703,1,0,342.0,2.5352941200427703,28.041,1,Asia,76,1,3
Ikpeng,342.0,-11.7376,-53.616,Brazil,BRA,Vulnerable,2.5352941200427703,1,0,342.0,2.5352941200427703,11.7376,0,South America,23,0,1
Gardiol,340.0,39.4658,15.9933,Italy,ITA,Severely endangered,2.5327543789924976,1,0,340.0,2.5327543789924976,39.4658,1,Europe,11,1,2
Araweté,339.0,-5.1347,-52.3388,Brazil,BRA,Vulnerable,2.531478917042255,1,0,339.0,2.531478917042255,5.1347,0,South America,10,0,1
Northern Pame,337.0,21.9955,-99.6458,Mexico,MEX,Definitely endangered,2.5289167002776547,1,0,337.0,2.5289167002776547,21.9955,0,North America,41,1,2
Thompson,335.0,50.1909,-120.8431,Canada,CAN,Severely endangered,2.526339277389844,1,0,335.0,2.526339277389844,50.1909,1,North America,31,1,2
Serili,328.0,-8.1136,129.9023,Indonesia,IDN,Vulnerable,2.5171958979499744,1,0,328.0,2.5171958979499744,8.1136,0,Oceania,14,0,1
Kaningara,327.0,-4.5784,143.3612,Papua New Guinea,PNG,Vulnerable,2.515873843711679,1,0,327.0,2.515873843711679,4.5784,0,Oceania,81,0,1
Misantla Totonac,325.0,19.865,-96.7755,Mexico,MEX,Critically endangered,2.513217600067939,1,0,325.0,2.513217600067939,19.865,0,North America,108,1,3
Nemi,325.0,-20.6494,164.6878,New Caledonia (France),NCL,Definitely endangered,2.513217600067939,1,0,325.0,2.513217600067939,20.6494,0,Oceania,18,1,2
Nambiquara do Norte,323.0,-11.8028,-59.8095,Brazil,BRA,Vulnerable,2.510545010206612,1,0,323.0,2.510545010206612,11.8028,0,South America,30,0,1
Matís,322.0,-6.1405,-70.664,Brazil,BRA,Vulnerable,2.509202522331103,1,0,322.0,2.509202522331103,6.1405,0,South America,35,0,1
Wauja,321.0,-12.2554,-53.5899,Brazil,BRA,Vulnerable,2.507855871695831,1,0,321.0,2.507855871695831,12.2554,0,South America,24,0,1
Benggoi,320.0,-3.0748,130.0918,Indonesia,IDN,Definitely endangered,2.506505032404872,1,0,320.0,2.506505032404872,3.0748,0,Oceania,38,1,2
Karitiana,320.0,-9.7307,-64.0942,Brazil,BRA,Vulnerable,2.506505032404872,1,0,320.0,2.506505032404872,9.7307,0,South America,42,0,1
Apalai,317.0,1.2084,-55.1074,Brazil,BRA,Vulnerable,2.5024271199844326,1,0,317.0,2.5024271199844326,1.2084,0,South America,22,0,1
Kwak'wala,315.0,50.7338,-127.4982,"Canada, United States of America","CAN, USA",Critically endangered,2.499687082618404,2,1,157.5,2.2000292665537704,50.7338,1,North America,26,1,3
Southern Zoque,312.0,16.7138,-93.1194,Mexico,MEX,Definitely endangered,2.4955443375464483,1,0,312.0,2.4955443375464483,16.7138,0,North America,105,1,2
Tilung,310.0,27.1501,86.5077,Nepal,NPL,Definitely endangered,2.4927603890268375,1,0,310.0,2.4927603890268375,27.1501,1,Asia,86,1,2
Opuuo,307.0,8.3202,33.8873,Ethiopia,ETH,Critically endangered,2.4885507165004443,1,0,307.0,2.4885507165004443,8.3202,0,Africa,46,1,3
Panará,306.0,-9.449,-54.5965,Brazil,BRA,Vulnerable,2.4871383754771865,1,0,306.0,2.4871383754771865,9.449,0,South America,22,0,1
Aka,300.0,11.0112,34.2333,India,IND,Critically endangered,2.4785664955938436,1,0,300.0,2.4785664955938436,11.0112,0,Africa,42,1,3
Bakole,300.0,4.5764,8.8439,Cameroon,CMR,Critically endangered,2.4785664955938436,1,0,300.0,2.4785664955938436,4.5764,0,Africa,34,1,3
Bathari,300.0,17.8846,55.5853,Oman,OMN,Critically endangered,2.4785664955938436,1,0,300.0,2.4785664955938436,17.8846,0,Asia,4,1,3
Brokkat,300.0,27.5618,90.6152,Bhutan,BTN,Definitely endangered,2.4785664955938436,1,0,300.0,2.4785664955938436,27.5618,1,Asia,145,1,2
Duwet,300.0,-6.4763,146.8377,Papua New Guinea,PNG,Vulnerable,2.4785664955938436,1,0,300.0,2.4785664955938436,6.4763,0,Oceania,65,0,1
Faire Atta,300.0,18.027,120.4929,Philippines,PHL,Severely endangered,2.4785664955938436,1,0,300.0,2.4785664955938436,18.027,0,Asia,9,1,2
Green Gelao (China),300.0,27.7022,106.0952,China,CHN,Critically endangered,2.4785664955938436,1,0,300.0,2.4785664955938436,27.7022,1,Asia,30,1,3
Green Gelao (Viet Nam),300.0,23.1333,105.25,Viet Nam,VNM,Critically endangered,2.4785664955938436,1,0,300.0,2.4785664955938436,23.1333,0,Asia,67,1,3
Guatuso,300.0,10.6723,-84.8256,Costa Rica,CRI,Severely endangered,2.4785664955938436,1,0,300.0,2.4785664955938436,10.6723,0,South America,26,1,2
Gupapuyngu,300.0,-12.6624,136.549,Australia,AUS,Vulnerable,2.4785664955938436,1,0,300.0,2.4785664955938436,12.6624,0,Oceania,21,0,1
Istro-Romanian,300.0,45.3907,14.436,Croatia,HRV,Severely endangered,2.4785664955938436,1,0,300.0,2.4785664955938436,45.3907,1,Europe,25,1,2
Jicarilla Apache,300.0,36.9336,-106.9984,United States of America,USA,Severely endangered,2.4785664955938436,1,0,300.0,2.4785664955938436,36.9336,1,North America,17,1,2
Kandas,300.0,-4.4121,152.7868,Papua New Guinea,PNG,Vulnerable,2.4785664955938436,1,0,300.0,2.4785664955938436,4.4121,0,Oceania,12,0,1
Kangjia,300.0,36.0757,102.2991,China,CHN,Severely endangered,2.4785664955938436,1,0,300.0,2.4785664955938436,36.0757,1,Asia,13,1,2
Kaxarari,300.0,-9.5682,-66.1596,Brazil,BRA,Critically endangered,2.4785664955938436,1,0,300.0,2.4785664955938436,9.5682,0,South America,43,1,3
Kwansu,300.0,-2.5383,140.2061,Indonesia,IDN,Vulnerable,2.4785664955938436,1,0,300.0,2.4785664955938436,2.5383,0,Oceania,69,0,1
Legenyem,300.0,-0.3186,130.7345,Indonesia,IDN,Vulnerable,2.4785664955938436,1,0,300.0,2.4785664955938436,0.3186,0,Oceania,34,0,1
Mandaic,300.0,31.3348,48.7023,"Iran (Islamic Republic of), Iraq","IRN, IRQ",Critically endangered,2.4785664955938436,2,1,150.0,2.1789769472931693,31.3348,1,Africa,11,1,3
Mangareva,300.0,-23.1226,-134.978,French Polynesia (France),PYF,Severely endangered,2.4785664955938436,1,0,300.0,2.4785664955938436,23.1226,0,Other,0,1,2
Mani,300.0,9.1129,-13.2165,"Guinea, Sierra Leone","GIN, SLE",Critically endangered,2.4785664955938436,2,1,150.0,2.1789769472931693,9.1129,0,Africa,17,1,3
Maniq,300.0,7.35,99.9333,Thailand,THA,Definitely endangered,2.4785664955938436,1,0,300.0,2.4785664955938436,7.35,0,Asia,17,1,2
Mono,300.0,8.6679,14.1723,Cameroon,CMR,Critically endangered,2.4785664955938436,1,0,300.0,2.4785664955938436,8.6679,0,Africa,43,1,3
Northern Paiute (Oregon),300.0,43.5883,-119.0595,United States of America,USA,Critically endangered,2.4785664955938436,1,0,300.0,2.4785664955938436,43.5883,1,North America,28,1,3
Phong,300.0,18.3333,105.0,Lao People's Democratic Republic,LAO,Definitely endangered,2.4785664955938436,1,0,300.0,2.4785664955938436,18.3333,0,Asia,44,1,2
Shanenawa,300.0,-8.1014,-70.2129,Brazil,BRA,Vulnerable,2.4785664955938436,1,0,300.0,2.4785664955938436,8.1014,0,South America,34,0,1
Sissano,300.0,-3.0129,142.0491,Papua New Guinea,PNG,Critically endangered,2.4785664955938436,1,0,300.0,2.4785664955938436,3.0129,0,Oceania,75,1,3
Skolt Saami,300.0,69.5333,28.6269,"Finland, Norway, Russian Federation","FIN, NOR, RUS",Severely endangered,2.4785664955938436,3,1,100.0,2.0043213737826426,69.5333,2,Europe,6,1,2
Tarpia,300.0,-2.3723,140.0317,Indonesia,IDN,Severely endangered,2.4785664955938436,1,0,300.0,2.4785664955938436,2.3723,0,Oceania,69,1,2
Tause,300.0,-2.8744,136.2469,Indonesia,IDN,Vulnerable,2.4785664955938436,1,0,300.0,2.4785664955938436,2.8744,0,Oceania,56,0,1
Thaayorre,300.0,-15.0867,141.7167,Australia,AUS,Definitely endangered,2.4785664955938436,1,0,300.0,2.4785664955938436,15.0867,0,Oceania,16,1,2
Tlingit (United States of America),300.0,58.334,-133.7475,United States of America,USA,Critically endangered,2.4785664955938436,1,0,300.0,2.4785664955938436,58.334,2,North America,10,1,3
Tol,300.0,15.293,-87.1416,Honduras,HND,Critically endangered,2.4785664955938436,1,0,300.0,2.4785664955938436,15.293,0,North America,42,1,3
Tsakonian,300.0,37.1712,22.7911,Greece,GRC,Critically endangered,2.4785664955938436,1,0,300.0,2.4785664955938436,37.1712,1,Europe,7,1,3
Tuahka,300.0,13.838,-84.4409,Nicaragua,NIC,Severely endangered,2.4785664955938436,1,0,300.0,2.4785664955938436,13.838,0,South America,24,1,2
Ute (Utah),300.0,40.2329,-109.8223,United States of America,USA,Severely endangered,2.4785664955938436,1,0,300.0,2.4785664955938436,40.2329,1,North America,11,1,2
Vedda,300.0,7.346,81.3935,Sri Lanka,LKA,Definitely endangered,2.4785664955938436,1,0,300.0,2.4785664955938436,7.346,0,Asia,0,1,2
Vera'a,300.0,-13.872,167.4323,Vanuatu,VUT,Definitely endangered,2.4785664955938436,1,0,300.0,2.4785664955938436,13.872,0,Oceania,48,1,2
Warapu,300.0,-2.9876,141.9838,Papua New Guinea,PNG,Severely endangered,2.4785664955938436,1,0,300.0,2.4785664955938436,2.9876,0,Oceania,75,1,2
Waru,300.0,-3.4393,121.9921,Indonesia,IDN,Definitely endangered,2.4785664955938436,1,0,300.0,2.4785664955938436,3.4393,0,Oceania,36,1,2
Yawarana,300.0,5.3863,-66.0058,Venezuela (Bolivarian Republic of),VEN,Severely endangered,2.4785664955938436,1,0,300.0,2.4785664955938436,5.3863,0,South America,33,1,2
Yimas,300.0,-4.6038,143.6077,Papua New Guinea,PNG,Severely endangered,2.4785664955938436,1,0,300.0,2.4785664955938436,4.6038,0,Oceania,77,1,2
Tilapa Otomí,292.0,18.8923,-99.2986,Mexico,MEX,Severely endangered,2.4668676203541096,1,0,292.0,2.4668676203541096,18.8923,0,North America,101,1,2
Paumarí,290.0,-5.8947,-64.5996,Brazil,BRA,Severely endangered,2.4638929889859074,1,0,290.0,2.4638929889859074,5.8947,0,South America,23,1,2
Wayana (Brazil),288.0,1.3182,-55.2612,Brazil,BRA,Vulnerable,2.4608978427565478,1,0,288.0,2.4608978427565478,1.3182,0,South America,23,0,1
Achagua,283.0,4.434,-70.8837,Colombia,COL,Severely endangered,2.4533183400470375,1,0,283.0,2.4533183400470375,4.434,0,South America,42,1,2
Guajá,283.0,-3.4914,-46.2963,Brazil,BRA,Vulnerable,2.4533183400470375,1,0,283.0,2.4533183400470375,3.4914,0,South America,13,0,1
Maniwaki Algonquin,280.0,46.3392,-76.0485,Canada,CAN,Severely endangered,2.44870631990508,1,0,280.0,2.44870631990508,46.3392,1,North America,23,1,2
Alabama,275.0,30.7158,-94.7028,United States of America,USA,Definitely endangered,2.4409090820652177,1,0,275.0,2.4409090820652177,30.7158,1,North America,7,1,2
Cocopa (Arizona),275.0,32.608,-114.6497,United States of America,USA,Severely endangered,2.4409090820652177,1,0,275.0,2.4409090820652177,32.608,1,North America,30,1,2
Miltu,272.0,10.2149,17.3913,Chad,TCD,Critically endangered,2.436162647040756,1,0,272.0,2.436162647040756,10.2149,0,Africa,37,1,3
Arara do Pará,271.0,-3.7546,-52.976,Brazil,BRA,Vulnerable,2.4345689040341987,1,0,271.0,2.4345689040341987,3.7546,0,South America,10,0,1
Kaki Ae,266.0,-7.9653,145.7858,Papua New Guinea,PNG,Vulnerable,2.4265112613645754,1,0,266.0,2.4265112613645754,7.9653,0,Oceania,65,0,1
Nisga'a,265.0,55.2035,-129.07,Canada,CAN,Severely endangered,2.424881636631067,1,0,265.0,2.424881636631067,55.2035,2,North America,12,1,2
"Zapotec of the Valleys, central",257.0,16.85,-96.6666,Mexico,MEX,Severely endangered,2.41161970596323,1,0,257.0,2.41161970596323,16.85,0,North America,108,1,2
Bosilewa,250.0,-9.449,150.661,Papua New Guinea,PNG,Vulnerable,2.399673721481038,1,0,250.0,2.399673721481038,9.449,0,Oceania,24,0,1
Caquinte Campa,250.0,-11.146,-73.4765,Peru,PER,Definitely endangered,2.399673721481038,1,0,250.0,2.399673721481038,11.146,0,South America,36,1,2
Gwich'in (Canada),250.0,67.4407,-134.8272,Canada,CAN,Severely endangered,2.399673721481038,1,0,250.0,2.399673721481038,67.4407,2,North America,5,1,2
Kaibobo,250.0,-3.1843,128.1829,Indonesia,IDN,Definitely endangered,2.399673721481038,1,0,250.0,2.399673721481038,3.1843,0,Oceania,35,1,2
Kaiep,250.0,-3.6666,143.8166,Papua New Guinea,PNG,Vulnerable,2.399673721481038,1,0,250.0,2.399673721481038,3.6666,0,Oceania,74,0,1
Kaiy,250.0,-2.943,138.1777,Indonesia,IDN,Vulnerable,2.399673721481038,1,0,250.0,2.399673721481038,2.943,0,Oceania,64,0,1
Laji,250.0,22.5304,105.885,China,CHN,Critically endangered,2.399673721481038,1,0,250.0,2.399673721481038,22.5304,0,Asia,66,1,3
Lehali,250.0,-13.5205,167.2998,Vanuatu,VUT,Vulnerable,2.399673721481038,1,0,250.0,2.399673721481038,13.5205,0,Oceania,48,0,1
Lillooet,250.0,50.3326,-122.6789,Canada,CAN,Severely endangered,2.399673721481038,1,0,250.0,2.399673721481038,50.3326,1,North America,29,1,2
Löyöp,250.0,-13.5311,167.3368,Vanuatu,VUT,Vulnerable,2.399673721481038,1,0,250.0,2.399673721481038,13.5311,0,Oceania,48,0,1
Nyangumarta,250.0,-20.016,120.4101,Australia,AUS,Vulnerable,2.399673721481038,1,0,250.0,2.399673721481038,20.016,0,Oceania,10,0,1
Pear,250.0,12.4666,102.65,Cambodia,KHM,Severely endangered,2.399673721481038,1,0,250.0,2.399673721481038,12.4666,0,Asia,20,1,2
Ruc,250.0,17.6833,105.7833,"Lao People's Democratic Republic, Viet Nam","LAO, VNM",Definitely endangered,2.399673721481038,2,1,125.0,2.100370545117563,17.6833,0,Asia,37,1,2
Sause,250.0,-3.1706,139.7515,Indonesia,IDN,Severely endangered,2.399673721481038,1,0,250.0,2.399673721481038,3.1706,0,Oceania,69,1,2
Texistepecan,250.0,17.8941,-94.8163,Mexico,MEX,Severely endangered,2.399673721481038,1,0,250.0,2.399673721481038,17.8941,0,North America,115,1,2
Winnebago (Nebraska),250.0,42.2475,-96.4722,United States of America,USA,Severely endangered,2.399673721481038,1,0,250.0,2.399673721481038,42.2475,1,North America,5,1,2
Winnebago (Wisconsin),250.0,44.2986,-90.8508,United States of America,USA,Severely endangered,2.399673721481038,1,0,250.0,2.399673721481038,44.2986,1,North America,6,1,2
Zapotec of San Bartolo Yautepec,246.0,16.4333,-95.9666,Mexico,MEX,Severely endangered,2.392696953259666,1,0,246.0,2.392696953259666,16.4333,0,North America,109,1,2
Mixtec of San Miguel Piedras,243.0,17.0,-97.05,Mexico,MEX,Severely endangered,2.387389826338729,1,0,243.0,2.387389826338729,17.0,0,North America,106,1,2
North Alaskan Inupiaq (Canada),240.0,68.3217,-133.532,Canada,CAN,Severely endangered,2.3820170425748683,1,0,240.0,2.3820170425748683,68.3217,2,North America,3,1,2
Waiwai (Guyana),240.0,1.5598,-58.5131,Guyana,GUY,Vulnerable,2.3820170425748683,1,0,240.0,2.3820170425748683,1.5598,0,South America,27,0,1
As,230.0,-0.736,131.7727,Indonesia,IDN,Vulnerable,2.3636119798921444,1,0,230.0,2.3636119798921444,0.736,0,Oceania,35,0,1
Siglitun,230.0,69.4386,-132.9998,Canada,CAN,Severely endangered,2.3636119798921444,1,0,230.0,2.3636119798921444,69.4386,2,North America,2,1,2
K'iche' (Mexico),226.0,19.3482,-90.7177,Mexico,MEX,Definitely endangered,2.3560258571931225,1,0,226.0,2.3560258571931225,19.3482,0,North America,43,1,2
Paipai,226.0,29.65,-115.1333,Mexico,MEX,Severely endangered,2.3560258571931225,1,0,226.0,2.3560258571931225,29.65,1,North America,17,1,2
Garuwahi,225.0,-10.2284,150.4083,Papua New Guinea,PNG,Definitely endangered,2.3541084391474008,1,0,225.0,2.3541084391474008,10.2284,0,Oceania,19,1,2
Picuris,225.0,36.1914,-105.7151,United States of America,USA,Vulnerable,2.3541084391474008,1,0,225.0,2.3541084391474008,36.1914,1,North America,16,0,1
Neku,221.0,-21.5169,165.4568,New Caledonia (France),NCL,Severely endangered,2.346352974450639,1,0,221.0,2.346352974450639,21.5169,0,Oceania,20,1,2
Tiri,221.0,-21.6141,165.7836,New Caledonia (France),NCL,Definitely endangered,2.346352974450639,1,0,221.0,2.346352974450639,21.6141,0,Oceania,20,1,2
Danisi,220.0,-19.4769,25.2136,Botswana,BWA,Critically endangered,2.3443922736851106,1,0,220.0,2.3443922736851106,19.4769,0,Africa,10,1,3
Emplawas,220.0,-8.0374,129.7375,Indonesia,IDN,Definitely endangered,2.3443922736851106,1,0,220.0,2.3443922736851106,8.0374,0,Oceania,15,1,2
Mixtec of the northeast lowlands,220.0,17.5333,-97.35,Mexico,MEX,Severely endangered,2.3443922736851106,1,0,220.0,2.3443922736851106,17.5333,0,North America,107,1,2
Musom,219.0,-6.5391,146.9119,Papua New Guinea,PNG,Definitely endangered,2.342422680822206,1,0,219.0,2.342422680822206,6.5391,0,Oceania,64,1,2
Pwaamèi,219.0,-20.8767,164.7413,New Caledonia (France),NCL,Definitely endangered,2.342422680822206,1,0,219.0,2.342422680822206,20.8767,0,Oceania,18,1,2
"Zapotec of the Valleys, west",211.0,16.2666,-96.8833,Mexico,MEX,Definitely endangered,2.326335860928751,1,0,211.0,2.326335860928751,16.2666,0,North America,100,1,2
Karo,208.0,-10.5749,-61.5893,Brazil,BRA,Vulnerable,2.3201462861110542,1,0,208.0,2.3201462861110542,10.5749,0,South America,46,0,1
Cocopa (Mexico),206.0,32.25,-115.25,Mexico,MEX,Definitely endangered,2.315970345456918,1,0,206.0,2.315970345456918,32.25,1,North America,29,1,2
Korúbo,205.0,-5.8346,-70.9277,Brazil,BRA,Vulnerable,2.3138672203691533,1,0,205.0,2.3138672203691533,5.8346,0,South America,33,0,1
Aja,200.0,8.6136,25.2465,Sudan,SDN,Critically endangered,2.303196057420489,1,0,200.0,2.303196057420489,8.6136,0,Africa,16,1,3
Antakirinya,200.0,-26.7848,134.2968,Australia,AUS,Definitely endangered,2.303196057420489,1,0,200.0,2.303196057420489,26.7848,1,Oceania,4,1,2
Bana,200.0,20.4836,100.3161,Lao People's Democratic Republic,LAO,Severely endangered,2.303196057420489,1,0,200.0,2.303196057420489,20.4836,0,Asia,56,1,2
Baras,200.0,-1.8838,119.3774,Indonesia,IDN,Severely endangered,2.303196057420489,1,0,200.0,2.303196057420489,1.8838,0,Oceania,32,1,2
Batak,200.0,10.1081,119.0,Philippines,PHL,Definitely endangered,2.303196057420489,1,0,200.0,2.303196057420489,10.1081,0,Asia,2,1,2
Birri,200.0,5.4902,26.8505,Central African Republic,CAF,Critically endangered,2.303196057420489,1,0,200.0,2.303196057420489,5.4902,0,Africa,19,1,3
Bonggo,200.0,-2.2461,139.5208,Indonesia,IDN,Severely endangered,2.303196057420489,1,0,200.0,2.303196057420489,2.2461,0,Oceania,65,1,2
Central Siberian Yupik (Chukotka),200.0,64.546,-173.128,Russian Federation,RUS,Severely endangered,2.303196057420489,1,0,200.0,2.303196057420489,64.546,2,Other,7,1,2
Chawte,200.0,24.1918,94.2736,Myanmar,MMR,Definitely endangered,2.303196057420489,1,0,200.0,2.303196057420489,24.1918,1,Asia,121,1,2
Che Wong,200.0,3.6271,102.1907,Malaysia,MYS,Definitely endangered,2.303196057420489,1,0,200.0,2.303196057420489,3.6271,0,Asia,22,1,2
Defaka,200.0,4.538,7.5311,Nigeria,NGA,Critically endangered,2.303196057420489,1,0,200.0,2.303196057420489,4.538,0,Africa,30,1,3
Doga,200.0,-9.6278,149.8384,Papua New Guinea,PNG,Definitely endangered,2.303196057420489,1,0,200.0,2.303196057420489,9.6278,0,Oceania,32,1,2
Dorig,200.0,-14.3236,167.5669,Vanuatu,VUT,Definitely endangered,2.303196057420489,1,0,200.0,2.303196057420489,14.3236,0,Oceania,48,1,2
Dukha,200.0,51.9307,98.9318,Mongolia,MNG,Severely endangered,2.303196057420489,1,0,200.0,2.303196057420489,51.9307,1,Asia,6,1,2
Emae,200.0,-17.0567,168.3956,Vanuatu,VUT,Vulnerable,2.303196057420489,1,0,200.0,2.303196057420489,17.0567,0,Oceania,47,0,1
Erokwanas,200.0,-2.8113,132.6708,Indonesia,IDN,Vulnerable,2.303196057420489,1,0,200.0,2.303196057420489,2.8113,0,Oceania,42,0,1
Gowro,200.0,35.0254,72.9341,Pakistan,PAK,Severely endangered,2.303196057420489,1,0,200.0,2.303196057420489,35.0254,1,Asia,53,1,2
Hayu,200.0,27.2912,86.0696,Nepal,NPL,Critically endangered,2.303196057420489,1,0,200.0,2.303196057420489,27.2912,1,Asia,81,1,3
Hidatsa,200.0,47.7321,-102.6758,United States of America,USA,Definitely endangered,2.303196057420489,1,0,200.0,2.303196057420489,47.7321,1,North America,11,1,2
Ingrian,200.0,59.7397,28.7017,Russian Federation,RUS,Severely endangered,2.303196057420489,1,0,200.0,2.303196057420489,59.7397,2,Europe,13,1,2
Iwaidja,200.0,-11.4592,132.55,Australia,AUS,Vulnerable,2.303196057420489,1,0,200.0,2.303196057420489,11.4592,0,Oceania,31,0,1
Kadai,200.0,-1.7465,125.2606,Indonesia,IDN,Definitely endangered,2.303196057420489,1,0,200.0,2.303196057420489,1.7465,0,Oceania,35,1,2
Kao,200.0,1.1479,127.8204,Indonesia,IDN,Definitely endangered,2.303196057420489,1,0,200.0,2.303196057420489,1.1479,0,Asia,20,1,2
Karo,200.0,5.2003,36.0681,Ethiopia,ETH,Critically endangered,2.303196057420489,1,0,200.0,2.303196057420489,5.2003,0,Africa,31,1,3
Kelo,200.0,9.4463,34.0219,Sudan,SDN,Critically endangered,2.303196057420489,1,0,200.0,2.303196057420489,9.4463,0,Africa,44,1,3
Kokota,200.0,-8.0347,159.1781,Solomon Islands,SLB,Vulnerable,2.303196057420489,1,0,200.0,2.303196057420489,8.0347,0,Oceania,14,0,1
Koneraw,200.0,-8.3854,137.9415,Indonesia,IDN,Vulnerable,2.303196057420489,1,0,200.0,2.303196057420489,8.3854,0,Oceania,11,0,1
Koroshi,200.0,29.8978,52.6574,Iran (Islamic Republic of),IRN,Critically endangered,2.303196057420489,1,0,200.0,2.303196057420489,29.8978,1,Africa,10,1,3
Magori,200.0,-10.2554,149.2108,Papua New Guinea,PNG,Vulnerable,2.303196057420489,1,0,200.0,2.303196057420489,10.2554,0,Oceania,31,0,1
Maung,200.0,-11.913,133.7255,Australia,AUS,Vulnerable,2.303196057420489,1,0,200.0,2.303196057420489,11.913,0,Oceania,28,0,1
Mehináku,200.0,-12.5423,-53.2403,Brazil,BRA,Vulnerable,2.303196057420489,1,0,200.0,2.303196057420489,12.5423,0,South America,23,0,1
Moghol,200.0,34.3569,61.5875,Afghanistan,AFG,Critically endangered,2.303196057420489,1,0,200.0,2.303196057420489,34.3569,1,Asia,1,1,3
Ningalami,200.0,35.2355,71.51,Afghanistan,AFG,Severely endangered,2.303196057420489,1,0,200.0,2.303196057420489,35.2355,1,Asia,47,1,2
Northern Alta,200.0,15.7162,121.4085,Philippines,PHL,Severely endangered,2.303196057420489,1,0,200.0,2.303196057420489,15.7162,0,Asia,13,1,2
Numbani,200.0,-7.5177,147.2991,Papua New Guinea,PNG,Vulnerable,2.303196057420489,1,0,200.0,2.303196057420489,7.5177,0,Oceania,58,0,1
Nung Ven,200.0,23.15,105.2166,Viet Nam,VNM,Vulnerable,2.303196057420489,1,0,200.0,2.303196057420489,23.15,0,Asia,69,0,1
Ongamo,200.0,-2.932,37.4853,Kenya,KEN,Critically endangered,2.303196057420489,1,0,200.0,2.303196057420489,2.932,0,Africa,21,1,3
Orejón,200.0,-2.7674,-72.9492,Peru,PER,Severely endangered,2.303196057420489,1,0,200.0,2.303196057420489,2.7674,0,South America,55,1,2
Pacific Gulf Yupik,200.0,58.1938,-155.6542,United States of America,USA,Severely endangered,2.303196057420489,1,0,200.0,2.303196057420489,58.1938,2,North America,2,1,2
Pipil,200.0,13.722,-89.7195,El Salvador,SLV,Critically endangered,2.303196057420489,1,0,200.0,2.303196057420489,13.722,0,South America,45,1,3
Saisiyat,200.0,24.5977,121.0762,China,CHN,Severely endangered,2.303196057420489,1,0,200.0,2.303196057420489,24.5977,1,Asia,26,1,2
Sauk-Fox,200.0,41.9637,-92.5768,United States of America,USA,Critically endangered,2.303196057420489,1,0,200.0,2.303196057420489,41.9637,1,North America,8,1,3
Sepa,200.0,-4.3245,144.9755,Papua New Guinea,PNG,Vulnerable,2.303196057420489,1,0,200.0,2.303196057420489,4.3245,0,Oceania,72,0,1
Shark Bay,200.0,-15.2987,167.1459,Vanuatu,VUT,Vulnerable,2.303196057420489,1,0,200.0,2.303196057420489,15.2987,0,Oceania,50,0,1
Southern Chocho,200.0,17.6608,-97.335,Mexico,MEX,Severely endangered,2.303196057420489,1,0,200.0,2.303196057420489,17.6608,0,North America,107,1,2
Theen,200.0,20.2022,102.8538,Lao People's Democratic Republic,LAO,Severely endangered,2.303196057420489,1,0,200.0,2.303196057420489,20.2022,0,Asia,75,1,2
Töitschu,200.0,45.6913,7.8682,Italy,ITA,Severely endangered,2.303196057420489,1,0,200.0,2.303196057420489,45.6913,1,Europe,28,1,2
|Xaise,200.0,-21.2458,26.1776,Botswana,BWA,Critically endangered,2.303196057420489,1,0,200.0,2.303196057420489,21.2458,0,Africa,9,1,3
Beaver,195.0,56.481,-121.8831,Canada,CAN,Definitely endangered,2.292256071356476,1,0,195.0,2.292256071356476,56.481,2,North America,5,1,2
Nootka,185.0,49.2818,-126.0627,Canada,CAN,Severely endangered,2.2695129442179165,1,0,185.0,2.2695129442179165,49.2818,1,North America,26,1,2
Tipai (Mexico),184.0,32.0,-116.1166,Mexico,MEX,Severely endangered,2.2671717284030137,1,0,184.0,2.2671717284030137,32.0,1,North America,28,1,2
Uru-eu-au-au,183.0,-11.6852,-63.6547,Brazil,BRA,Vulnerable,2.2648178230095364,1,0,183.0,2.2648178230095364,11.6852,0,South America,51,0,1
Eastern Chocho,181.0,17.7223,-97.3213,Mexico,MEX,Severely endangered,2.2600713879850747,1,0,181.0,2.2600713879850747,17.7223,0,North America,107,1,2
Bahonsuai,180.0,-2.2186,121.6845,Indonesia,IDN,Definitely endangered,2.2576785748691846,1,0,180.0,2.2576785748691846,2.2186,0,Oceania,37,1,2
Bedoanas,180.0,-2.7263,132.5582,Indonesia,IDN,Vulnerable,2.2576785748691846,1,0,180.0,2.2576785748691846,2.7263,0,Oceania,43,0,1
Jarawára,180.0,-7.2153,-65.0115,Brazil,BRA,Vulnerable,2.2576785748691846,1,0,180.0,2.2576785748691846,7.2153,0,South America,26,0,1
Keder,180.0,-2.043,139.0979,Indonesia,IDN,Severely endangered,2.2576785748691846,1,0,180.0,2.2576785748691846,2.043,0,Oceania,63,1,2
Straits Salish,180.0,48.4457,-123.4205,"Canada, United States of America","CAN, USA",Severely endangered,2.2576785748691846,2,1,90.0,1.9590413923210936,48.4457,1,North America,33,1,2
Zo'é,177.0,0.7909,-57.1289,Brazil,BRA,Vulnerable,2.250420002308894,1,0,177.0,2.250420002308894,0.7909,0,South America,19,0,1
Central Ojibwe,175.0,50.2275,-86.9635,Canada,CAN,Definitely endangered,2.24551266781415,1,0,175.0,2.24551266781415,50.2275,1,North America,1,1,2
Kuurinji,175.0,-18.1047,129.8474,Australia,AUS,Definitely endangered,2.24551266781415,1,0,175.0,2.24551266781415,18.1047,0,Oceania,24,1,2
Mwatebu,166.0,-10.0202,151.0537,Papua New Guinea,PNG,Definitely endangered,2.2227164711475833,1,0,166.0,2.2227164711475833,10.0202,0,Oceania,19,1,2
Zazao,166.0,-8.1832,159.2269,Solomon Islands,SLB,Critically endangered,2.2227164711475833,1,0,166.0,2.2227164711475833,8.1832,0,Oceania,13,1,3
"Zapotec of the Southern mountains, northwest lowlands",164.0,16.6333,-96.95,Mexico,MEX,Definitely endangered,2.2174839442139063,1,0,164.0,2.2174839442139063,16.6333,0,North America,105,1,2
Pije,161.0,-20.7869,164.9487,New Caledonia (France),NCL,Severely endangered,2.2095150145426308,1,0,161.0,2.2095150145426308,20.7869,0,Oceania,20,1,2
Aweti,160.0,-12.2053,-53.3705,Brazil,BRA,Vulnerable,2.2068258760318495,1,0,160.0,2.2068258760318495,12.2053,0,South America,23,0,1
Koro,160.0,-14.3242,167.4728,Vanuatu,VUT,Definitely endangered,2.2068258760318495,1,0,160.0,2.2068258760318495,14.3242,0,Oceania,48,1,2
Meriam Mir,160.0,-9.9201,144.0472,Australia,AUS,Definitely endangered,2.2068258760318495,1,0,160.0,2.2068258760318495,9.9201,0,Oceania,30,1,2
Onjab,160.0,-9.2973,149.1613,Papua New Guinea,PNG,Vulnerable,2.2068258760318495,1,0,160.0,2.2068258760318495,9.2973,0,Oceania,36,0,1
Tsimshian,160.0,54.5016,-130.3832,Canada,CAN,Critically endangered,2.2068258760318495,1,0,160.0,2.2068258760318495,54.5016,1,North America,12,1,3
Chihuahua Lower Pima,159.0,28.686,-106.1378,Mexico,MEX,Definitely endangered,2.2041199826559246,1,0,159.0,2.2041199826559246,28.686,1,North America,12,1,2
Sonora Lower Pima,159.0,28.3716,-108.9265,Mexico,MEX,Severely endangered,2.2041199826559246,1,0,159.0,2.2041199826559246,28.3716,1,North America,12,1,2
Kaska,155.0,61.9751,-132.4544,Canada,CAN,Severely endangered,2.1931245983544616,1,0,155.0,2.1931245983544616,61.9751,2,North America,9,1,2
Aikana,150.0,-12.651,-60.3918,Brazil,BRA,Definitely endangered,2.1789769472931693,1,0,150.0,2.1789769472931693,12.651,0,South America,38,1,2
Aleut (Eastern),150.0,54.7212,-164.4433,United States of America,USA,Critically endangered,2.1789769472931693,1,0,150.0,2.1789769472931693,54.7212,1,North America,0,1,3
Aleut (Western),150.0,52.2304,-174.1978,United States of America,USA,Severely endangered,2.1789769472931693,1,0,150.0,2.1789769472931693,52.2304,1,Other,0,1,2
Amblong,150.0,-15.4933,166.9846,Vanuatu,VUT,Definitely endangered,2.1789769472931693,1,0,150.0,2.1789769472931693,15.4933,0,Oceania,50,1,2
Arguni,150.0,-2.6632,132.5418,Indonesia,IDN,Vulnerable,2.1789769472931693,1,0,150.0,2.1789769472931693,2.6632,0,Oceania,43,0,1
Assiniboine (United States of America),150.0,48.4466,-114.8783,United States of America,USA,Critically endangered,2.1789769472931693,1,0,150.0,2.1789769472931693,48.4466,1,North America,14,1,3
Baki,150.0,-16.7013,168.145,Vanuatu,VUT,Vulnerable,2.1789769472931693,1,0,150.0,2.1789769472931693,16.7013,0,Oceania,47,0,1
Cacua,150.0,0.9166,-69.5,Colombia,COL,Severely endangered,2.1789769472931693,1,0,150.0,2.1789769472931693,0.9166,0,South America,68,1,2
Camarines Norte Agta,150.0,14.0135,122.8873,Philippines,PHL,Severely endangered,2.1789769472931693,1,0,150.0,2.1789769472931693,14.0135,0,Asia,13,1,2
Cubeo (Brazil),150.0,1.2713,-67.8076,Brazil,BRA,Definitely endangered,2.1789769472931693,1,0,150.0,2.1789769472931693,1.2713,0,South America,65,1,2
Gwich'in (United States of America),150.0,68.1171,-145.5173,United States of America,USA,Severely endangered,2.1789769472931693,1,0,150.0,2.1789769472931693,68.1171,2,North America,6,1,2
Hiw,150.0,-13.1343,166.5671,Vanuatu,VUT,Definitely endangered,2.1789769472931693,1,0,150.0,2.1789769472931693,13.1343,0,Oceania,48,1,2
Katxuyana-Xikuyána,150.0,2.043,-55.4589,Brazil,BRA,Vulnerable,2.1789769472931693,1,0,150.0,2.1789769472931693,2.043,0,South America,27,0,1
Ket,150.0,62.6236,87.7148,Russian Federation,RUS,Severely endangered,2.1789769472931693,1,0,150.0,2.1789769472931693,62.6236,2,Asia,5,1,2
Koyukon,150.0,66.3375,-151.1608,United States of America,USA,Critically endangered,2.1789769472931693,1,0,150.0,2.1789769472931693,66.3375,2,North America,7,1,3
Malmariv,150.0,-15.2656,166.9104,Vanuatu,VUT,Vulnerable,2.1789769472931693,1,0,150.0,2.1789769472931693,15.2656,0,Oceania,50,0,1
Mt. Iraya Agta,150.0,13.459,123.5467,Philippines,PHL,Definitely endangered,2.1789769472931693,1,0,150.0,2.1789769472931693,13.459,0,Asia,11,1,2
Ocaina (Peru),150.0,-2.8552,-71.9824,Peru,PER,Critically endangered,2.1789769472931693,1,0,150.0,2.1789769472931693,2.8552,0,South America,55,1,3
Papapana,150.0,-5.8974,155.2505,Papua New Guinea,PNG,Definitely endangered,2.1789769472931693,1,0,150.0,2.1789769472931693,5.8974,0,Oceania,13,1,2
Quechan,150.0,32.7279,-114.7255,United States of America,USA,Definitely endangered,2.1789769472931693,1,0,150.0,2.1789769472931693,32.7279,1,North America,31,1,2
Southern Ayta,150.0,13.027,124.1549,Philippines,PHL,Critically endangered,2.1789769472931693,1,0,150.0,2.1789769472931693,13.027,0,Asia,11,1,3
Tundra Yukagir,150.0,69.1654,154.4732,Russian Federation,RUS,Critically endangered,2.1789769472931693,1,0,150.0,2.1789769472931693,69.1654,2,Asia,1,1,3
Tupari,150.0,-12.0876,-62.4792,Brazil,BRA,Definitely endangered,2.1789769472931693,1,0,150.0,2.1789769472931693,12.0876,0,South America,47,1,2
Wari,150.0,-3.2173,138.4497,Indonesia,IDN,Definitely endangered,2.1789769472931693,1,0,150.0,2.1789769472931693,3.2173,0,Oceania,65,1,2
Yavapai,150.0,34.5638,-112.4453,United States of America,USA,Severely endangered,2.1789769472931693,1,0,150.0,2.1789769472931693,34.5638,1,North America,31,1,2
Mlabri,149.0,18.4796,101.0961,"Lao People's Democratic Republic, Thailand","LAO, THA",Definitely endangered,2.1760912590556813,2,1,74.5,1.8779469516291882,18.4796,0,Asia,57,1,2
Negidal,147.0,52.942,139.779,Russian Federation,RUS,Critically endangered,2.1702617153949575,1,0,147.0,2.1702617153949575,52.942,1,Asia,7,1,3
Suarmin,145.0,-5.0526,141.9818,Papua New Guinea,PNG,Definitely endangered,2.164352855784437,1,0,145.0,2.164352855784437,5.0526,0,Oceania,80,1,2
Kickapoo (Mexico),144.0,28.0,-101.75,Mexico,MEX,Critically endangered,2.161368002234975,1,0,144.0,2.161368002234975,28.0,1,North America,2,1,3
Wab,142.0,-5.6296,146.39,Papua New Guinea,PNG,Vulnerable,2.155336037465062,1,0,142.0,2.155336037465062,5.6296,0,Oceania,59,0,1
Motocintlec,141.0,15.3709,-92.2484,Mexico,MEX,Critically endangered,2.1522883443830563,1,0,141.0,2.1522883443830563,15.3709,0,North America,64,1,3
Dengalu,140.0,-7.0572,146.3598,Papua New Guinea,PNG,Definitely endangered,2.1492191126553797,1,0,140.0,2.1492191126553797,7.0572,0,Oceania,63,1,2
Dimbong,140.0,4.7078,10.6567,Cameroon,CMR,Critically endangered,2.1492191126553797,1,0,140.0,2.1492191126553797,4.7078,0,Africa,35,1,3
Kunbarlang,140.0,-12.0661,134.0661,Australia,AUS,Severely endangered,2.1492191126553797,1,0,140.0,2.1492191126553797,12.0661,0,Oceania,27,1,2
Machineri (Bolivia),140.0,-11.146,-69.0161,Bolivia (Plurinational State of),BOL,Severely endangered,2.1492191126553797,1,0,140.0,2.1492191126553797,11.146,0,South America,45,1,2
Taworta,140.0,-3.2776,138.7902,Indonesia,IDN,Vulnerable,2.1492191126553797,1,0,140.0,2.1492191126553797,3.2776,0,Oceania,67,0,1
ǂHoa,140.0,-24.1668,24.4885,Botswana,BWA,Critically endangered,2.1492191126553797,1,0,140.0,2.1492191126553797,24.1668,1,Africa,8,1,3
Handuri,138.0,31.0011,77.3107,India,IND,Critically endangered,2.143014800254095,1,0,138.0,2.143014800254095,31.0011,1,Asia,40,1,3
Suruahá,136.0,-6.8828,-66.9726,Brazil,BRA,Vulnerable,2.1367205671564067,1,0,136.0,2.1367205671564067,6.8828,0,South America,23,0,1
Kutenai,135.0,49.6467,-115.7372,"Canada, United States of America","CAN, USA",Severely endangered,2.1335389083702174,2,1,67.5,1.8356905714924256,49.6467,1,North America,13,1,2
Nauna,130.0,-2.2159,148.1986,Papua New Guinea,PNG,Vulnerable,2.1172712956557644,1,0,130.0,2.1172712956557644,2.2159,0,Oceania,37,0,1
Okanagan,130.0,50.3059,-119.3228,"Canada, United States of America","CAN, USA",Definitely endangered,2.1172712956557644,2,1,65.0,1.8195439355418688,50.3059,1,North America,30,1,2
Piu,130.0,-6.9591,146.4257,Papua New Guinea,PNG,Definitely endangered,2.1172712956557644,1,0,130.0,2.1172712956557644,6.9591,0,Oceania,63,1,2
Ocaina (Colombia),126.0,-2.0,-71.5,Colombia,COL,Severely endangered,2.103803720955957,1,0,126.0,2.103803720955957,2.0,0,South America,63,1,2
Yuki,125.0,-16.2463,-65.0061,Bolivia (Plurinational State of),BOL,Severely endangered,2.100370545117563,1,0,125.0,2.100370545117563,16.2463,0,South America,34,1,2
Asurini do Xingu,124.0,-3.9095,-52.4707,Brazil,BRA,Vulnerable,2.0969100130080562,1,0,124.0,2.0969100130080562,3.9095,0,South America,10,0,1
Nahukwa,124.0,-12.1043,-53.2944,Brazil,BRA,Definitely endangered,2.0969100130080562,1,0,124.0,2.0969100130080562,12.1043,0,South America,23,1,2
Aputai,120.0,-7.6511,126.4086,Indonesia,IDN,Critically endangered,2.0827853703164503,1,0,120.0,2.0827853703164503,7.6511,0,Oceania,17,1,3
Budibud,120.0,-9.2973,153.6891,Papua New Guinea,PNG,Vulnerable,2.0827853703164503,1,0,120.0,2.0827853703164503,9.2973,0,Oceania,16,0,1
Capanahua,120.0,-6.5991,-74.2895,Peru,PER,Severely endangered,2.0827853703164503,1,0,120.0,2.0827853703164503,6.5991,0,South America,40,1,2
Dâw,120.0,0.2197,-68.7744,Brazil,BRA,Vulnerable,2.0827853703164503,1,0,120.0,2.0827853703164503,0.2197,0,South America,69,0,1
Ili Turk,120.0,44.0244,81.145,China,CHN,Severely endangered,2.0827853703164503,1,0,120.0,2.0827853703164503,44.0244,1,Asia,4,1,2
Lamu,120.0,26.2434,100.8654,China,CHN,Critically endangered,2.0827853703164503,1,0,120.0,2.0827853703164503,26.2434,1,Asia,50,1,3
Obokuitai,120.0,-2.9046,138.0816,Indonesia,IDN,Vulnerable,2.0827853703164503,1,0,120.0,2.0827853703164503,2.9046,0,Oceania,64,0,1
Polonomombauk,120.0,-15.4907,167.0814,Vanuatu,VUT,Definitely endangered,2.0827853703164503,1,0,120.0,2.0827853703164503,15.4907,0,Oceania,50,1,2
Samre,120.0,12.1166,103.0833,Cambodia,KHM,Critically endangered,2.0827853703164503,1,0,120.0,2.0827853703164503,12.1166,0,Asia,23,1,3
Tutuba,120.0,-15.5727,167.275,Vanuatu,VUT,Definitely endangered,2.0827853703164503,1,0,120.0,2.0827853703164503,15.5727,0,Oceania,50,1,2
Northern Tutchone,115.0,62.8255,-136.5838,Canada,CAN,Definitely endangered,2.0644579892269186,1,0,115.0,2.0644579892269186,62.8255,2,North America,11,1,2
Dubu,110.0,-3.5134,140.8612,Indonesia,IDN,Vulnerable,2.0453229787866576,1,0,110.0,2.0453229787866576,3.5134,0,Oceania,69,0,1
Haisla,110.0,53.9745,-128.6443,Canada,CAN,Critically endangered,2.0453229787866576,1,0,110.0,2.0453229787866576,53.9745,1,North America,13,1,3
Heiltsuk,105.0,52.1591,-128.1546,Canada,CAN,Critically endangered,2.0253058652647704,1,0,105.0,2.0253058652647704,52.1591,1,North America,20,1,3
Kwegu,103.0,5.4191,36.0791,Ethiopia,ETH,Critically endangered,2.0170333392987803,1,0,103.0,2.0170333392987803,5.4191,0,Africa,33,1,3
Adnyamathanha,100.0,-30.6,138.6035,Australia,AUS,Definitely endangered,2.0043213737826426,1,0,100.0,2.0043213737826426,30.6,1,Oceania,3,1,2
Ainbai,100.0,-3.1,141.2,Papua New Guinea,PNG,Severely endangered,2.0043213737826426,1,0,100.0,2.0043213737826426,3.1,0,Oceania,71,1,2
Arem,100.0,18.1771,105.3369,"Lao People's Democratic Republic, Viet Nam","LAO, VNM",Severely endangered,2.0043213737826426,2,1,50.0,1.7075701760979363,18.1771,0,Asia,38,1,2
Banawá Yafi,100.0,-6.6427,-64.5996,Brazil,BRA,Vulnerable,2.0043213737826426,1,0,100.0,2.0043213737826426,6.6427,0,South America,22,0,1
Bara (Colombia),100.0,0.05,-70.1733,Colombia,COL,Critically endangered,2.0043213737826426,1,0,100.0,2.0043213737826426,0.05,0,South America,70,1,3
Bikaru,100.0,-4.8,143.0,Papua New Guinea,PNG,Severely endangered,2.0043213737826426,1,0,100.0,2.0043213737826426,4.8,0,Oceania,79,1,2
Boor,100.0,10.2149,17.3721,Chad,TCD,Critically endangered,2.0043213737826426,1,0,100.0,2.0043213737826426,10.2149,0,Africa,37,1,3
Burate,100.0,-2.7811,135.9915,Indonesia,IDN,Severely endangered,2.0043213737826426,1,0,100.0,2.0043213737826426,2.7811,0,Oceania,52,1,2
Callahuaya,100.0,-15.1357,-69.1699,Bolivia (Plurinational State of),BOL,Critically endangered,2.0043213737826426,1,0,100.0,2.0043213737826426,15.1357,0,South America,27,1,3
Comanche,100.0,34.6086,-98.3904,United States of America,USA,Severely endangered,2.0043213737826426,1,0,100.0,2.0043213737826426,34.6086,1,North America,23,1,2
Dabra,100.0,-3.4092,139.0209,Indonesia,IDN,Vulnerable,2.0043213737826426,1,0,100.0,2.0043213737826426,3.4092,0,Oceania,67,0,1
Djinang,100.0,-12.3507,135.1098,Australia,AUS,Definitely endangered,2.0043213737826426,1,0,100.0,2.0043213737826426,12.3507,0,Oceania,24,1,2
Dulbu,100.0,9.985,10.0579,Nigeria,NGA,Critically endangered,2.0043213737826426,1,0,100.0,2.0043213737826426,9.985,0,Africa,44,1,3
Ghomara,100.0,35.0108,-5.5151,Morocco,MAR,Critically endangered,2.0043213737826426,1,0,100.0,2.0043213737826426,35.0108,1,Europe,8,1,3
Itelmen,100.0,57.1496,156.9012,Russian Federation,RUS,Critically endangered,2.0043213737826426,1,0,100.0,2.0043213737826426,57.1496,2,Asia,4,1,3
Jebero,100.0,-5.3097,-75.9814,Peru,PER,Critically endangered,2.0043213737826426,1,0,100.0,2.0043213737826426,5.3097,0,South America,42,1,3
Jilbe,100.0,11.749,14.5458,Nigeria,NGA,Critically endangered,2.0043213737826426,1,0,100.0,2.0043213737826426,11.749,0,Africa,36,1,3
Kalamo,100.0,-6.7,142.5,Papua New Guinea,PNG,Severely endangered,2.0043213737826426,1,0,100.0,2.0043213737826426,6.7,0,Oceania,75,1,2
Kanowit,100.0,2.0652,112.1489,Malaysia,MYS,Severely endangered,2.0043213737826426,1,0,100.0,2.0043213737826426,2.0652,0,Asia,5,1,2
Karas,100.0,-3.4585,132.6599,Indonesia,IDN,Severely endangered,2.0043213737826426,1,0,100.0,2.0043213737826426,3.4585,0,Oceania,43,1,2
Kiong,100.0,5.2906,8.3523,Nigeria,NGA,Critically endangered,2.0043213737826426,1,0,100.0,2.0043213737826426,5.2906,0,Africa,36,1,3
Kofei,100.0,-2.3833,136.7907,Indonesia,IDN,Severely endangered,2.0043213737826426,1,0,100.0,2.0043213737826426,2.3833,0,Oceania,62,1,2
Likum,100.0,-2.1651,146.6921,Papua New Guinea,PNG,Definitely endangered,2.0043213737826426,1,0,100.0,2.0043213737826426,2.1651,0,Oceania,42,1,2
Maricopa,100.0,33.3772,-112.1676,United States of America,USA,Severely endangered,2.0043213737826426,1,0,100.0,2.0043213737826426,33.3772,1,North America,30,1,2
Mohave (Arizona),100.0,34.0231,-114.5045,United States of America,USA,Severely endangered,2.0043213737826426,1,0,100.0,2.0043213737826426,34.0231,1,North America,34,1,2
Mohave (California),100.0,34.6905,-114.598,United States of America,USA,Severely endangered,2.0043213737826426,1,0,100.0,2.0043213737826426,34.6905,1,North America,37,1,2
Molo,100.0,10.898,34.2773,Sudan,SDN,Critically endangered,2.0043213737826426,1,0,100.0,2.0043213737826426,10.898,0,Africa,43,1,3
Mulao,100.0,26.5851,107.9524,China,CHN,Severely endangered,2.0043213737826426,1,0,100.0,2.0043213737826426,26.5851,1,Asia,34,1,2
Mvanip,100.0,6.7027,11.2225,Nigeria,NGA,Critically endangered,2.0043213737826426,1,0,100.0,2.0043213737826426,6.7027,0,Africa,54,1,3
Nafi,100.0,-6.3999,146.802,Papua New Guinea,PNG,Severely endangered,2.0043213737826426,1,0,100.0,2.0043213737826426,6.3999,0,Oceania,64,1,2
Nemadi,100.0,18.4118,-9.4482,Mauritania,MRT,Critically endangered,2.0043213737826426,1,0,100.0,2.0043213737826426,18.4118,0,Africa,1,1,3
Ninam (Venezuela),100.0,4.5435,-63.5668,Venezuela (Bolivarian Republic of),VEN,Vulnerable,2.0043213737826426,1,0,100.0,2.0043213737826426,4.5435,0,South America,33,0,1
Omagua (Peru),100.0,-4.0724,-73.103,Peru,PER,Critically endangered,2.0043213737826426,1,0,100.0,2.0043213737826426,4.0724,0,South America,47,1,3
Oroch,100.0,49.1781,139.7625,Russian Federation,RUS,Critically endangered,2.0043213737826426,1,0,100.0,2.0043213737826426,49.1781,1,Asia,11,1,3
Oroha,100.0,-9.7686,161.51,Solomon Islands,SLB,Severely endangered,2.0043213737826426,1,0,100.0,2.0043213737826426,9.7686,0,Oceania,11,1,2
Pauwi,100.0,-1.8151,137.8193,Indonesia,IDN,Vulnerable,2.0043213737826426,1,0,100.0,2.0043213737826426,1.8151,0,Oceania,63,0,1
Piame,100.0,-4.9,142.85,Papua New Guinea,PNG,Severely endangered,2.0043213737826426,1,0,100.0,2.0043213737826426,4.9,0,Oceania,81,1,2
Pyu,100.0,-4.5,140.9,Indonesia,IDN,Severely endangered,2.0043213737826426,1,0,100.0,2.0043213737826426,4.5,0,Oceania,72,1,2
Ruga,100.0,25.2844,90.4614,India,IND,Critically endangered,2.0043213737826426,1,0,100.0,2.0043213737826426,25.2844,1,Asia,140,1,3
Sahaptin,100.0,44.7712,-121.2871,United States of America,USA,Severely endangered,2.0043213737826426,1,0,100.0,2.0043213737826426,44.7712,1,North America,40,1,2
Samatao,100.0,24.9359,102.7935,China,CHN,Critically endangered,2.0043213737826426,1,0,100.0,2.0043213737826426,24.9359,1,Asia,78,1,3
Seneca (United States of America),100.0,42.3291,-78.868,United States of America,USA,Severely endangered,2.0043213737826426,1,0,100.0,2.0043213737826426,42.3291,1,North America,20,1,2
Senggi,100.0,-3.4339,140.7685,Indonesia,IDN,Vulnerable,2.0043213737826426,1,0,100.0,2.0043213737826426,3.4339,0,Oceania,70,0,1
Shawnee,100.0,35.359,-96.9298,United States of America,USA,Severely endangered,2.0043213737826426,1,0,100.0,2.0043213737826426,35.359,1,North America,25,1,2
Shiwiar,100.0,-2.2186,-76.8164,Ecuador,ECU,Severely endangered,2.0043213737826426,1,0,100.0,2.0043213737826426,2.2186,0,South America,47,1,2
Shompen,100.0,7.0245,93.8232,India,IND,Critically endangered,2.0043213737826426,1,0,100.0,2.0043213737826426,7.0245,0,Asia,7,1,3
Soo,100.0,2.161,34.5986,Uganda,UGA,Critically endangered,2.0043213737826426,1,0,100.0,2.0043213737826426,2.161,0,Africa,27,1,3
Tai Nora,100.0,26.8485,94.5648,India,IND,Critically endangered,2.0043213737826426,1,0,100.0,2.0043213737826426,26.8485,1,Asia,127,1,3
Tai Rong,100.0,26.9024,94.757,India,IND,Critically endangered,2.0043213737826426,1,0,100.0,2.0043213737826426,26.9024,1,Asia,126,1,3
Tangam,100.0,29.1473,94.5538,India,IND,Critically endangered,2.0043213737826426,1,0,100.0,2.0043213737826426,29.1473,1,Asia,91,1,3
Tariana (Brazil),100.0,0.9228,-67.5439,Brazil,BRA,Critically endangered,2.0043213737826426,1,0,100.0,2.0043213737826426,0.9228,0,South America,64,1,3
Tirahi,100.0,34.3139,70.3729,Afghanistan,AFG,Critically endangered,2.0043213737826426,1,0,100.0,2.0043213737826426,34.3139,1,Asia,38,1,3
"Ute (Colorado, Southern Ute)",100.0,37.115,-107.6331,United States of America,USA,Severely endangered,2.0043213737826426,1,0,100.0,2.0043213737826426,37.115,1,North America,20,1,2
Vehes,100.0,-6.9427,146.9311,Papua New Guinea,PNG,Severely endangered,2.0043213737826426,1,0,100.0,2.0043213737826426,6.9427,0,Oceania,62,1,2
Wik Ngathan,100.0,-14.9561,141.8884,Australia,AUS,Definitely endangered,2.0043213737826426,1,0,100.0,2.0043213737826426,14.9561,0,Oceania,15,1,2
Xokleng,100.0,-26.5522,-49.0779,Brazil,BRA,Critically endangered,2.0043213737826426,1,0,100.0,2.0043213737826426,26.5522,1,South America,2,1,3
Yangkam,100.0,9.1048,9.8904,Nigeria,NGA,Critically endangered,2.0043213737826426,1,0,100.0,2.0043213737826426,9.1048,0,Africa,47,1,3
Yarawata,98.0,-4.9377,145.4946,Papua New Guinea,PNG,Severely endangered,1.99563519459755,1,0,98.0,1.99563519459755,4.9377,0,Oceania,66,1,2
O'odham (Mexico),94.0,31.5188,-112.7472,Mexico,MEX,Definitely endangered,1.9777236052888478,1,0,94.0,1.9777236052888478,31.5188,1,North America,23,1,2
Samosa,94.0,-5.0116,145.5386,Papua New Guinea,PNG,Severely endangered,1.9777236052888478,1,0,94.0,1.9777236052888478,5.0116,0,Oceania,66,1,2
Mindiri,93.0,-5.5517,146.1538,Papua New Guinea,PNG,Severely endangered,1.9731278535996986,1,0,93.0,1.9731278535996986,5.5517,0,Oceania,62,1,2
Usu,93.0,-5.2851,145.4974,Papua New Guinea,PNG,Severely endangered,1.9731278535996986,1,0,93.0,1.9731278535996986,5.2851,0,Oceania,66,1,2
Iteri,90.0,-4.0807,141.5039,Papua New Guinea,PNG,Severely endangered,1.9590413923210936,1,0,90.0,1.9590413923210936,4.0807,0,Oceania,79,1,2
Ngarinyin,90.0,-16.9096,125.4199,Australia,AUS,Definitely endangered,1.9590413923210936,1,0,90.0,1.9590413923210936,16.9096,0,Oceania,16,1,2
Repanbitip,90.0,-16.3155,167.6026,Vanuatu,VUT,Definitely endangered,1.9590413923210936,1,0,90.0,1.9590413923210936,16.3155,0,Oceania,46,1,2
Tofanma,90.0,-3.5675,140.7925,Indonesia,IDN,Vulnerable,1.9590413923210936,1,0,90.0,1.9590413923210936,3.5675,0,Oceania,70,0,1
Taiap,89.0,-4.1,144.5,Papua New Guinea,PNG,Severely endangered,1.954242509439325,1,0,89.0,1.954242509439325,4.1,0,Oceania,75,1,2
Kusunda,87.0,27.9275,84.2866,Nepal,NPL,Critically endangered,1.9444826721501687,1,0,87.0,1.9444826721501687,27.9275,1,Asia,73,1,3
Patamona (Brazil),87.0,4.5216,-60.3808,Brazil,BRA,Vulnerable,1.9444826721501687,1,0,87.0,1.9444826721501687,4.5216,0,South America,27,0,1
Xiri,87.0,-31.3924,21.0498,South Africa,ZAF,Critically endangered,1.9444826721501687,1,0,87.0,1.9444826721501687,31.3924,1,Africa,5,1,3
Narau,85.0,-3.3818,139.8202,Indonesia,IDN,Severely endangered,1.9344984512435677,1,0,85.0,1.9344984512435677,3.3818,0,Oceania,70,1,2
Ak,83.0,-3.6093,141.6604,Papua New Guinea,PNG,Severely endangered,1.9242792860618816,1,0,83.0,1.9242792860618816,3.6093,0,Oceania,77,1,2
Araona,81.0,-12.4473,-68.1372,Bolivia (Plurinational State of),BOL,Severely endangered,1.9138138523837167,1,0,81.0,1.9138138523837167,12.4473,0,South America,47,1,2
Ari,80.0,-8.0,142.4,Papua New Guinea,PNG,Severely endangered,1.9084850188786497,1,0,80.0,1.9084850188786497,8.0,0,Oceania,47,1,2
Assiniboine (Canada),80.0,50.3536,-103.4841,Canada,CAN,Critically endangered,1.9084850188786497,1,0,80.0,1.9084850188786497,50.3536,1,North America,9,1,3
Dorro,80.0,-9.1834,141.8994,Papua New Guinea,PNG,Severely endangered,1.9084850188786497,1,0,80.0,1.9084850188786497,9.1834,0,Oceania,16,1,2
Gong,80.0,15.088,99.523,Thailand,THA,Severely endangered,1.9084850188786497,1,0,80.0,1.9084850188786497,15.088,0,Asia,15,1,2
Itik,80.0,-2.3181,139.148,Indonesia,IDN,Vulnerable,1.9084850188786497,1,0,80.0,1.9084850188786497,2.3181,0,Oceania,63,0,1
Mari,80.0,-9.0478,141.8994,Papua New Guinea,PNG,Severely endangered,1.9084850188786497,1,0,80.0,1.9084850188786497,9.0478,0,Oceania,17,1,2
Pwapwa,80.0,-20.8074,164.5367,New Caledonia (France),NCL,Severely endangered,1.9084850188786497,1,0,80.0,1.9084850188786497,20.8074,0,Oceania,18,1,2
Somm,80.0,-6.1296,146.4642,Papua New Guinea,PNG,Definitely endangered,1.9084850188786497,1,0,80.0,1.9084850188786497,6.1296,0,Oceania,61,1,2
Tobati,80.0,-2.6059,140.7997,Indonesia,IDN,Severely endangered,1.9084850188786497,1,0,80.0,1.9084850188786497,2.6059,0,Oceania,68,1,2
Moré,76.0,-12.0822,-64.9731,Bolivia (Plurinational State of),BOL,Critically endangered,1.8864907251724818,1,0,76.0,1.8864907251724818,12.0822,0,South America,47,1,3
Mores,75.0,-15.3583,166.8988,Vanuatu,VUT,Severely endangered,1.8808135922807914,1,0,75.0,1.8808135922807914,15.3583,0,Oceania,50,1,2
Musan,75.0,-4.0355,141.361,Papua New Guinea,PNG,Severely endangered,1.8808135922807914,1,0,75.0,1.8808135922807914,4.0355,0,Oceania,79,1,2
Papi,75.0,-4.5,142.0,Papua New Guinea,PNG,Severely endangered,1.8808135922807914,1,0,75.0,1.8808135922807914,4.5,0,Oceania,79,1,2
Sarcee,75.0,50.9682,-114.3851,Canada,CAN,Critically endangered,1.8808135922807914,1,0,75.0,1.8808135922807914,50.9682,1,North America,12,1,3
Sekani,75.0,58.0952,-122.7067,Canada,CAN,Critically endangered,1.8808135922807914,1,0,75.0,1.8808135922807914,58.0952,2,North America,5,1,3
Arawun,73.0,-5.5093,145.8929,Papua New Guinea,PNG,Severely endangered,1.8692317197309762,1,0,73.0,1.8692317197309762,5.5093,0,Oceania,62,1,2
Siriano (Brazil),71.0,0.5244,-67.5,Brazil,BRA,Vulnerable,1.8573324964312685,1,0,71.0,1.8573324964312685,0.5244,0,South America,64,0,1
Teko,71.0,15.6582,-92.1427,Mexico,MEX,Severely endangered,1.8573324964312685,1,0,71.0,1.8573324964312685,15.6582,0,North America,64,1,2
Anus,70.0,-2.1268,139.5126,Indonesia,IDN,Severely endangered,1.8512583487190752,1,0,70.0,1.8512583487190752,2.1268,0,Oceania,64,1,2
Awera,70.0,-2.7084,136.0395,Indonesia,IDN,Vulnerable,1.8512583487190752,1,0,70.0,1.8512583487190752,2.7084,0,Oceania,52,0,1
Boruca,70.0,9.001,-83.323,Costa Rica,CRI,Critically endangered,1.8512583487190752,1,0,70.0,1.8512583487190752,9.001,0,South America,21,1,3
Doutai,70.0,-3.2282,138.2189,Indonesia,IDN,Severely endangered,1.8512583487190752,1,0,70.0,1.8512583487190752,3.2282,0,Oceania,64,1,2
East Cape Yupik,70.0,66.0166,-169.7166,Russian Federation,RUS,Critically endangered,1.8512583487190752,1,0,70.0,1.8512583487190752,66.0166,2,North America,8,1,3
Iresim,70.0,-3.6011,135.1428,Indonesia,IDN,Severely endangered,1.8512583487190752,1,0,70.0,1.8512583487190752,3.6011,0,Oceania,44,1,2
Mafea,70.0,-15.4219,167.2366,Vanuatu,VUT,Definitely endangered,1.8512583487190752,1,0,70.0,1.8512583487190752,15.4219,0,Oceania,50,1,2
Vilamovian,70.0,49.7909,18.762,Poland,POL,Severely endangered,1.8512583487190752,1,0,70.0,1.8512583487190752,49.7909,1,Europe,14,1,2
Western Chocho,70.0,17.7486,-97.4409,Mexico,MEX,Severely endangered,1.8512583487190752,1,0,70.0,1.8512583487190752,17.7486,0,North America,107,1,2
Yankunytjatjara,70.0,-27.3132,132.0666,Australia,AUS,Definitely endangered,1.8512583487190752,1,0,70.0,1.8512583487190752,27.3132,1,Oceania,4,1,2
Yanyuwa,70.0,-15.9613,136.3842,Australia,AUS,Severely endangered,1.8512583487190752,1,0,70.0,1.8512583487190752,15.9613,0,Oceania,25,1,2
Yapunda,69.0,-3.5,142.4,Papua New Guinea,PNG,Severely endangered,1.845098040014257,1,0,69.0,1.845098040014257,3.5,0,Oceania,80,1,2
Bothar,68.0,-9.0695,141.155,Papua New Guinea,PNG,Severely endangered,1.8388490907372552,1,0,68.0,1.8388490907372552,9.0695,0,Oceania,14,1,2
Kari'ña (Brazil),66.0,4.0067,-51.6027,Brazil,BRA,Definitely endangered,1.8260748027008264,1,0,66.0,1.8260748027008264,4.0067,0,South America,13,1,2
Ritharrngu,66.0,-13.1543,134.8242,Australia,AUS,Definitely endangered,1.8260748027008264,1,0,66.0,1.8260748027008264,13.1543,0,Oceania,28,1,2
Northern Straits Salish,65.0,48.488,-122.6363,United States of America,USA,Critically endangered,1.8195439355418688,1,0,65.0,1.8195439355418688,48.488,1,North America,33,1,3
Sumariup,65.0,-4.7,143.3,Papua New Guinea,PNG,Severely endangered,1.8195439355418688,1,0,65.0,1.8195439355418688,4.7,0,Oceania,80,1,2
Ixil (Mexico),64.0,19.508,-89.3188,Mexico,MEX,Critically endangered,1.8129133566428555,1,0,64.0,1.8129133566428555,19.508,0,North America,27,1,3
Orok,64.0,52.3437,143.0557,Russian Federation,RUS,Critically endangered,1.8129133566428555,1,0,64.0,1.8129133566428555,52.3437,1,Asia,6,1,3
Carapana (Brazil),63.0,-3.0966,-65.061,Brazil,BRA,Severely endangered,1.806179973983887,1,0,63.0,1.806179973983887,3.0966,0,South America,21,1,2
Yan-nhangu,61.0,-12.094,134.89,Australia,AUS,Definitely endangered,1.792391689498254,1,0,61.0,1.792391689498254,12.094,0,Oceania,26,1,2
Atemble,60.0,-5.1292,144.7421,Papua New Guinea,PNG,Definitely endangered,1.7853298350107671,1,0,60.0,1.7853298350107671,5.1292,0,Oceania,70,1,2
Bagupi,60.0,-5.0454,145.5822,Papua New Guinea,PNG,Definitely endangered,1.7853298350107671,1,0,60.0,1.7853298350107671,5.0454,0,Oceania,66,1,2
Carapana (Colombia),60.0,0.9337,-70.8178,Colombia,COL,Definitely endangered,1.7853298350107671,1,0,60.0,1.7853298350107671,0.9337,0,South America,70,1,2
Gooniyandi,60.0,-18.8335,125.9912,Australia,AUS,Severely endangered,1.7853298350107671,1,0,60.0,1.7853298350107671,18.8335,0,Oceania,17,1,2
Gurrgoni,60.0,-12.1037,134.3408,Australia,AUS,Vulnerable,1.7853298350107671,1,0,60.0,1.7853298350107671,12.1037,0,Oceania,26,0,1
Kija,60.0,-18.0832,128.1884,Australia,AUS,Severely endangered,1.7853298350107671,1,0,60.0,1.7853298350107671,18.0832,0,Oceania,21,1,2
Montana Salish,60.0,47.5944,-114.1182,United States of America,USA,Critically endangered,1.7853298350107671,1,0,60.0,1.7853298350107671,47.5944,1,North America,13,1,3
Ngangikurunggurr,60.0,-14.6792,130.3967,Australia,AUS,Severely endangered,1.7853298350107671,1,0,60.0,1.7853298350107671,14.6792,0,Oceania,29,1,2
Olultecan,60.0,17.9277,-94.8969,Mexico,MEX,Severely endangered,1.7853298350107671,1,0,60.0,1.7853298350107671,17.9277,0,North America,115,1,2
Senaya,60.0,36.2664,50.0042,Iran (Islamic Republic of),IRN,Critically endangered,1.7853298350107671,1,0,60.0,1.7853298350107671,36.2664,1,Africa,14,1,3
Tahltan,60.0,57.8451,-129.9745,Canada,CAN,Critically endangered,1.7853298350107671,1,0,60.0,1.7853298350107671,57.8451,2,North America,12,1,3
Tembé,60.0,-2.6467,-46.7248,Brazil,BRA,Severely endangered,1.7853298350107671,1,0,60.0,1.7853298350107671,2.6467,0,South America,13,1,2
Mosimo,58.0,-4.9473,145.5551,Papua New Guinea,PNG,Severely endangered,1.7708520116421442,1,0,58.0,1.7708520116421442,4.9473,0,Oceania,66,1,2
Tapayuna,58.0,-10.5559,-53.0639,Brazil,BRA,Severely endangered,1.7708520116421442,1,0,58.0,1.7708520116421442,10.5559,0,South America,22,1,2
Bepour,57.0,-4.586,145.4184,Papua New Guinea,PNG,Severely endangered,1.7634279935629373,1,0,57.0,1.7634279935629373,4.586,0,Oceania,65,1,2
Faita,57.0,-5.657,145.5001,Papua New Guinea,PNG,Severely endangered,1.7634279935629373,1,0,57.0,1.7634279935629373,5.657,0,Oceania,67,1,2
Teribe (Costa Rica),57.0,9.0593,-83.2876,Costa Rica,CRI,Critically endangered,1.7634279935629373,1,0,57.0,1.7634279935629373,9.0593,0,South America,21,1,3
Kiliwa,56.0,31.25,-115.6166,Mexico,MEX,Critically endangered,1.7558748556724915,1,0,56.0,1.7558748556724915,31.25,1,North America,23,1,3
Moere,56.0,-4.6038,145.437,Papua New Guinea,PNG,Severely endangered,1.7558748556724915,1,0,56.0,1.7558748556724915,4.6038,0,Oceania,65,1,2
Baure,55.0,-13.1008,-64.5007,Bolivia (Plurinational State of),BOL,Critically endangered,1.7481880270062005,1,0,55.0,1.7481880270062005,13.1008,0,South America,49,1,3
Southern Haida,55.0,53.2697,-131.9861,Canada,CAN,Critically endangered,1.7481880270062005,1,0,55.0,1.7481880270062005,53.2697,1,North America,10,1,3
Tlingit (Canada),55.0,60.171,-132.7395,Canada,CAN,Critically endangered,1.7481880270062005,1,0,55.0,1.7481880270062005,60.171,2,North America,7,1,3
Upper Tanana (United States of America),55.0,62.6867,-141.2182,United States of America,USA,Critically endangered,1.7481880270062005,1,0,55.0,1.7481880270062005,62.6867,2,North America,12,1,3
Zapotec of Asunción Tlacolulita,53.0,16.3,-95.7166,Mexico,MEX,Critically endangered,1.7323937598229686,1,0,53.0,1.7323937598229686,16.3,0,North America,108,1,3
Trumai,51.0,-11.8807,-53.6009,Brazil,BRA,Critically endangered,1.7160033436347992,1,0,51.0,1.7160033436347992,11.8807,0,South America,23,1,3
Arabela,50.0,-1.5818,-75.3881,Peru,PER,Severely endangered,1.7075701760979363,1,0,50.0,1.7075701760979363,1.5818,0,South America,57,1,2
Arha,50.0,-21.3047,165.0146,New Caledonia (France),NCL,Critically endangered,1.7075701760979363,1,0,50.0,1.7075701760979363,21.3047,0,Oceania,18,1,3
Banjima,50.0,-22.289,119.3774,Australia,AUS,Severely endangered,1.7075701760979363,1,0,50.0,1.7075701760979363,22.289,0,Oceania,9,1,2
Bella Coola,50.0,52.3823,-126.7255,Canada,CAN,Critically endangered,1.7075701760979363,1,0,50.0,1.7075701760979363,52.3823,1,North America,23,1,3
Budong-Budong,50.0,-2.0601,119.3074,Indonesia,IDN,Critically endangered,1.7075701760979363,1,0,50.0,1.7075701760979363,2.0601,0,Oceania,33,1,3
Bulgebi,50.0,-5.7485,146.4532,Papua New Guinea,PNG,Definitely endangered,1.7075701760979363,1,0,50.0,1.7075701760979363,5.7485,0,Oceania,59,1,2
Chiquitano (Brazil),50.0,-17.4345,-58.0627,Brazil,BRA,Critically endangered,1.7075701760979363,1,0,50.0,1.7075701760979363,17.4345,0,South America,11,1,3
Forest Yukagir,50.0,65.4936,151.0757,Russian Federation,RUS,Critically endangered,1.7075701760979363,1,0,50.0,1.7075701760979363,65.4936,2,Asia,1,1,3
Gorovu,50.0,-4.5,144.6,Papua New Guinea,PNG,Severely endangered,1.7075701760979363,1,0,50.0,1.7075701760979363,4.5,0,Oceania,75,1,2
Iduh (Lao PDR),50.0,19.3292,103.3758,Lao People's Democratic Republic,LAO,Critically endangered,1.7075701760979363,1,0,50.0,1.7075701760979363,19.3292,0,Asia,66,1,3
Karaim (Lithuania),50.0,54.642,24.9499,Lithuania,LTU,Severely endangered,1.7075701760979363,1,0,50.0,1.7075701760979363,54.642,1,Europe,13,1,2
Kasong,50.0,12.564,102.529,"Cambodia, Thailand","KHM, THA",Critically endangered,1.7075701760979363,2,1,25.0,1.414973347970818,12.564,0,Asia,19,1,3
Kayupulau,50.0,-2.5464,140.725,Indonesia,IDN,Critically endangered,1.7075701760979363,1,0,50.0,1.7075701760979363,2.5464,0,Oceania,68,1,3
Lolak,50.0,0.8569,124.0081,Indonesia,IDN,Critically endangered,1.7075701760979363,1,0,50.0,1.7075701760979363,0.8569,0,Asia,27,1,3
Maku'a,50.0,-8.4017,127.2271,Timor-Leste,TLS,Critically endangered,1.7075701760979363,1,0,50.0,1.7075701760979363,8.4017,0,Oceania,12,1,3
Makurap,50.0,-12.1682,-63.0285,Brazil,BRA,Severely endangered,1.7075701760979363,1,0,50.0,1.7075701760979363,12.1682,0,South America,47,1,2
Miriwoong,50.0,-16.7631,128.9025,Australia,AUS,Critically endangered,1.7075701760979363,1,0,50.0,1.7075701760979363,16.7631,0,Oceania,24,1,3
Moraori,50.0,-8.7113,140.7128,Indonesia,IDN,Severely endangered,1.7075701760979363,1,0,50.0,1.7075701760979363,8.7113,0,Oceania,17,1,2
Nakkara,50.0,-12.1145,134.5825,Australia,AUS,Severely endangered,1.7075701760979363,1,0,50.0,1.7075701760979363,12.1145,0,Oceania,26,1,2
Ngarinman,50.0,-16.6782,129.7485,Australia,AUS,Severely endangered,1.7075701760979363,1,0,50.0,1.7075701760979363,16.6782,0,Oceania,24,1,2
Norfolk-Pitcairn (Pitcairn),50.0,-24.3721,-128.3203,Pitcairn  (U.K.),PCN,Vulnerable,1.7075701760979363,1,0,50.0,1.7075701760979363,24.3721,1,Other,0,0,1
Omaha-Ponca,50.0,42.0817,-96.4855,United States of America,USA,Critically endangered,1.7075701760979363,1,0,50.0,1.7075701760979363,42.0817,1,North America,5,1,3
Omotik,50.0,-1.115,35.9143,Kenya,KEN,Critically endangered,1.7075701760979363,1,0,50.0,1.7075701760979363,1.115,0,Africa,17,1,3
Onge,50.0,10.639,92.4938,India,IND,Critically endangered,1.7075701760979363,1,0,50.0,1.7075701760979363,10.639,0,Asia,10,1,3
Patua,50.0,22.1632,113.5464,China,CHN,Critically endangered,1.7075701760979363,1,0,50.0,1.7075701760979363,22.1632,0,Asia,2,1,3
Paulohi,50.0,-3.2721,128.757,Indonesia,IDN,Critically endangered,1.7075701760979363,1,0,50.0,1.7075701760979363,3.2721,0,Oceania,36,1,3
Potawatomi (Kansas),50.0,39.3251,-95.8495,United States of America,USA,Critically endangered,1.7075701760979363,1,0,50.0,1.7075701760979363,39.3251,1,North America,20,1,3
Potawatomi (Michigan),50.0,45.0269,-84.1992,United States of America,USA,Critically endangered,1.7075701760979363,1,0,50.0,1.7075701760979363,45.0269,1,North America,17,1,3
Potawatomi (Oklahoma),50.0,35.3135,-96.9255,United States of America,USA,Critically endangered,1.7075701760979363,1,0,50.0,1.7075701760979363,35.3135,1,North America,25,1,3
Potawatomi (Wisconsin),50.0,45.5601,-88.83,United States of America,USA,Critically endangered,1.7075701760979363,1,0,50.0,1.7075701760979363,45.5601,1,North America,6,1,3
Salas,50.0,-3.135,130.5505,Indonesia,IDN,Severely endangered,1.7075701760979363,1,0,50.0,1.7075701760979363,3.135,0,Oceania,40,1,2
Samray,50.0,13.685,101.5931,"Cambodia, Thailand","KHM, THA",Critically endangered,1.7075701760979363,2,1,25.0,1.414973347970818,13.685,0,Asia,17,1,3
Sapé,50.0,5.0033,-63.5449,Venezuela (Bolivarian Republic of),VEN,Critically endangered,1.7075701760979363,1,0,50.0,1.7075701760979363,5.0033,0,South America,31,1,3
Sentilese,50.0,11.5446,92.2576,India,IND,Critically endangered,1.7075701760979363,1,0,50.0,1.7075701760979363,11.5446,0,Asia,8,1,3
Sian,50.0,2.3854,114.3354,Malaysia,MYS,Severely endangered,1.7075701760979363,1,0,50.0,1.7075701760979363,2.3854,0,Asia,5,1,2
Tambotalo,50.0,-15.4655,167.1027,Vanuatu,VUT,Severely endangered,1.7075701760979363,1,0,50.0,1.7075701760979363,15.4655,0,Oceania,50,1,2
Tanacross,50.0,64.2159,-145.9643,United States of America,USA,Critically endangered,1.7075701760979363,1,0,50.0,1.7075701760979363,64.2159,2,North America,13,1,3
Tanaina,50.0,63.3422,-148.8647,United States of America,USA,Severely endangered,1.7075701760979363,1,0,50.0,1.7075701760979363,63.3422,2,North America,12,1,2
Tanimbili,50.0,-11.2935,166.5211,Solomon Islands,SLB,Severely endangered,1.7075701760979363,1,0,50.0,1.7075701760979363,11.2935,0,Oceania,27,1,2
Warumungu,50.0,-19.5183,133.9453,Australia,AUS,Severely endangered,1.7075701760979363,1,0,50.0,1.7075701760979363,19.5183,0,Oceania,9,1,2
Zapotec of San Felipe Tejalapan,50.0,17.1099,-96.8539,Mexico,MEX,Critically endangered,1.7075701760979363,1,0,50.0,1.7075701760979363,17.1099,0,North America,106,1,3
Tench,49.0,-1.6394,150.6939,Papua New Guinea,PNG,Critically endangered,1.6989700043360187,1,0,49.0,1.6989700043360187,1.6394,0,Oceania,11,1,3
Mudburra,48.0,-16.9727,131.77,Australia,AUS,Severely endangered,1.6901960800285136,1,0,48.0,1.6901960800285136,16.9727,0,Oceania,26,1,2
Nunggubuyu,44.0,-13.8807,135.725,Australia,AUS,Severely endangered,1.6532125137753437,1,0,44.0,1.6532125137753437,13.8807,0,Oceania,28,1,2
Dumun,42.0,-5.5421,146.0906,Papua New Guinea,PNG,Critically endangered,1.6334684555795864,1,0,42.0,1.6334684555795864,5.5421,0,Oceania,62,1,3
Kudu-Camo,42.0,11.0166,8.8879,Nigeria,NGA,Critically endangered,1.6334684555795864,1,0,42.0,1.6334684555795864,11.0166,0,Africa,23,1,3
Asumboa,40.0,-11.2982,166.4868,Solomon Islands,SLB,Severely endangered,1.6127838567197355,1,0,40.0,1.6127838567197355,11.2982,0,Oceania,27,1,2
Bunuba,40.0,-17.8951,125.7495,Australia,AUS,Severely endangered,1.6127838567197355,1,0,40.0,1.6127838567197355,17.8951,0,Oceania,17,1,2
Chamacoco,40.0,-23.0595,-55.6127,"Brazil, Paraguay","BRA, PRY",Critically endangered,1.6127838567197355,2,1,20.0,1.3222192947339193,23.0595,0,South America,18,1,3
Garrwa,40.0,-17.1197,137.6806,Australia,AUS,Severely endangered,1.6127838567197355,1,0,40.0,1.6127838567197355,17.1197,0,Oceania,19,1,2
Gumbaynggirr,40.0,-30.3349,152.8198,Australia,AUS,Critically endangered,1.6127838567197355,1,0,40.0,1.6127838567197355,30.3349,1,Oceania,4,1,3
Maremgi,40.0,-2.2571,139.5455,Indonesia,IDN,Definitely endangered,1.6127838567197355,1,0,40.0,1.6127838567197355,2.2571,0,Oceania,67,1,2
Mono (Western),40.0,37.0943,-119.4999,United States of America,USA,Critically endangered,1.6127838567197355,1,0,40.0,1.6127838567197355,37.0943,1,North America,41,1,3
Southern Tutchone,40.0,60.7796,-137.4983,Canada,CAN,Critically endangered,1.6127838567197355,1,0,40.0,1.6127838567197355,60.7796,2,North America,11,1,3
Tipai (United States of America),40.0,32.6049,-116.4678,United States of America,USA,Severely endangered,1.6127838567197355,1,0,40.0,1.6127838567197355,32.6049,1,North America,31,1,2
Tofa,40.0,53.7324,98.2589,Russian Federation,RUS,Critically endangered,1.6127838567197355,1,0,40.0,1.6127838567197355,53.7324,1,Asia,7,1,3
Udege,40.0,47.6209,136.0903,Russian Federation,RUS,Critically endangered,1.6127838567197355,1,0,40.0,1.6127838567197355,47.6209,1,Asia,6,1,3
Yoki,40.0,-1.5893,137.9127,Indonesia,IDN,Severely endangered,1.6127838567197355,1,0,40.0,1.6127838567197355,1.5893,0,Oceania,63,1,2
Noy,36.0,8.9312,17.8829,Chad,TCD,Critically endangered,1.568201724066995,1,0,36.0,1.568201724066995,8.9312,0,Africa,33,1,3
Chulym Turk,35.0,57.3354,88.1542,Russian Federation,RUS,Critically endangered,1.5563025007672873,1,0,35.0,1.5563025007672873,57.3354,2,Asia,10,1,3
Kapori,35.0,-3.4,139.7,Indonesia,IDN,Critically endangered,1.5563025007672873,1,0,35.0,1.5563025007672873,3.4,0,Oceania,69,1,3
Kaqchikel (Mexico),35.0,19.4044,-90.0604,Mexico,MEX,Critically endangered,1.5563025007672873,1,0,35.0,1.5563025007672873,19.4044,0,North America,35,1,3
Menominee,35.0,44.9356,-88.6144,United States of America,USA,Critically endangered,1.5563025007672873,1,0,35.0,1.5563025007672873,44.9356,1,North America,7,1,3
Quechua of Pacaraos,35.0,-11.2538,-76.8054,Peru,PER,Critically endangered,1.5563025007672873,1,0,35.0,1.5563025007672873,11.2538,0,South America,20,1,3
Turaka,35.0,-9.796,149.447,Papua New Guinea,PNG,Critically endangered,1.5563025007672873,1,0,35.0,1.5563025007672873,9.796,0,Oceania,33,1,3
Barasana (Brazil),34.0,0.7909,-68.6425,Brazil,BRA,Severely endangered,1.5440680443502757,1,0,34.0,1.5440680443502757,0.7909,0,South America,69,1,2
Bilakura,34.0,-4.9404,145.5303,Papua New Guinea,PNG,Critically endangered,1.5440680443502757,1,0,34.0,1.5440680443502757,4.9404,0,Oceania,66,1,3
Macuna (Brazil),32.0,1.1395,-67.7636,Brazil,BRA,Vulnerable,1.5185139398778875,1,0,32.0,1.5185139398778875,1.1395,0,South America,63,0,1
Jarawa,31.0,12.6028,92.752,India,IND,Critically endangered,1.505149978319906,1,0,31.0,1.505149978319906,12.6028,0,Asia,4,1,3
Kowaki,31.0,-4.6079,145.4067,Papua New Guinea,PNG,Critically endangered,1.505149978319906,1,0,31.0,1.505149978319906,4.6079,0,Oceania,66,1,3
Kri,31.0,18.25,105.0,Lao People's Democratic Republic,LAO,Severely endangered,1.505149978319906,1,0,31.0,1.505149978319906,18.25,0,Asia,42,1,2
Mawak,31.0,-4.5819,145.3079,Papua New Guinea,PNG,Critically endangered,1.505149978319906,1,0,31.0,1.505149978319906,4.5819,0,Oceania,67,1,3
Alabat Island Agta,30.0,14.1209,122.0282,Philippines,PHL,Critically endangered,1.4913616938342726,1,0,30.0,1.4913616938342726,14.1209,0,Asia,13,1,3
Amahai,30.0,-3.3352,128.9314,Indonesia,IDN,Critically endangered,1.4913616938342726,1,0,30.0,1.4913616938342726,3.3352,0,Oceania,36,1,3
Bardi,30.0,-16.9307,122.871,Australia,AUS,Severely endangered,1.4913616938342726,1,0,30.0,1.4913616938342726,16.9307,0,Oceania,10,1,2
Cahuilla,30.0,33.5404,-116.7436,United States of America,USA,Critically endangered,1.4913616938342726,1,0,30.0,1.4913616938342726,33.5404,1,North America,39,1,3
Cambap,30.0,6.4872,11.802,Cameroon,CMR,Critically endangered,1.4913616938342726,1,0,30.0,1.4913616938342726,6.4872,0,Africa,52,1,3
Carijona,30.0,-1.2743,-70.1147,Colombia,COL,Critically endangered,1.4913616938342726,1,0,30.0,1.4913616938342726,1.2743,0,South America,68,1,3
Chintaw,30.0,24.9263,98.2414,China,CHN,Critically endangered,1.4913616938342726,1,0,30.0,1.4913616938342726,24.9263,1,Asia,110,1,3
Comox/Sliammon,30.0,49.6795,-124.9542,Canada,CAN,Critically endangered,1.4913616938342726,1,0,30.0,1.4913616938342726,49.6795,1,North America,27,1,3
Djeoromitxi,30.0,-12.05,-64.6655,Brazil,BRA,Severely endangered,1.4913616938342726,1,0,30.0,1.4913616938342726,12.05,0,South America,47,1,2
Duriankere,30.0,-1.3896,130.9247,Indonesia,IDN,Critically endangered,1.4913616938342726,1,0,30.0,1.4913616938342726,1.3896,0,Oceania,40,1,3
Goundo,30.0,9.4761,16.2652,Chad,TCD,Critically endangered,1.4913616938342726,1,0,30.0,1.4913616938342726,9.4761,0,Africa,37,1,3
Kawucha,30.0,-6.9373,146.1621,Papua New Guinea,PNG,Critically endangered,1.4913616938342726,1,0,30.0,1.4913616938342726,6.9373,0,Oceania,62,1,3
Kwerisa,30.0,-2.9759,138.153,Indonesia,IDN,Critically endangered,1.4913616938342726,1,0,30.0,1.4913616938342726,2.9759,0,Oceania,64,1,3
Mono (Eastern),30.0,37.3674,-118.3953,United States of America,USA,Critically endangered,1.4913616938342726,1,0,30.0,1.4913616938342726,37.3674,1,North America,42,1,3
Ngalkbun,30.0,-13.5178,134.6264,Australia,AUS,Severely endangered,1.4913616938342726,1,0,30.0,1.4913616938342726,13.5178,0,Oceania,33,1,2
Punan Batu,30.0,2.6021,114.0,Malaysia,MYS,Critically endangered,1.4913616938342726,1,0,30.0,1.4913616938342726,2.6021,0,Asia,5,1,3
Rama,30.0,11.8847,-83.7995,Nicaragua,NIC,Critically endangered,1.4913616938342726,1,0,30.0,1.4913616938342726,11.8847,0,South America,28,1,3
Sia Pedee,30.0,0.9887,-79.1674,Ecuador,ECU,Critically endangered,1.4913616938342726,1,0,30.0,1.4913616938342726,0.9887,0,South America,29,1,3
Ske,30.0,-15.9085,168.1924,Vanuatu,VUT,Severely endangered,1.4913616938342726,1,0,30.0,1.4913616938342726,15.9085,0,Oceania,48,1,2
Valley Yokuts,30.0,36.0582,-119.5241,United States of America,USA,Severely endangered,1.4913616938342726,1,0,30.0,1.4913616938342726,36.0582,1,North America,40,1,2
Warnman,30.0,-22.9786,122.7832,Australia,AUS,Severely endangered,1.4913616938342726,1,0,30.0,1.4913616938342726,22.9786,0,Oceania,10,1,2
Wik Ngencherr,30.0,-14.0939,141.8554,Australia,AUS,Severely endangered,1.4913616938342726,1,0,30.0,1.4913616938342726,14.0939,0,Oceania,14,1,2
Wiradjuri,30.0,-34.5608,147.041,Australia,AUS,Critically endangered,1.4913616938342726,1,0,30.0,1.4913616938342726,34.5608,1,Oceania,5,1,3
Malinaltepec Tlapanec,29.0,17.2451,-98.6717,Mexico,MEX,Vulnerable,1.4771212547196624,1,0,29.0,1.4771212547196624,17.2451,0,North America,102,0,1
Ahtna,25.0,62.7547,-144.3164,United States of America,USA,Critically endangered,1.414973347970818,1,0,25.0,1.414973347970818,62.7547,2,North America,10,1,3
Bieria,25.0,-16.8045,168.2446,Vanuatu,VUT,Critically endangered,1.414973347970818,1,0,25.0,1.414973347970818,16.8045,0,Oceania,47,1,3
Caddo,25.0,35.0985,-98.2603,United States of America,USA,Critically endangered,1.414973347970818,1,0,25.0,1.414973347970818,35.0985,1,North America,23,1,3
Columbian,25.0,48.1764,-119.0523,United States of America,USA,Critically endangered,1.414973347970818,1,0,25.0,1.414973347970818,48.1764,1,North America,38,1,3
Iquito,25.0,-3.6449,-74.1577,Peru,PER,Critically endangered,1.414973347970818,1,0,25.0,1.414973347970818,3.6449,0,South America,52,1,3
Kwazá,25.0,-12.651,-60.4138,Brazil,BRA,Critically endangered,1.414973347970818,1,0,25.0,1.414973347970818,12.651,0,South America,39,1,3
Marrithiyel,25.0,-13.806,130.0451,Australia,AUS,Critically endangered,1.414973347970818,1,0,25.0,1.414973347970818,13.806,0,Oceania,27,1,3
Massep,25.0,-1.7575,138.3178,Indonesia,IDN,Critically endangered,1.414973347970818,1,0,25.0,1.414973347970818,1.7575,0,Oceania,62,1,3
Mor,25.0,-2.8607,132.7697,Indonesia,IDN,Severely endangered,1.414973347970818,1,0,25.0,1.414973347970818,2.8607,0,Oceania,43,1,2
Pisamira,25.0,1.0656,-70.4388,Colombia,COL,Critically endangered,1.414973347970818,1,0,25.0,1.414973347970818,1.0656,0,South America,67,1,3
Sakurabiat,25.0,-12.967,-61.2652,Brazil,BRA,Severely endangered,1.414973347970818,1,0,25.0,1.414973347970818,12.967,0,South America,45,1,2
Surel,25.0,27.6969,86.3058,Nepal,NPL,Critically endangered,1.414973347970818,1,0,25.0,1.414973347970818,27.6969,1,Asia,85,1,3
Upper Kuskokwim,25.0,63.0091,-154.3889,United States of America,USA,Critically endangered,1.414973347970818,1,0,25.0,1.414973347970818,63.0091,2,North America,8,1,3
Zumaya,25.0,10.5323,14.3591,Cameroon,CMR,Critically endangered,1.414973347970818,1,0,25.0,1.414973347970818,10.5323,0,Africa,36,1,3
Kashaya,24.0,38.6603,-123.3045,United States of America,USA,Critically endangered,1.3979400086720377,1,0,24.0,1.3979400086720377,38.6603,1,North America,39,1,3
Kavalan,24.0,24.7393,121.6996,China,CHN,Critically endangered,1.3979400086720377,1,0,24.0,1.3979400086720377,24.7393,1,Asia,26,1,3
Wardaman,24.0,-14.9925,131.9293,Australia,AUS,Severely endangered,1.3979400086720377,1,0,24.0,1.3979400086720377,14.9925,0,Oceania,38,1,2
Washo,24.0,38.9226,-119.7256,United States of America,USA,Severely endangered,1.3979400086720377,1,0,24.0,1.3979400086720377,38.9226,1,North America,43,1,2
Kuku Yalanji,23.0,-15.8148,144.9316,Australia,AUS,Severely endangered,1.380211241711606,1,0,23.0,1.380211241711606,15.8148,0,Oceania,11,1,2
Sām,23.0,27.3595,86.9979,Nepal,NPL,Severely endangered,1.380211241711606,1,0,23.0,1.380211241711606,27.3595,1,Asia,90,1,2
Southwestern Tlapanec,23.0,16.9629,-99.0953,Mexico,MEX,Vulnerable,1.380211241711606,1,0,23.0,1.380211241711606,16.9629,0,North America,102,0,1
Alawa,22.0,-16.4676,134.0771,Australia,AUS,Critically endangered,1.3617278360175928,1,0,22.0,1.3617278360175928,16.4676,0,Oceania,33,1,3
Tobian,22.0,2.9594,131.8084,Palau,PLW,Critically endangered,1.3617278360175928,1,0,22.0,1.3617278360175928,2.9594,0,Asia,9,1,3
Bara (Brazil),21.0,0.3515,-68.9721,Brazil,BRA,Vulnerable,1.3424226808222062,1,0,21.0,1.3424226808222062,0.3515,0,South America,69,0,1
Ixcatec,21.0,17.8493,-97.181,Mexico,MEX,Critically endangered,1.3424226808222062,1,0,21.0,1.3424226808222062,17.8493,0,North America,108,1,3
Añu,20.0,11.022,-71.7352,Venezuela (Bolivarian Republic of),VEN,Critically endangered,1.3222192947339193,1,0,20.0,1.3222192947339193,11.022,0,South America,8,1,3
Barzani Jewish Neo-Aramaic (Israel),20.0,31.7888,35.1947,Israel,ISR,Critically endangered,1.3222192947339193,1,0,20.0,1.3222192947339193,31.7888,1,Africa,15,1,3
Bom,20.0,7.3188,-11.9915,Sierra Leone,SLE,Severely endangered,1.3222192947339193,1,0,20.0,1.3222192947339193,7.3188,0,Africa,9,1,2
Bundjalung,20.0,-28.9998,152.9077,Australia,AUS,Severely endangered,1.3222192947339193,1,0,20.0,1.3222192947339193,28.9998,1,Oceania,4,1,2
Chung (Cambodia),20.0,10.6875,103.8084,Cambodia,KHM,Critically endangered,1.3222192947339193,1,0,20.0,1.3222192947339193,10.6875,0,Asia,18,1,3
Dusner,20.0,-2.7139,134.3888,Indonesia,IDN,Critically endangered,1.3222192947339193,1,0,20.0,1.3222192947339193,2.7139,0,Oceania,46,1,3
Forest Enets,20.0,68.6836,86.2727,Russian Federation,RUS,Critically endangered,1.3222192947339193,1,0,20.0,1.3222192947339193,68.6836,2,Asia,4,1,3
Foya,20.0,-2.4107,138.6996,Indonesia,IDN,Critically endangered,1.3222192947339193,1,0,20.0,1.3222192947339193,2.4107,0,Oceania,64,1,3
Hermit,20.0,-2.0869,146.9311,Papua New Guinea,PNG,Critically endangered,1.3222192947339193,1,0,20.0,1.3222192947339193,2.0869,0,Oceania,41,1,3
Jawoyn,20.0,-14.2004,132.55,Australia,AUS,Severely endangered,1.3222192947339193,1,0,20.0,1.3222192947339193,14.2004,0,Oceania,38,1,2
Kamasa,20.0,-6.95,146.2,Papua New Guinea,PNG,Critically endangered,1.3222192947339193,1,0,20.0,1.3222192947339193,6.95,0,Oceania,63,1,3
Kanakanabu,20.0,23.1463,120.6782,China,CHN,Critically endangered,1.3222192947339193,1,0,20.0,1.3222192947339193,23.1463,0,Asia,25,1,3
Kembra,20.0,-3.908,140.3942,Indonesia,IDN,Critically endangered,1.3222192947339193,1,0,20.0,1.3222192947339193,3.908,0,Oceania,70,1,3
Kilen,20.0,47.4689,133.8574,"China, Russian Federation","CHN, RUS",Critically endangered,1.3222192947339193,2,1,10.0,1.0413926851582251,47.4689,1,Asia,6,1,3
Kim,20.0,7.2425,-11.9476,Sierra Leone,SLE,Critically endangered,1.3222192947339193,1,0,20.0,1.3222192947339193,7.2425,0,Africa,9,1,3
Koko Bera,20.0,-15.6865,141.5917,Australia,AUS,Severely endangered,1.3222192947339193,1,0,20.0,1.3222192947339193,15.6865,0,Oceania,17,1,2
Kulina Páno,20.0,-5.6597,-71.5429,Brazil,BRA,Severely endangered,1.3222192947339193,1,0,20.0,1.3222192947339193,5.6597,0,South America,38,1,2
Leco,20.0,-15.586,-67.9064,Bolivia (Plurinational State of),BOL,Critically endangered,1.3222192947339193,1,0,20.0,1.3222192947339193,15.586,0,South America,26,1,3
Loun,20.0,-2.8717,128.8366,Indonesia,IDN,Critically endangered,1.3222192947339193,1,0,20.0,1.3222192947339193,2.8717,0,Oceania,37,1,3
Mander,20.0,-2.4341,138.7284,Indonesia,IDN,Critically endangered,1.3222192947339193,1,0,20.0,1.3222192947339193,2.4341,0,Oceania,65,1,3
Mangarla,20.0,-20.159,122.6513,Australia,AUS,Critically endangered,1.3222192947339193,1,0,20.0,1.3222192947339193,20.159,0,Oceania,15,1,3
Maringarr,20.0,-14.1525,129.6166,Australia,AUS,Critically endangered,1.3222192947339193,1,0,20.0,1.3222192947339193,14.1525,0,Oceania,24,1,3
Nataoran,20.0,24.0088,121.5898,China,CHN,Critically endangered,1.3222192947339193,1,0,20.0,1.3222192947339193,24.0088,1,Asia,26,1,3
Nez Perce,20.0,46.4347,-116.8268,United States of America,USA,Critically endangered,1.3222192947339193,1,0,20.0,1.3222192947339193,46.4347,1,North America,23,1,3
Nisvai,20.0,-16.4492,167.7117,Vanuatu,VUT,Critically endangered,1.3222192947339193,1,0,20.0,1.3222192947339193,16.4492,0,Oceania,47,1,3
Nyamal,20.0,-21.4019,119.3225,Australia,AUS,Severely endangered,1.3222192947339193,1,0,20.0,1.3222192947339193,21.4019,0,Oceania,9,1,2
Nyikina,20.0,-18.2613,124.6179,Australia,AUS,Severely endangered,1.3222192947339193,1,0,20.0,1.3222192947339193,18.2613,0,Oceania,15,1,2
Panamint,20.0,36.4555,-116.8666,United States of America,USA,Critically endangered,1.3222192947339193,1,0,20.0,1.3222192947339193,36.4555,1,North America,39,1,3
Pite Saami,20.0,66.0447,17.8857,"Norway, Sweden","NOR, SWE",Critically endangered,1.3222192947339193,2,1,10.0,1.0413926851582251,66.0447,2,Europe,5,1,3
Qawasqar,20.0,-49.6391,-74.3554,Chile,CHL,Critically endangered,1.3222192947339193,1,0,20.0,1.3222192947339193,49.6391,1,South America,1,1,3
Red Gelao (Viet Nam),20.0,23.1666,105.25,Viet Nam,VNM,Critically endangered,1.3222192947339193,1,0,20.0,1.3222192947339193,23.1666,0,Asia,67,1,3
Somyev,20.0,6.9318,11.5136,"Cameroon, Nigeria","CMR, NGA",Critically endangered,1.3222192947339193,2,1,10.0,1.0413926851582251,6.9318,0,Africa,52,1,3
Ume Saami,20.0,65.1091,18.2153,Sweden,SWE,Critically endangered,1.3222192947339193,1,0,20.0,1.3222192947339193,65.1091,2,Europe,6,1,3
Usku,20.0,-3.5449,140.7499,Indonesia,IDN,Critically endangered,1.3222192947339193,1,0,20.0,1.3222192947339193,3.5449,0,Oceania,70,1,3
Vote,20.0,59.5858,28.4518,Russian Federation,RUS,Critically endangered,1.3222192947339193,1,0,20.0,1.3222192947339193,59.5858,2,Europe,13,1,3
Wajarri,20.0,-26.8841,116.6748,Australia,AUS,Severely endangered,1.3222192947339193,1,0,20.0,1.3222192947339193,26.8841,1,Oceania,1,1,2
Wambaya,20.0,-17.7696,134.923,Australia,AUS,Critically endangered,1.3222192947339193,1,0,20.0,1.3222192947339193,17.7696,0,Oceania,20,1,3
Warekena (Brazil),20.0,0.7909,-68.3789,Brazil,BRA,Critically endangered,1.3222192947339193,1,0,20.0,1.3222192947339193,0.7909,0,South America,68,1,3
White Gelao (Viet Nam),20.0,23.2,105.3333,Viet Nam,VNM,Severely endangered,1.3222192947339193,1,0,20.0,1.3222192947339193,23.2,0,Asia,64,1,2
Mixtec of Tlaltempan,19.0,18.6166,-98.0833,Mexico,MEX,Definitely endangered,1.3010299956639813,1,0,19.0,1.3010299956639813,18.6166,0,North America,104,1,2
Uruak,19.0,3.9957,-63.5888,Venezuela (Bolivarian Republic of),VEN,Critically endangered,1.3010299956639813,1,0,19.0,1.3010299956639813,3.9957,0,South America,36,1,3
Pacahuara,18.0,-11.4369,-65.6762,Bolivia (Plurinational State of),BOL,Critically endangered,1.2787536009528289,1,0,18.0,1.2787536009528289,11.4369,0,South America,45,1,3
Ririo,18.0,-6.91,156.9671,Solomon Islands,SLB,Critically endangered,1.2787536009528289,1,0,18.0,1.2787536009528289,6.91,0,Oceania,13,1,3
Ava-Canoeiro,16.0,-14.0847,-48.0418,Brazil,BRA,Critically endangered,1.2304489213782739,1,0,16.0,1.2304489213782739,14.0847,0,South America,4,1,3
Chorotega,16.0,9.8991,-83.6855,Costa Rica,CRI,Critically endangered,1.2304489213782739,1,0,16.0,1.2304489213782739,9.8991,0,South America,24,1,3
Ainu (Hokkaido),15.0,43.2612,142.8222,Japan,JPN,Critically endangered,1.2041199826559248,1,0,15.0,1.2041199826559248,43.2612,1,Asia,1,1,3
Jaminjung,15.0,-15.2417,130.5725,Australia,AUS,Severely endangered,1.2041199826559248,1,0,15.0,1.2041199826559248,15.2417,0,Oceania,28,1,2
Mwesen,15.0,-13.874,167.5415,Vanuatu,VUT,Critically endangered,1.2041199826559248,1,0,15.0,1.2041199826559248,13.874,0,Oceania,48,1,3
Sechelt,15.0,50.0846,-123.7437,Canada,CAN,Critically endangered,1.2041199826559248,1,0,15.0,1.2041199826559248,50.0846,1,North America,28,1,3
Tanana,15.0,64.605,-149.0625,United States of America,USA,Critically endangered,1.2041199826559248,1,0,15.0,1.2041199826559248,64.605,2,North America,12,1,3
Ingalik,14.0,62.1655,-156.3134,United States of America,USA,Critically endangered,1.1760912590556813,1,0,14.0,1.1760912590556813,62.1655,2,North America,7,1,3
Jingulu,14.0,-17.3716,134.187,Australia,AUS,Severely endangered,1.1760912590556813,1,0,14.0,1.1760912590556813,17.3716,0,Oceania,24,1,2
Zapotec of Mixtepe,14.0,16.2666,-96.3666,Mexico,MEX,Critically endangered,1.1760912590556813,1,0,14.0,1.1760912590556813,16.2666,0,North America,104,1,3
Woria,13.0,-2.4011,136.4886,Indonesia,IDN,Critically endangered,1.146128035678238,1,0,13.0,1.146128035678238,2.4011,0,Oceania,61,1,3
Aruá,12.0,-12.0285,-64.7094,Brazil,BRA,Severely endangered,1.1139433523068367,1,0,12.0,1.1139433523068367,12.0285,0,South America,48,1,2
Han (United States of America),12.0,64.7837,-141.2172,United States of America,USA,Critically endangered,1.1139433523068367,1,0,12.0,1.1139433523068367,64.7837,2,North America,12,1,3
Hupa,12.0,41.7624,-123.7028,United States of America,USA,Critically endangered,1.1139433523068367,1,0,12.0,1.1139433523068367,41.7624,1,North America,41,1,3
Karuk,12.0,41.7929,-123.3763,United States of America,USA,Severely endangered,1.1139433523068367,1,0,12.0,1.1139433523068367,41.7929,1,North America,41,1,2
Makah,12.0,48.3658,-124.6118,United States of America,USA,Critically endangered,1.1139433523068367,1,0,12.0,1.1139433523068367,48.3658,1,North America,32,1,3
Ngaatjatjara,12.0,-25.1651,127.3535,Australia,AUS,Severely endangered,1.1139433523068367,1,0,12.0,1.1139433523068367,25.1651,1,Oceania,6,1,2
Ngaliwuru,12.0,-15.5595,131.0614,Australia,AUS,Critically endangered,1.1139433523068367,1,0,12.0,1.1139433523068367,15.5595,0,Oceania,32,1,3
Ofayé,12.0,-21.361,-52.0532,Brazil,BRA,Critically endangered,1.1139433523068367,1,0,12.0,1.1139433523068367,21.361,0,South America,7,1,3
Umpila,12.0,-13.0366,143.3386,Australia,AUS,Severely endangered,1.1139433523068367,1,0,12.0,1.1139433523068367,13.0366,0,Oceania,14,1,2
Yurok,12.0,41.0607,-124.1413,United States of America,USA,Critically endangered,1.1139433523068367,1,0,12.0,1.1139433523068367,41.0607,1,North America,38,1,3
Kinikinau,11.0,-21.0685,-56.2765,Brazil,BRA,Critically endangered,1.0791812460476249,1,0,11.0,1.0791812460476249,21.0685,0,South America,17,1,3
Wagiman,11.0,-14.1845,131.6546,Australia,AUS,Severely endangered,1.0791812460476249,1,0,11.0,1.0791812460476249,14.1845,0,Oceania,36,1,2
Achumawi,10.0,40.8816,-122.6715,United States of America,USA,Critically endangered,1.0413926851582251,1,0,10.0,1.0413926851582251,40.8816,1,North America,41,1,3
Arho,10.0,-21.274,165.0503,New Caledonia (France),NCL,Critically endangered,1.0413926851582251,1,0,10.0,1.0413926851582251,21.274,0,Oceania,18,1,3
Arikara,10.0,47.648,-101.8327,United States of America,USA,Critically endangered,1.0413926851582251,1,0,10.0,1.0413926851582251,47.648,1,North America,10,1,3
Ayizi,10.0,24.5964,103.7329,China,CHN,Critically endangered,1.0413926851582251,1,0,10.0,1.0413926851582251,24.5964,1,Asia,74,1,3
Bangsa,10.0,-16.146,167.389,Vanuatu,VUT,Critically endangered,1.0413926851582251,1,0,10.0,1.0413926851582251,16.146,0,Oceania,47,1,3
Ch'orti' (Honduras),10.0,14.9364,-88.865,Honduras,HND,Critically endangered,1.0413926851582251,1,0,10.0,1.0413926851582251,14.9364,0,South America,49,1,3
Chung (Thailand),10.0,14.4897,99.1661,Thailand,THA,Critically endangered,1.0413926851582251,1,0,10.0,1.0413926851582251,14.4897,0,Asia,14,1,3
Copper Island Aleut,10.0,54.7753,167.5662,Russian Federation,RUS,Critically endangered,1.0413926851582251,1,0,10.0,1.0413926851582251,54.7753,1,Asia,2,1,3
Gros Ventre,10.0,48.4824,-108.7639,United States of America,USA,Critically endangered,1.0413926851582251,1,0,10.0,1.0413926851582251,48.4824,1,North America,12,1,3
Gweno,10.0,-3.7135,37.6501,United Republic of Tanzania,TZA,Critically endangered,1.0413926851582251,1,0,10.0,1.0413926851582251,3.7135,0,Africa,21,1,3
Hoti,10.0,-3.0143,130.3692,Indonesia,IDN,Critically endangered,1.0413926851582251,1,0,10.0,1.0413926851582251,3.0143,0,Oceania,39,1,3
Hulung,10.0,-2.8614,128.5606,Indonesia,IDN,Critically endangered,1.0413926851582251,1,0,10.0,1.0413926851582251,2.8614,0,Oceania,37,1,3
Ibu,10.0,1.5269,127.5265,Indonesia,IDN,Critically endangered,1.0413926851582251,1,0,10.0,1.0413926851582251,1.5269,0,Asia,11,1,3
Iranxe,10.0,-12.6939,-57.843,Brazil,BRA,Critically endangered,1.0413926851582251,1,0,10.0,1.0413926851582251,12.6939,0,South America,30,1,3
Kamarian,10.0,-3.4366,128.5345,Indonesia,IDN,Critically endangered,1.0413926851582251,1,0,10.0,1.0413926851582251,3.4366,0,Oceania,36,1,3
Karajarri,10.0,-19.0205,122.3437,Australia,AUS,Critically endangered,1.0413926851582251,1,0,10.0,1.0413926851582251,19.0205,0,Oceania,15,1,3
Karipuna,10.0,-10.2284,-64.5556,Brazil,BRA,Definitely endangered,1.0413926851582251,1,0,10.0,1.0413926851582251,10.2284,0,South America,44,1,2
Katawixi,10.0,-8.8416,-66.0937,Brazil,BRA,Critically endangered,1.0413926851582251,1,0,10.0,1.0413926851582251,8.8416,0,South America,36,1,3
Kawaiisu,10.0,35.0589,-118.4026,United States of America,USA,Critically endangered,1.0413926851582251,1,0,10.0,1.0413926851582251,35.0589,1,North America,36,1,3
Khövsgöl Uryangkhay,10.0,50.9722,101.3159,Mongolia,MNG,Critically endangered,1.0413926851582251,1,0,10.0,1.0413926851582251,50.9722,1,Asia,5,1,3
Krenak,10.0,-19.1937,-41.1527,Brazil,BRA,Critically endangered,1.0413926851582251,1,0,10.0,1.0413926851582251,19.1937,0,South America,1,1,3
Kurrama,10.0,-21.6383,117.9711,Australia,AUS,Critically endangered,1.0413926851582251,1,0,10.0,1.0413926851582251,21.6383,0,Oceania,6,1,3
Lardil,10.0,-16.5526,139.3176,Australia,AUS,Critically endangered,1.0413926851582251,1,0,10.0,1.0413926851582251,16.5526,0,Oceania,16,1,3
Lom,10.0,-1.6751,105.8917,Indonesia,IDN,Critically endangered,1.0413926851582251,1,0,10.0,1.0413926851582251,1.6751,0,Other,3,1,3
Lorediakarkar,10.0,-15.1967,167.0498,Vanuatu,VUT,Critically endangered,1.0413926851582251,1,0,10.0,1.0413926851582251,15.1967,0,Oceania,50,1,3
Madngele,10.0,-13.3789,130.5395,Australia,AUS,Critically endangered,1.0413926851582251,1,0,10.0,1.0413926851582251,13.3789,0,Oceania,30,1,3
Malak Malak,10.0,-13.7713,130.6384,Australia,AUS,Critically endangered,1.0413926851582251,1,0,10.0,1.0413926851582251,13.7713,0,Oceania,33,1,3
Manchu (Amur),10.0,49.7666,127.5,China,CHN,Critically endangered,1.0413926851582251,1,0,10.0,1.0413926851582251,49.7666,1,Asia,8,1,3
Manchu (Nonni),10.0,48.0083,124.3542,China,CHN,Critically endangered,1.0413926851582251,1,0,10.0,1.0413926851582251,48.0083,1,Asia,10,1,3
Mandan,10.0,47.5165,-102.2461,United States of America,USA,Critically endangered,1.0413926851582251,1,0,10.0,1.0413926851582251,47.5165,1,North America,12,1,3
Marrisyefin,10.0,-13.934,129.8254,Australia,AUS,Critically endangered,1.0413926851582251,1,0,10.0,1.0413926851582251,13.934,0,Oceania,25,1,3
Massalat,10.0,12.7635,20.5993,Chad,TCD,Critically endangered,1.0413926851582251,1,0,10.0,1.0413926851582251,12.7635,0,Africa,22,1,3
Matanvat,10.0,-15.8972,167.1947,Vanuatu,VUT,Critically endangered,1.0413926851582251,1,0,10.0,1.0413926851582251,15.8972,0,Oceania,48,1,3
Matipu,10.0,-12.2366,-53.1875,Brazil,BRA,Critically endangered,1.0413926851582251,1,0,10.0,1.0413926851582251,12.2366,0,South America,22,1,3
Mawayana (Brazil),10.0,-0.9447,-58.2495,"Brazil, Suriname","BRA, SUR",Critically endangered,1.0413926851582251,2,1,5.0,0.7781512503836436,0.9447,0,South America,17,1,3
Munsee (Canada),10.0,42.57,-81.879,Canada,CAN,Critically endangered,1.0413926851582251,1,0,10.0,1.0413926851582251,42.57,1,North America,18,1,3
Naati,10.0,-16.515,167.4645,Vanuatu,VUT,Critically endangered,1.0413926851582251,1,0,10.0,1.0413926851582251,16.515,0,Oceania,47,1,3
Ngardi,10.0,-20.6327,128.5839,Australia,AUS,Critically endangered,1.0413926851582251,1,0,10.0,1.0413926851582251,20.6327,0,Oceania,11,1,3
Ngbinda,10.0,4.6092,27.0812,Democratic Republic of the Congo,ZAI,Critically endangered,1.0413926851582251,1,0,10.0,1.0413926851582251,4.6092,0,Africa,18,1,3
Northern Paiute (Idaho),10.0,43.0439,-112.4566,United States of America,USA,Critically endangered,1.0413926851582251,1,0,10.0,1.0413926851582251,43.0439,1,North America,8,1,3
Nusa Laut,10.0,-3.6833,128.8,Indonesia,IDN,Critically endangered,1.0413926851582251,1,0,10.0,1.0413926851582251,3.6833,0,Oceania,37,1,3
Oneida (Wisconsin),10.0,44.5158,-88.0075,United States of America,USA,Critically endangered,1.0413926851582251,1,0,10.0,1.0413926851582251,44.5158,1,North America,10,1,3
Onondaga (New York),10.0,43.047,-76.1422,United States of America,USA,Critically endangered,1.0413926851582251,1,0,10.0,1.0413926851582251,43.047,1,North America,25,1,3
Osage,10.0,36.6683,-96.3316,United States of America,USA,Critically endangered,1.0413926851582251,1,0,10.0,1.0413926851582251,36.6683,1,North America,25,1,3
Parintintin,10.0,-6.5773,-61.7871,Brazil,BRA,Critically endangered,1.0413926851582251,1,0,10.0,1.0413926851582251,6.5773,0,South America,18,1,3
Pawnee,10.0,36.3372,-96.8032,United States of America,USA,Critically endangered,1.0413926851582251,1,0,10.0,1.0413926851582251,36.3372,1,North America,25,1,3
Puari,10.0,-2.8689,141.6577,Papua New Guinea,PNG,Critically endangered,1.0413926851582251,1,0,10.0,1.0413926851582251,2.8689,0,Oceania,73,1,3
Rembarrnga,10.0,-13.3896,133.6706,Australia,AUS,Critically endangered,1.0413926851582251,1,0,10.0,1.0413926851582251,13.3896,0,Oceania,34,1,3
Sene,10.0,-6.3753,147.7825,Papua New Guinea,PNG,Critically endangered,1.0413926851582251,1,0,10.0,1.0413926851582251,6.3753,0,Oceania,59,1,3
Sowa,10.0,-15.8609,168.1842,Vanuatu,VUT,Critically endangered,1.0413926851582251,1,0,10.0,1.0413926851582251,15.8609,0,Oceania,48,1,3
Susuami,10.0,-7.2044,146.5493,Papua New Guinea,PNG,Critically endangered,1.0413926851582251,1,0,10.0,1.0413926851582251,7.2044,0,Oceania,64,1,3
Taap,10.0,-6.146,146.3955,Papua New Guinea,PNG,Critically endangered,1.0413926851582251,1,0,10.0,1.0413926851582251,6.146,0,Oceania,61,1,3
Tape,10.0,-16.0953,167.3094,Vanuatu,VUT,Critically endangered,1.0413926851582251,1,0,10.0,1.0413926851582251,16.0953,0,Oceania,49,1,3
Ter Saami,10.0,68.0638,38.7063,Russian Federation,RUS,Critically endangered,1.0413926851582251,1,0,10.0,1.0413926851582251,68.0638,2,Europe,5,1,3
Thao,10.0,23.8808,120.9206,China,CHN,Critically endangered,1.0413926851582251,1,0,10.0,1.0413926851582251,23.8808,1,Asia,26,1,3
Tule-Kaweah Yokuts,10.0,36.0269,-118.7213,United States of America,USA,Critically endangered,1.0413926851582251,1,0,10.0,1.0413926851582251,36.0269,1,North America,39,1,3
Tundra Enets,10.0,71.6973,83.5839,Russian Federation,RUS,Critically endangered,1.0413926851582251,1,0,10.0,1.0413926851582251,71.6973,2,Asia,4,1,3
Wichita,10.0,35.0647,-98.2788,United States of America,USA,Critically endangered,1.0413926851582251,1,0,10.0,1.0413926851582251,35.0647,1,North America,23,1,3
Xambioá,10.0,-7.1717,-49.1583,Brazil,BRA,Critically endangered,1.0413926851582251,1,0,10.0,1.0413926851582251,7.1717,0,South America,17,1,3
Yawalapiti,10.0,-12.1702,-53.3365,Brazil,BRA,Critically endangered,1.0413926851582251,1,0,10.0,1.0413926851582251,12.1702,0,South America,23,1,3
Yiiji,10.0,-15.8458,127.6281,Australia,AUS,Critically endangered,1.0413926851582251,1,0,10.0,1.0413926851582251,15.8458,0,Oceania,22,1,3
Arára Shawãdáwa,9.0,-8.581,-72.29,Brazil,BRA,Critically endangered,1.0,1,0,9.0,1.0,8.581,0,South America,38,1,3
Kuuku Ya'u,9.0,-12.0185,142.8112,Australia,AUS,Critically endangered,1.0,1,0,9.0,1.0,12.0185,0,Oceania,18,1,3
Ngandi,9.0,-13.6459,135.2087,Australia,AUS,Critically endangered,1.0,1,0,9.0,1.0,13.6459,0,Oceania,28,1,3
Ngarluma,9.0,-21.1664,117.3339,Australia,AUS,Critically endangered,1.0,1,0,9.0,1.0,21.1664,0,Oceania,6,1,3
Zaparo,9.0,-2.2186,-76.5087,"Ecuador, Peru","ECU, PER",Critically endangered,1.0,2,1,4.5,0.7403626894942439,2.2186,0,South America,50,1,3
Ongota,8.0,5.3207,37.2244,Ethiopia,ETH,Critically endangered,0.9542425094393249,1,0,8.0,0.9542425094393249,5.3207,0,Africa,29,1,3
Ajuru,8.0,-12.0178,-64.7534,Brazil,BRA,Severely endangered,0.9542425094393249,1,0,8.0,0.9542425094393249,12.0178,0,South America,48,1,2
Araki,8.0,-15.6322,166.9413,Vanuatu,VUT,Critically endangered,0.9542425094393249,1,0,8.0,0.9542425094393249,15.6322,0,Oceania,50,1,3
Ayapanec,8.0,18.2241,-93.1108,Mexico,MEX,Critically endangered,0.9542425094393249,1,0,8.0,0.9542425094393249,18.2241,0,North America,98,1,3
Busuu,8.0,6.8282,10.1087,Cameroon,CMR,Critically endangered,0.9542425094393249,1,0,8.0,0.9542425094393249,6.8282,0,Africa,52,1,3
Chamicuro,8.0,-5.5285,-75.5969,Peru,PER,Critically endangered,0.9542425094393249,1,0,8.0,0.9542425094393249,5.5285,0,South America,44,1,3
Dumi,8.0,27.3095,86.7521,Nepal,NPL,Critically endangered,0.9542425094393249,1,0,8.0,0.9542425094393249,27.3095,1,Asia,87,1,3
Kayardild,8.0,-17.1197,139.4604,Australia,AUS,Critically endangered,0.9542425094393249,1,0,8.0,0.9542425094393249,17.1197,0,Oceania,14,1,3
Munichi,8.0,-5.8182,-76.1846,Peru,PER,Critically endangered,0.9542425094393249,1,0,8.0,0.9542425094393249,5.8182,0,South America,39,1,3
N|uu,8.0,-28.5169,21.4453,South Africa,ZAF,Critically endangered,0.9542425094393249,1,0,8.0,0.9542425094393249,28.5169,1,Africa,6,1,3
Xetá,8.0,-23.2867,-53.3935,Brazil,BRA,Critically endangered,0.9542425094393249,1,0,8.0,0.9542425094393249,23.2867,0,South America,11,1,3
Kiksht,7.0,44.2708,-121.2871,United States of America,USA,Critically endangered,0.9030899869919435,1,0,7.0,0.9030899869919435,44.2708,1,North America,39,1,3
Makolkol,7.0,-4.8994,151.6827,Papua New Guinea,PNG,Critically endangered,0.9030899869919435,1,0,7.0,0.9030899869919435,4.8994,0,Oceania,14,1,3
Akuntsu,6.0,-13.1169,-61.018,Brazil,BRA,Critically endangered,0.8450980400142568,1,0,6.0,0.8450980400142568,13.1169,0,South America,44,1,3
Anambé,6.0,-2.7674,-49.2297,Brazil,BRA,Critically endangered,0.8450980400142568,1,0,6.0,0.8450980400142568,2.7674,0,South America,16,1,3
Arabana,6.0,-28.6134,135.8349,Australia,AUS,Critically endangered,0.8450980400142568,1,0,6.0,0.8450980400142568,28.6134,1,Oceania,3,1,3
Ipai,6.0,32.9359,-116.868,United States of America,USA,Critically endangered,0.8450980400142568,1,0,6.0,0.8450980400142568,32.9359,1,North America,33,1,3
Karaim (Western Ukraine),6.0,50.7538,25.3351,Ukraine,UKR,Critically endangered,0.8450980400142568,1,0,6.0,0.8450980400142568,50.7538,1,Europe,10,1,3
Kings River Yokuts,6.0,36.9104,-118.9261,United States of America,USA,Critically endangered,0.8450980400142568,1,0,6.0,0.8450980400142568,36.9104,1,North America,41,1,3
Korana,6.0,-26.9352,24.1254,South Africa,ZAF,Critically endangered,0.8450980400142568,1,0,6.0,0.8450980400142568,26.9352,1,Africa,6,1,3
Mangarrayi,6.0,-14.8067,133.8793,Australia,AUS,Critically endangered,0.8450980400142568,1,0,6.0,0.8450980400142568,14.8067,0,Oceania,37,1,3
Northern Sierra Miwok,6.0,38.4008,-120.5351,United States of America,USA,Critically endangered,0.8450980400142568,1,0,6.0,0.8450980400142568,38.4008,1,North America,46,1,3
Abaga,5.0,-6.1883,145.5976,Papua New Guinea,PNG,Critically endangered,0.7781512503836436,1,0,5.0,0.7781512503836436,6.1883,0,Oceania,61,1,3
"Aleut (Western, Commander Islands)",5.0,55.171,166.094,Russian Federation,RUS,Critically endangered,0.7781512503836436,1,0,5.0,0.7781512503836436,55.171,2,Asia,3,1,3
Aqaw Gelao,5.0,28.7447,106.0714,China,CHN,Critically endangered,0.7781512503836436,1,0,5.0,0.7781512503836436,28.7447,1,Asia,20,1,3
Aveteian,5.0,-16.3985,167.4213,Vanuatu,VUT,Critically endangered,0.7781512503836436,1,0,5.0,0.7781512503836436,16.3985,0,Oceania,47,1,3
Central Selkup,5.0,59.8903,82.0129,Russian Federation,RUS,Critically endangered,0.7781512503836436,1,0,5.0,0.7781512503836436,59.8903,2,Asia,6,1,3
Cocama-Cocamilla (Brazil),5.0,-1.8043,-66.5332,Brazil,BRA,Critically endangered,0.7781512503836436,1,0,5.0,0.7781512503836436,1.8043,0,South America,52,1,3
Dyirbal,5.0,-18.0205,145.4809,Australia,AUS,Critically endangered,0.7781512503836436,1,0,5.0,0.7781512503836436,18.0205,0,Oceania,5,1,3
Gamilaraay,5.0,-29.7929,149.7106,Australia,AUS,Critically endangered,0.7781512503836436,1,0,5.0,0.7781512503836436,29.7929,1,Oceania,5,1,3
Great andamanese,5.0,12.2326,92.9031,India,IND,Critically endangered,0.7781512503836436,1,0,5.0,0.7781512503836436,12.2326,0,Asia,7,1,3
Guató,5.0,-17.644,-57.6562,Brazil,BRA,Critically endangered,0.7781512503836436,1,0,5.0,0.7781512503836436,17.644,0,South America,11,1,3
Holikachuk,5.0,64.2254,-155.3027,United States of America,USA,Critically endangered,0.7781512503836436,1,0,5.0,0.7781512503836436,64.2254,2,North America,9,1,3
Iduh (Viet Nam),5.0,19.4162,104.487,Viet Nam,VNM,Critically endangered,0.7781512503836436,1,0,5.0,0.7781512503836436,19.4162,0,Asia,63,1,3
Isarog Agta,5.0,13.6805,123.3805,Philippines,PHL,Critically endangered,0.7781512503836436,1,0,5.0,0.7781512503836436,13.6805,0,Asia,12,1,3
Itonama,5.0,-13.6246,-63.5668,Bolivia (Plurinational State of),BOL,Critically endangered,0.7781512503836436,1,0,5.0,0.7781512503836436,13.6246,0,South America,50,1,3
Juma,5.0,-7.4496,-63.8195,Brazil,BRA,Critically endangered,0.7781512503836436,1,0,5.0,0.7781512503836436,7.4496,0,South America,28,1,3
Kalispel,5.0,48.2549,-117.2174,United States of America,USA,Critically endangered,0.7781512503836436,1,0,5.0,0.7781512503836436,48.2549,1,North America,26,1,3
Kanoê,5.0,-13.1222,-61.051,Brazil,BRA,Critically endangered,0.7781512503836436,1,0,5.0,0.7781512503836436,13.1222,0,South America,45,1,3
Liki,5.0,-1.6202,138.738,Indonesia,IDN,Critically endangered,0.7781512503836436,1,0,5.0,0.7781512503836436,1.6202,0,Oceania,62,1,3
Luiseño,5.0,33.4622,-117.1269,United States of America,USA,Critically endangered,0.7781512503836436,1,0,5.0,0.7781512503836436,33.4622,1,North America,36,1,3
Lushootseed,5.0,47.6074,-122.5681,United States of America,USA,Critically endangered,0.7781512503836436,1,0,5.0,0.7781512503836436,47.6074,1,North America,38,1,3
Manchurian Kirghiz,5.0,47.8,124.2,China,CHN,Critically endangered,0.7781512503836436,1,0,5.0,0.7781512503836436,47.8,1,Asia,10,1,3
Mansim,5.0,-0.9008,134.0441,Indonesia,IDN,Critically endangered,0.7781512503836436,1,0,5.0,0.7781512503836436,0.9008,0,Oceania,31,1,3
Naman,5.0,-16.1216,167.4337,Vanuatu,VUT,Critically endangered,0.7781512503836436,1,0,5.0,0.7781512503836436,16.1216,0,Oceania,47,1,3
Nasarian,5.0,-16.3517,167.4659,Vanuatu,VUT,Critically endangered,0.7781512503836436,1,0,5.0,0.7781512503836436,16.3517,0,Oceania,46,1,3
Navwien,5.0,-16.469,167.4975,Vanuatu,VUT,Critically endangered,0.7781512503836436,1,0,5.0,0.7781512503836436,16.469,0,Oceania,47,1,3
Ndai,5.0,8.399,14.1641,Cameroon,CMR,Critically endangered,0.7781512503836436,1,0,5.0,0.7781512503836436,8.399,0,Africa,41,1,3
Ngalakan,5.0,-14.5729,134.4946,Australia,AUS,Critically endangered,0.7781512503836436,1,0,5.0,0.7781512503836436,14.5729,0,Oceania,33,1,3
Nivat,5.0,-16.1302,167.3835,Vanuatu,VUT,Critically endangered,0.7781512503836436,1,0,5.0,0.7781512503836436,16.1302,0,Oceania,47,1,3
Niviar,5.0,-16.1302,167.3945,Vanuatu,VUT,Critically endangered,0.7781512503836436,1,0,5.0,0.7781512503836436,16.1302,0,Oceania,47,1,3
Olrat,5.0,-14.2796,167.4302,Vanuatu,VUT,Critically endangered,0.7781512503836436,1,0,5.0,0.7781512503836436,14.2796,0,Oceania,48,1,3
Oro Win,5.0,-11.6683,-65.1379,Brazil,BRA,Critically endangered,0.7781512503836436,1,0,5.0,0.7781512503836436,11.6683,0,South America,47,1,3
Paunaca,5.0,-16.573,-61.4355,Bolivia (Plurinational State of),BOL,Critically endangered,0.7781512503836436,1,0,5.0,0.7781512503836436,16.573,0,South America,26,1,3
Resígaro,5.0,-2.7674,-71.7187,Peru,PER,Critically endangered,0.7781512503836436,1,0,5.0,0.7781512503836436,2.7674,0,South America,59,1,3
Sorsorian,5.0,-16.4709,167.6499,Vanuatu,VUT,Critically endangered,0.7781512503836436,1,0,5.0,0.7781512503836436,16.4709,0,Oceania,47,1,3
Southern Selkup,5.0,58.6626,85.8581,Russian Federation,RUS,Critically endangered,0.7781512503836436,1,0,5.0,0.7781512503836436,58.6626,2,Asia,8,1,3
Tuzantec,5.0,15.1455,-92.4232,Mexico,MEX,Critically endangered,0.7781512503836436,1,0,5.0,0.7781512503836436,15.1455,0,North America,65,1,3
Umbrul,5.0,0.0,0.0,Vanuatu,VUT,Critically endangered,0.7781512503836436,1,0,5.0,0.7781512503836436,0.0,0,Africa,2,1,3
Vano,5.0,-11.6286,166.8383,Solomon Islands,SLB,Critically endangered,0.7781512503836436,1,0,5.0,0.7781512503836436,11.6286,0,Oceania,32,1,3
Wunambal,5.0,-15.6124,125.0024,Australia,AUS,Critically endangered,0.7781512503836436,1,0,5.0,0.7781512503836436,15.6124,0,Oceania,12,1,3
Yuchi,5.0,36.0009,-96.0988,United States of America,USA,Critically endangered,0.7781512503836436,1,0,5.0,0.7781512503836436,36.0009,1,North America,25,1,3
Bonerif,4.0,-2.1088,139.2352,Indonesia,IDN,Critically endangered,0.6989700043360189,1,0,4.0,0.6989700043360189,2.1088,0,Oceania,63,1,3
Coeur d'Alene,4.0,43.3433,-116.8873,United States of America,USA,Critically endangered,0.6989700043360189,1,0,4.0,0.6989700043360189,43.3433,1,North America,14,1,3
Dharawal,4.0,-34.7235,150.5786,Australia,AUS,Critically endangered,0.6989700043360189,1,0,4.0,0.6989700043360189,34.7235,1,Oceania,3,1,3
Guranalum,4.0,-4.3464,152.8417,Papua New Guinea,PNG,Critically endangered,0.6989700043360189,1,0,4.0,0.6989700043360189,4.3464,0,Oceania,12,1,3
Lengilu,4.0,3.7327,115.8728,Indonesia,IDN,Critically endangered,0.6989700043360189,1,0,4.0,0.6989700043360189,3.7327,0,Asia,4,1,3
Njerep,4.0,6.4572,11.2884,Cameroon,CMR,Critically endangered,0.6989700043360189,1,0,4.0,0.6989700043360189,6.4572,0,Africa,56,1,3
Ouma,4.0,-10.233,149.1,Papua New Guinea,PNG,Critically endangered,0.6989700043360189,1,0,4.0,0.6989700043360189,10.233,0,Oceania,32,1,3
Paakantyi,4.0,-31.5598,143.3935,Australia,AUS,Critically endangered,0.6989700043360189,1,0,4.0,0.6989700043360189,31.5598,1,Oceania,4,1,3
Saponi,4.0,-2.4025,136.5037,Indonesia,IDN,Critically endangered,0.6989700043360189,1,0,4.0,0.6989700043360189,2.4025,0,Oceania,62,1,3
Tanema,4.0,-11.6986,166.9111,Solomon Islands,SLB,Critically endangered,0.6989700043360189,1,0,4.0,0.6989700043360189,11.6986,0,Oceania,36,1,3
Tehuelche,4.0,-51.5087,-70.3125,Argentina,ARG,Critically endangered,0.6989700043360189,1,0,4.0,0.6989700043360189,51.5087,1,South America,3,1,3
Totoró,4.0,2.504,-76.4016,Colombia,COL,Critically endangered,0.6989700043360189,1,0,4.0,0.6989700043360189,2.504,0,South America,28,1,3
Waanyi,4.0,-17.7486,138.2739,Australia,AUS,Critically endangered,0.6989700043360189,1,0,4.0,0.6989700043360189,17.7486,0,Oceania,16,1,3
Worrorra,4.0,-16.4887,124.6289,Australia,AUS,Critically endangered,0.6989700043360189,1,0,4.0,0.6989700043360189,16.4887,0,Oceania,13,1,3
Awakatek (Mexico),3.0,19.3481,-90.7177,Mexico,MEX,Critically endangered,0.6020599913279624,1,0,3.0,0.6020599913279624,19.3481,0,North America,43,1,3
Baldemu,3.0,10.5742,14.5623,Cameroon,CMR,Critically endangered,0.6020599913279624,1,0,3.0,0.6020599913279624,10.5742,0,Africa,39,1,3
Bung,3.0,6.5718,11.8267,Cameroon,CMR,Critically endangered,0.6020599913279624,1,0,3.0,0.6020599913279624,6.5718,0,Africa,52,1,3
Canichana,3.0,-14.5835,-64.9731,Bolivia (Plurinational State of),BOL,Extinct,0.6020599913279624,1,0,3.0,0.6020599913279624,14.5835,0,South America,46,1,3
Central Pomo,3.0,38.9704,-123.6893,United States of America,USA,Critically endangered,0.6020599913279624,1,0,3.0,0.6020599913279624,38.9704,1,North America,41,1,3
Central Sierra Miwok,3.0,37.962,-120.2384,United States of America,USA,Critically endangered,0.6020599913279624,1,0,3.0,0.6020599913279624,37.962,1,North America,43,1,3
Chemehuevi,3.0,34.0138,-114.2146,United States of America,USA,Critically endangered,0.6020599913279624,1,0,3.0,0.6020599913279624,34.0138,1,North America,33,1,3
Kiowa Apache,3.0,35.1018,-98.6033,United States of America,USA,Critically endangered,0.6020599913279624,1,0,3.0,0.6020599913279624,35.1018,1,North America,23,1,3
Konkow,3.0,39.467,-121.5155,United States of America,USA,Critically endangered,0.6020599913279624,1,0,3.0,0.6020599913279624,39.467,1,North America,44,1,3
Lake Miwok,3.0,38.6426,-122.3849,United States of America,USA,Critically endangered,0.6020599913279624,1,0,3.0,0.6020599913279624,38.6426,1,North America,42,1,3
Mabiri,3.0,12.1682,18.7275,Chad,TCD,Critically endangered,0.6020599913279624,1,0,3.0,0.6020599913279624,12.1682,0,Africa,30,1,3
Mescalero-Chiricahua Apache (Oklahoma),3.0,34.8986,-98.3589,United States of America,USA,Critically endangered,0.6020599913279624,1,0,3.0,0.6020599913279624,34.8986,1,North America,23,1,3
Northern Pomo,3.0,39.4143,-123.3502,United States of America,USA,Critically endangered,0.6020599913279624,1,0,3.0,0.6020599913279624,39.4143,1,North America,40,1,3
Sabanê,3.0,-12.5277,-59.6859,Brazil,BRA,Critically endangered,0.6020599913279624,1,0,3.0,0.6020599913279624,12.5277,0,South America,30,1,3
Southern Pomo,3.0,38.7048,-122.8971,United States of America,USA,Critically endangered,0.6020599913279624,1,0,3.0,0.6020599913279624,38.7048,1,North America,40,1,3
Southern Sierra Miwok,3.0,37.6148,-119.789,United States of America,USA,Critically endangered,0.6020599913279624,1,0,3.0,0.6020599913279624,37.6148,1,North America,40,1,3
Tubatulabal,3.0,35.6444,-118.5183,United States of America,USA,Critically endangered,0.6020599913279624,1,0,3.0,0.6020599913279624,35.6444,1,North America,37,1,3
Tuscarora (United States of America),3.0,43.0877,-79.0627,United States of America,USA,Critically endangered,0.6020599913279624,1,0,3.0,0.6020599913279624,43.0877,1,North America,24,1,3
Ura,3.0,-18.654,169.074,Vanuatu,VUT,Critically endangered,0.6020599913279624,1,0,3.0,0.6020599913279624,18.654,0,Oceania,44,1,3
Andoa (Peru),2.0,-2.6796,-76.2011,Peru,PER,Critically endangered,0.47712125471966244,1,0,2.0,0.47712125471966244,2.6796,0,South America,53,1,3
Arikapu,2.0,-12.0527,-64.7259,Brazil,BRA,Critically endangered,0.47712125471966244,1,0,2.0,0.47712125471966244,12.0527,0,South America,48,1,3
Aurê-Aurá,2.0,-2.9649,-46.2084,Brazil,BRA,Critically endangered,0.47712125471966244,1,0,2.0,0.47712125471966244,2.9649,0,South America,13,1,3
Baré (Brazil),2.0,0.4394,-68.2031,Brazil,BRA,Critically endangered,0.47712125471966244,1,0,2.0,0.47712125471966244,0.4394,0,South America,65,1,3
Cayuvava,2.0,-12.7903,-65.3247,Bolivia (Plurinational State of),BOL,Critically endangered,0.47712125471966244,1,0,2.0,0.47712125471966244,12.7903,0,South America,50,1,3
Gajerrong,2.0,-15.222,128.6059,Australia,AUS,Critically endangered,0.47712125471966244,1,0,2.0,0.47712125471966244,15.222,0,Oceania,23,1,3
Ganggalidda,2.0,-17.1001,138.3618,Australia,AUS,Critically endangered,0.47712125471966244,1,0,2.0,0.47712125471966244,17.1001,0,Oceania,16,1,3
Guarasu,2.0,-13.4724,-61.0427,Brazil,BRA,Critically endangered,0.47712125471966244,1,0,2.0,0.47712125471966244,13.4724,0,South America,44,1,3
Klallam,2.0,47.8475,-122.585,United States of America,USA,Critically endangered,0.47712125471966244,1,0,2.0,0.47712125471966244,47.8475,1,North America,36,1,3
Kujubim,2.0,-11.9963,-64.7534,Brazil,BRA,Critically endangered,0.47712125471966244,1,0,2.0,0.47712125471966244,11.9963,0,South America,48,1,3
Kunjen,2.0,-16.1316,142.207,Australia,AUS,Critically endangered,0.47712125471966244,1,0,2.0,0.47712125471966244,16.1316,0,Oceania,17,1,3
Kuruáya,2.0,-5.0033,-53.9208,Brazil,BRA,Critically endangered,0.47712125471966244,1,0,2.0,0.47712125471966244,5.0033,0,South America,8,1,3
Lemerig,2.0,-13.7473,167.4096,Vanuatu,VUT,Critically endangered,0.47712125471966244,1,0,2.0,0.47712125471966244,13.7473,0,Oceania,48,1,3
Luri,2.0,9.9255,9.5965,Nigeria,NGA,Critically endangered,0.47712125471966244,1,0,2.0,0.47712125471966244,9.9255,0,Africa,40,1,3
Maidu,2.0,40.4134,-120.6738,United States of America,USA,Critically endangered,0.47712125471966244,1,0,2.0,0.47712125471966244,40.4134,1,North America,45,1,3
Oneida (New York),2.0,43.0778,-75.6622,United States of America,USA,Critically endangered,0.47712125471966244,1,0,2.0,0.47712125471966244,43.0778,1,North America,24,1,3
Poyanawa,2.0,-7.6238,-73.2568,Brazil,BRA,Critically endangered,0.47712125471966244,1,0,2.0,0.47712125471966244,7.6238,0,South America,44,1,3
Puruborá,2.0,-12.3292,-64.2919,Brazil,BRA,Critically endangered,0.47712125471966244,1,0,2.0,0.47712125471966244,12.3292,0,South America,47,1,3
Salamãy,2.0,-8.7602,-63.9074,Brazil,BRA,Critically endangered,0.47712125471966244,1,0,2.0,0.47712125471966244,8.7602,0,South America,37,1,3
Sambe,2.0,8.6027,8.3825,Nigeria,NGA,Critically endangered,0.47712125471966244,1,0,2.0,0.47712125471966244,8.6027,0,Africa,40,1,3
Spokane,2.0,47.9286,-118.0165,United States of America,USA,Critically endangered,0.47712125471966244,1,0,2.0,0.47712125471966244,47.9286,1,North America,34,1,3
Tharkarri,2.0,-24.148,114.6533,Australia,AUS,Critically endangered,0.47712125471966244,1,0,2.0,0.47712125471966244,24.148,1,Oceania,3,1,3
Vacacocha,2.0,-2.0869,-74.5092,Peru,PER,Critically endangered,0.47712125471966244,1,0,2.0,0.47712125471966244,2.0869,0,South America,55,1,3
Wangaaybuwan,2.0,-31.1093,144.9975,Australia,AUS,Critically endangered,0.47712125471966244,1,0,2.0,0.47712125471966244,31.1093,1,Oceania,4,1,3
Xipáya,2.0,-4.3902,-53.9648,Brazil,BRA,Critically endangered,0.47712125471966244,1,0,2.0,0.47712125471966244,4.3902,0,South America,7,1,3
Apiaká,1.0,-11.1519,-57.3113,Brazil,BRA,Critically endangered,0.3010299956639812,1,0,1.0,0.3010299956639812,11.1519,0,South America,38,1,3
Bikya,1.0,6.8309,10.0277,Cameroon,CMR,Critically endangered,0.3010299956639812,1,0,1.0,0.3010299956639812,6.8309,0,Africa,51,1,3
Bishuo,1.0,6.9032,10.0991,Cameroon,CMR,Critically endangered,0.3010299956639812,1,0,1.0,0.3010299956639812,6.9032,0,Africa,52,1,3
Chaná,1.0,-31.8402,-60.5786,Argentina,ARG,Critically endangered,0.3010299956639812,1,0,1.0,0.3010299956639812,31.8402,1,South America,2,1,3
Dampel,1.0,0.7923,120.2494,Indonesia,IDN,Critically endangered,0.3010299956639812,1,0,1.0,0.3010299956639812,0.7923,0,Asia,31,1,3
Diahói,1.0,-7.9939,-62.1936,Brazil,BRA,Critically endangered,0.3010299956639812,1,0,1.0,0.3010299956639812,7.9939,0,South America,24,1,3
Kaixána,1.0,-2.0649,-67.4121,Brazil,BRA,Critically endangered,0.3010299956639812,1,0,1.0,0.3010299956639812,2.0649,0,South America,59,1,3
Lae,1.0,-6.6318,147.181,Papua New Guinea,PNG,Extinct,0.3010299956639812,1,0,1.0,0.3010299956639812,6.6318,0,Oceania,61,1,3
Laua,1.0,-10.1824,149.2053,Papua New Guinea,PNG,Critically endangered,0.3010299956639812,1,0,1.0,0.3010299956639812,10.1824,0,Oceania,32,1,3
Patwin,1.0,38.7608,-122.0354,United States of America,USA,Critically endangered,0.3010299956639812,1,0,1.0,0.3010299956639812,38.7608,1,North America,42,1,3
Pazeh,1.0,24.2469,120.7727,China,CHN,Critically endangered,0.3010299956639812,1,0,1.0,0.3010299956639812,24.2469,1,Asia,26,1,3
Pémono,1.0,5.6487,-65.8081,Venezuela (Bolivarian Republic of),VEN,Critically endangered,0.3010299956639812,1,0,1.0,0.3010299956639812,5.6487,0,South America,31,1,3
Taushiro,1.0,-3.2502,-75.8935,Peru,PER,Critically endangered,0.3010299956639812,1,0,1.0,0.3010299956639812,3.2502,0,South America,52,1,3
Tinigua,1.0,2.3833,-73.6413,Colombia,COL,Critically endangered,0.3010299956639812,1,0,1.0,0.3010299956639812,2.3833,0,South America,42,1,3
Tolowa,1.0,41.9566,-124.1915,United States of America,USA,Critically endangered,0.3010299956639812,1,0,1.0,0.3010299956639812,41.9566,1,North America,39,1,3
Uru,1.0,-16.5519,-68.6645,Bolivia (Plurinational State of),BOL,Extinct,0.3010299956639812,1,0,1.0,0.3010299956639812,16.5519,0,South America,22,1,3
Volow,1.0,-13.6433,167.7159,Vanuatu,VUT,Critically endangered,0.3010299956639812,1,0,1.0,0.3010299956639812,13.6433,0,Oceania,48,1,3
Wintu-Nomlaki,1.0,39.8637,-122.0822,United States of America,USA,Critically endangered,0.3010299956639812,1,0,1.0,0.3010299956639812,39.8637,1,North America,44,1,3
Yahgan,1.0,-55.0028,-67.4615,Chile,CHL,Critically endangered,0.3010299956639812,1,0,1.0,0.3010299956639812,55.0028,2,South America,2,1,3
Yarawi,1.0,-7.9001,147.6411,Papua New Guinea,PNG,Critically endangered,0.3010299956639812,1,0,1.0,0.3010299956639812,7.9001,0,Oceania,55,1,3
!Gan!ne,0.0,-31.3911,26.6748,South Africa,ZAF,Extinct,0.0,1,0,0.0,0.0,31.3911,1,Africa,5,1,3
Aasax,0.0,-5.1948,37.738,United Republic of Tanzania,TZA,Extinct,0.0,1,0,0.0,0.0,5.1948,0,Africa,16,1,3
Ahom,0.0,26.5393,92.5378,India,IND,Extinct,0.0,1,0,0.0,0.0,26.5393,1,Asia,129,1,3
Ainu (Kuril),0.0,46.8882,152.0068,Russian Federation,RUS,Extinct,0.0,1,0,0.0,0.0,46.8882,1,Asia,0,1,3
Ainu (Sakhalin),0.0,47.3983,142.2949,Russian Federation,RUS,Extinct,0.0,1,0,0.0,0.0,47.3983,1,Asia,6,1,3
Akkala Saami,0.0,67.5809,31.668,Russian Federation,RUS,Extinct,0.0,1,0,0.0,0.0,67.5809,2,Europe,6,1,3
Alderney French,0.0,49.7098,-2.2075,United Kingdom of Great Britain and Northern Ireland,GBR,Extinct,0.0,1,0,0.0,0.0,49.7098,1,Europe,13,1,3
Amanayé,0.0,-3.7327,-49.1088,Brazil,BRA,Extinct,0.0,1,0,0.0,0.0,3.7327,0,South America,18,1,3
Andoa (Ecuador),0.0,-2.3341,-76.5016,Ecuador,ECU,Extinct,0.0,1,0,0.0,0.0,2.3341,0,South America,50,1,3
Andro,0.0,24.8415,94.0539,India,IND,Extinct,0.0,1,0,0.0,0.0,24.8415,1,Asia,132,1,3
Antoniano,0.0,35.9717,-121.1757,United States of America,USA,Extinct,0.0,1,0,0.0,0.0,35.9717,1,North America,40,1,3
Aore,0.0,-15.5767,167.1638,Vanuatu,VUT,Extinct,0.0,1,0,0.0,0.0,15.5767,0,Oceania,50,1,3
Apolista,0.0,-14.4027,-68.6206,Bolivia (Plurinational State of),BOL,Extinct,0.0,1,0,0.0,0.0,14.4027,0,South America,37,1,3
Arapaho (Oklahoma),0.0,35.602,-97.9712,United States of America,USA,Extinct,0.0,1,0,0.0,0.0,35.602,1,North America,25,1,3
Arapáso,0.0,0.0,-66.0,Brazil,BRA,Extinct,0.0,1,0,0.0,0.0,0.0,0,South America,57,1,3
Aribwatsa,0.0,-6.6523,147.2291,Papua New Guinea,PNG,Extinct,0.0,1,0,0.0,0.0,6.6523,0,Oceania,59,1,3
Arin,0.0,56.2982,91.7468,Russian Federation,RUS,Extinct,0.0,1,0,0.0,0.0,56.2982,2,Asia,9,1,3
Arman,0.0,59.6732,150.1391,Russian Federation,RUS,Extinct,0.0,1,0,0.0,0.0,59.6732,2,Asia,1,1,3
Arta,0.0,16.4225,121.7042,Philippines,PHL,Extinct,0.0,1,0,0.0,0.0,16.4225,0,Asia,13,1,3
Atacameño,0.0,-22.7559,-68.247,"Argentina, Bolivia (Plurinational State of), Chile","ARG, BOL, CHL",Extinct,0.0,3,1,0.0,0.0,22.7559,0,South America,2,1,3
Atsugewi,0.0,40.8824,-122.6661,United States of America,USA,Extinct,0.0,1,0,0.0,0.0,40.8824,1,North America,41,1,3
Babuza,0.0,24.01,120.623,China,CHN,Extinct,0.0,1,0,0.0,0.0,24.01,1,Asia,26,1,3
Badala,0.0,-25.285,153.1054,Australia,AUS,Critically endangered,0.0,1,0,0.0,0.0,25.285,1,Oceania,2,1,3
Baga Kalem,0.0,10.4013,-14.3151,Guinea,GIN,Extinct,0.0,1,0,0.0,0.0,10.4013,0,Africa,26,1,3
Baga Mboteni,0.0,10.7415,-14.5513,Guinea,GIN,Critically endangered,0.0,1,0,0.0,0.0,10.7415,0,Africa,26,1,3
Barbareño,0.0,34.4227,-119.7039,United States of America,USA,Extinct,0.0,1,0,0.0,0.0,34.4227,1,North America,31,1,3
Barzani Jewish Neo-Aramaic (Iraq),0.0,36.2619,43.9892,Iraq,IRQ,Extinct,0.0,1,0,0.0,0.0,36.2619,1,Europe,14,1,3
Basay,0.0,25.1378,121.6543,China,CHN,Extinct,0.0,1,0,0.0,0.0,25.1378,1,Asia,26,1,3
Baygo,0.0,11.7436,24.6423,Sudan,SDN,Extinct,0.0,1,0,0.0,0.0,11.7436,0,Africa,18,1,3
Berakou,0.0,12.8492,15.032,Chad,TCD,Extinct,0.0,1,0,0.0,0.0,12.8492,0,Africa,30,1,3
Berti,0.0,14.6898,25.9524,Sudan,SDN,Extinct,0.0,1,0,0.0,0.0,14.6898,0,Africa,11,1,3
Bina,0.0,-10.2365,149.6063,Papua New Guinea,PNG,Extinct,0.0,1,0,0.0,0.0,10.2365,0,Oceania,26,1,3
Birgid,0.0,14.8598,25.0103,Sudan,SDN,Extinct,0.0,1,0,0.0,0.0,14.8598,0,Africa,6,1,3
Boro,0.0,8.6244,0.6262,"Ethiopia, Togo","ETH, TGO",Extinct,0.0,2,1,0.0,0.0,8.6244,0,Africa,7,1,3
Cacaopera,0.0,13.4109,-87.8741,Nicaragua,NIC,Extinct,0.0,1,0,0.0,0.0,13.4109,0,South America,47,1,3
Cape Khoekhoe,0.0,-34.4522,19.7314,South Africa,ZAF,Extinct,0.0,1,0,0.0,0.0,34.4522,1,Africa,3,1,3
Cappadocian Greek (Turkey),0.0,38.048,32.6953,Turkey,TUR,Extinct,0.0,1,0,0.0,0.0,38.048,1,Europe,4,1,3
Catawba,0.0,34.9361,-81.0272,United States of America,USA,Extinct,0.0,1,0,0.0,0.0,34.9361,1,North America,1,1,3
Cayuga (Oklahoma),0.0,36.6302,-94.6441,United States of America,USA,Extinct,0.0,1,0,0.0,0.0,36.6302,1,North America,25,1,3
Cayuse,0.0,44.9647,-118.5424,United States of America,USA,Extinct,0.0,1,0,0.0,0.0,44.9647,1,North America,26,1,3
Central Kalapuyan,0.0,43.8,-123.06,United States of America,USA,Extinct,0.0,1,0,0.0,0.0,43.8,1,North America,38,1,3
Chairel,0.0,24.976,94.2407,India,IND,Extinct,0.0,1,0,0.0,0.0,24.976,1,Asia,134,1,3
Cholon,0.0,-8.8633,-76.1791,Peru,PER,Extinct,0.0,1,0,0.0,0.0,8.8633,0,South America,33,1,3
Coptic,0.0,26.8915,29.0959,Egypt,EGY,Extinct,0.0,1,0,0.0,0.0,26.8915,1,Africa,2,1,3
Cowlitz,0.0,46.132,-122.8642,United States of America,USA,Extinct,0.0,1,0,0.0,0.0,46.132,1,North America,40,1,3
Culle,0.0,-8.1951,-78.294,Peru,PER,Extinct,0.0,1,0,0.0,0.0,8.1951,0,South America,18,1,3
Cuman,0.0,46.5815,19.6765,Hungary,HUN,Extinct,0.0,1,0,0.0,0.0,46.5815,1,Europe,18,1,3
Cupeño,0.0,33.364,-117.0756,United States of America,USA,Extinct,0.0,1,0,0.0,0.0,33.364,1,North America,36,1,3
Dalmatian,0.0,45.0599,14.5719,Croatia,HRV,Extinct,0.0,1,0,0.0,0.0,45.0599,1,Europe,25,1,3
Deti,0.0,-20.9614,24.461,Botswana,BWA,Extinct,0.0,1,0,0.0,0.0,20.9614,0,Africa,10,1,3
Dharug,0.0,-34.0344,150.9301,Australia,AUS,Critically endangered,0.0,1,0,0.0,0.0,34.0344,1,Oceania,5,1,3
Dhurga,0.0,-35.4964,150.249,Australia,AUS,Critically endangered,0.0,1,0,0.0,0.0,35.4964,1,Oceania,3,1,3
Dicamay Agta,0.0,16.6998,122.0167,Philippines,PHL,Extinct,0.0,1,0,0.0,0.0,16.6998,0,Asia,13,1,3
Dorasque,0.0,0.0,0.0,Panama,PAN,Extinct,0.0,1,0,0.0,0.0,0.0,0,Africa,2,1,3
Dororo,0.0,-8.2169,157.3901,Solomon Islands,SLB,Extinct,0.0,1,0,0.0,0.0,8.2169,0,Oceania,14,1,3
Duli,0.0,9.3813,13.5708,Cameroon,CMR,Extinct,0.0,1,0,0.0,0.0,9.3813,0,Africa,50,1,3
Dungidjau,0.0,-26.5885,152.2705,Australia,AUS,Extinct,0.0,1,0,0.0,0.0,26.5885,1,Oceania,4,1,3
Dura,0.0,28.2898,84.4519,Nepal,NPL,Extinct,0.0,1,0,0.0,0.0,28.2898,1,Asia,73,1,3
Eastern Abenaki,0.0,44.9423,-68.7328,United States of America,USA,Extinct,0.0,1,0,0.0,0.0,44.9423,1,North America,11,1,3
Eastern Kamchadal,0.0,56.511,161.0156,Russian Federation,RUS,Extinct,0.0,1,0,0.0,0.0,56.511,2,Asia,5,1,3
Eastern Pomo,0.0,39.0461,-122.9211,United States of America,USA,Extinct,0.0,1,0,0.0,0.0,39.0461,1,North America,42,1,3
Eel River Athabaskan,0.0,40.188,-123.6477,United States of America,USA,Extinct,0.0,1,0,0.0,0.0,40.188,1,North America,36,1,3
Eliri,0.0,4.5706,30.858,Sudan,SDN,Severely endangered,0.0,1,0,0.0,0.0,4.5706,0,Africa,20,1,2
Elmolo,0.0,2.7212,36.7326,Kenya,KEN,Extinct,0.0,1,0,0.0,0.0,2.7212,0,Africa,29,1,3
Eotile,0.0,5.2495,-3.3233,Côte d'Ivoire,CIV,Extinct,0.0,1,0,0.0,0.0,5.2495,0,Africa,6,1,3
Eyak,0.0,60.2165,-143.3935,United States of America,USA,Extinct,0.0,1,0,0.0,0.0,60.2165,2,North America,9,1,3
Gaagudju,0.0,-12.2755,132.6379,Australia,AUS,Extinct,0.0,1,0,0.0,0.0,12.2755,0,Oceania,31,1,3
Gafat,0.0,10.6768,35.8264,Ethiopia,ETH,Extinct,0.0,1,0,0.0,0.0,10.6768,0,Africa,22,1,3
Garífuna (Nicaragua),0.0,12.5666,-83.7166,Nicaragua,NIC,Critically endangered,0.0,1,0,0.0,0.0,12.5666,0,South America,29,1,3
Ge'ez,0.0,8.9936,38.7597,Ethiopia,ETH,Extinct,0.0,1,0,0.0,0.0,8.9936,0,Africa,25,1,3
Getmata,0.0,-5.8346,149.0405,Papua New Guinea,PNG,Extinct,0.0,1,0,0.0,0.0,5.8346,0,Oceania,61,1,3
Gey,0.0,9.384,13.5296,Cameroon,CMR,Extinct,0.0,1,0,0.0,0.0,9.384,0,Africa,50,1,3
Gothic,0.0,44.653,33.8598,Ukraine,UKR,Extinct,0.0,1,0,0.0,0.0,44.653,1,Europe,14,1,3
Guanche,0.0,27.9264,-15.6774,Spain,ESP,Extinct,0.0,1,0,0.0,0.0,27.9264,1,Africa,0,1,3
Gule,0.0,10.0986,34.1235,Sudan,SDN,Extinct,0.0,1,0,0.0,0.0,10.0986,0,Africa,44,1,3
Guliguli,0.0,-8.2114,157.4615,Solomon Islands,SLB,Extinct,0.0,1,0,0.0,0.0,8.2114,0,Oceania,14,1,3
Gününa Küne,0.0,-43.4848,-68.1591,Argentina,ARG,Extinct,0.0,1,0,0.0,0.0,43.4848,1,South America,1,1,3
Gyasumdo,0.0,28.5969,84.2253,Nepal,NPL,Definitely endangered,0.0,1,0,0.0,0.0,28.5969,1,Asia,73,1,2
Hanis,0.0,43.406,-124.2402,United States of America,USA,Extinct,0.0,1,0,0.0,0.0,43.406,1,North America,37,1,3
Hoanya,0.0,23.5665,120.3826,China,CHN,Extinct,0.0,1,0,0.0,0.0,23.5665,1,Asia,25,1,3
Homa,0.0,5.5011,27.3779,Sudan,SDN,Extinct,0.0,1,0,0.0,0.0,5.5011,0,Africa,20,1,3
Horo,0.0,9.239,18.3444,Chad,TCD,Extinct,0.0,1,0,0.0,0.0,9.239,0,Africa,29,1,3
Hpun,0.0,24.65,97.0666,Myanmar,MMR,Extinct,0.0,1,0,0.0,0.0,24.65,1,Asia,110,1,3
Huitoto (Brazil),0.0,-2.3723,-66.0937,Brazil,BRA,Extinct,0.0,1,0,0.0,0.0,2.3723,0,South America,39,1,3
Hukumina,0.0,-3.1514,126.2713,Indonesia,IDN,Extinct,0.0,1,0,0.0,0.0,3.1514,0,Oceania,33,1,3
Huron-Wyandot (United States of America),0.0,36.7923,-94.7229,United States of America,USA,Extinct,0.0,1,0,0.0,0.0,36.7923,1,North America,25,1,3
Ifo,0.0,-18.6605,169.1434,Vanuatu,VUT,Extinct,0.0,1,0,0.0,0.0,18.6605,0,Oceania,44,1,3
Ineseño,0.0,34.5942,-120.1371,United States of America,USA,Extinct,0.0,1,0,0.0,0.0,34.5942,1,North America,30,1,3
Island Carib,0.0,15.4325,-61.2817,Dominica,DMA,Extinct,0.0,1,0,0.0,0.0,15.4325,0,North America,0,1,3
Island Chumash,0.0,34.3821,-119.4574,United States of America,USA,Extinct,0.0,1,0,0.0,0.0,34.3821,1,North America,32,1,3
Jorá,0.0,-14.0246,-63.3581,Bolivia (Plurinational State of),BOL,Critically endangered,0.0,1,0,0.0,0.0,14.0246,0,South America,50,1,3
Judeo-Berber (Morocco),0.0,30.822,-6.8005,Morocco,MAR,Extinct,0.0,1,0,0.0,0.0,30.822,1,Africa,5,1,3
Kamas,0.0,57.9964,92.8784,Russian Federation,RUS,Extinct,0.0,1,0,0.0,0.0,57.9964,2,Asia,9,1,3
Kamas Turk,0.0,58.109,92.7101,Russian Federation,RUS,Extinct,0.0,1,0,0.0,0.0,58.109,2,Asia,8,1,3
Kaniet,0.0,-0.898,145.5441,Papua New Guinea,PNG,Extinct,0.0,1,0,0.0,0.0,0.898,0,Oceania,30,1,3
Kansa,0.0,36.7657,-96.8652,United States of America,USA,Extinct,0.0,1,0,0.0,0.0,36.7657,1,North America,25,1,3
Karaim (Crimea),0.0,45.058,33.9477,Ukraine,UKR,Extinct,0.0,1,0,0.0,0.0,45.058,1,Europe,13,1,3
Karami,0.0,-7.1335,143.8659,Papua New Guinea,PNG,Extinct,0.0,1,0,0.0,0.0,7.1335,0,Oceania,66,1,3
Karelian (Valday),0.0,58.0284,33.3215,Russian Federation,RUS,Extinct,0.0,1,0,0.0,0.0,58.0284,2,Europe,9,1,3
Katabaga,0.0,13.4366,122.5569,Philippines,PHL,Extinct,0.0,1,0,0.0,0.0,13.4366,0,Asia,11,1,3
Kato,0.0,39.677,-123.4944,United States of America,USA,Extinct,0.0,1,0,0.0,0.0,39.677,1,North America,37,1,3
Kayeli,0.0,-3.39,127.1008,Indonesia,IDN,Extinct,0.0,1,0,0.0,0.0,3.39,0,Oceania,29,1,3
Kazukuru,0.0,-8.1598,157.4629,Solomon Islands,SLB,Extinct,0.0,1,0,0.0,0.0,8.1598,0,Oceania,14,1,3
Kede,0.0,-17.1617,16.1059,Angola,ANG,Extinct,0.0,1,0,0.0,0.0,17.1617,0,Africa,2,1,3
Kemi Saami,0.0,67.0631,27.6635,Finland,FIN,Extinct,0.0,1,0,0.0,0.0,67.0631,2,Europe,9,1,3
Kenaboi,0.0,3.1129,102.0322,Malaysia,MYS,Extinct,0.0,1,0,0.0,0.0,3.1129,0,Asia,20,1,3
Kerek,0.0,62.5996,176.9183,Russian Federation,RUS,Extinct,0.0,1,0,0.0,0.0,62.5996,2,Asia,2,1,3
Ketangalan,0.0,25.0433,121.4813,China,CHN,Extinct,0.0,1,0,0.0,0.0,25.0433,1,Asia,26,1,3
Khaccaḍ Bhoṭe,0.0,28.1113,85.3674,Nepal,NPL,Definitely endangered,0.0,1,0,0.0,0.0,28.1113,1,Asia,75,1,2
Kilit,0.0,38.9455,46.0989,Azerbaijan,AZE,Extinct,0.0,1,0,0.0,0.0,38.9455,1,Asia,52,1,3
Kinare,0.0,-0.725,37.2436,Kenya,KEN,Extinct,0.0,1,0,0.0,0.0,0.725,0,Africa,19,1,3
Klamath-Modoc,0.0,42.5767,-121.8637,United States of America,USA,Extinct,0.0,1,0,0.0,0.0,42.5767,1,North America,45,1,3
Konomihu,0.0,41.2583,-123.3216,United States of America,USA,Extinct,0.0,1,0,0.0,0.0,41.2583,1,North America,41,1,3
Kore,0.0,-2.2845,40.9185,Kenya,KEN,Extinct,0.0,1,0,0.0,0.0,2.2845,0,Africa,11,1,3
Kott,0.0,56.3013,94.5318,Russian Federation,RUS,Extinct,0.0,1,0,0.0,0.0,56.3013,2,Asia,8,1,3
Krenjê,0.0,-2.5644,-46.6589,Brazil,BRA,Extinct,0.0,1,0,0.0,0.0,2.5644,0,South America,13,1,3
Krevin,0.0,56.35,24.2907,Latvia,LVA,Extinct,0.0,1,0,0.0,0.0,56.35,2,Europe,13,1,3
Kulun,0.0,24.9823,121.3591,China,CHN,Extinct,0.0,1,0,0.0,0.0,24.9823,1,Asia,26,1,3
Kurtjar,0.0,-18.0623,140.4052,Australia,AUS,Extinct,0.0,1,0,0.0,0.0,18.0623,0,Oceania,12,1,3
Kw'adza,0.0,-5.3753,35.8621,United Republic of Tanzania,TZA,Extinct,0.0,1,0,0.0,0.0,5.3753,0,Africa,14,1,3
Kwadi,0.0,-15.2523,12.2277,Angola,ANG,Extinct,0.0,1,0,0.0,0.0,15.2523,0,Africa,2,1,3
Kwisi,0.0,-16.7309,13.0572,Angola,ANG,Extinct,0.0,1,0,0.0,0.0,16.7309,0,Africa,2,1,3
Kyakala,0.0,45.3819,128.7597,China,CHN,Extinct,0.0,1,0,0.0,0.0,45.3819,1,Asia,7,1,3
Laghu,0.0,-7.6157,158.7359,Solomon Islands,SLB,Extinct,0.0,1,0,0.0,0.0,7.6157,0,Oceania,14,1,3
Langthang Tibetan,0.0,28.21,85.5697,Nepal,NPL,Definitely endangered,0.0,1,0,0.0,0.0,28.21,1,Asia,77,1,2
Lenca,0.0,13.6459,-87.0996,"El Salvador, Honduras","SLV, HND",Extinct,0.0,2,1,0.0,0.0,13.6459,0,South America,40,1,3
Li-Ngbee,0.0,2.4931,28.059,Democratic Republic of the Congo,ZAI,Extinct,0.0,1,0,0.0,0.0,2.4931,0,Africa,12,1,3
Liliali,0.0,-3.39,127.1008,Indonesia,IDN,Extinct,0.0,1,0,0.0,0.0,3.39,0,Oceania,29,1,3
Lipan,0.0,33.1513,-105.799,United States of America,USA,Extinct,0.0,1,0,0.0,0.0,33.1513,1,North America,15,1,3
Lishan Didan (Iran),0.0,37.9615,44.6044,Iran (Islamic Republic of),IRN,Extinct,0.0,1,0,0.0,0.0,37.9615,1,Europe,32,1,3
Lishana Deni (Iraq),0.0,36.9279,42.5115,Iraq,IRQ,Extinct,0.0,1,0,0.0,0.0,36.9279,1,Europe,14,1,3
Lishanid Noshan (Iraq),0.0,36.1777,44.165,Iraq,IRQ,Extinct,0.0,1,0,0.0,0.0,36.1777,1,Europe,15,1,3
Loke Tibetan,0.0,28.82,83.7721,Nepal,NPL,Definitely endangered,0.0,1,0,0.0,0.0,28.82,1,Asia,75,1,2
Lorkoti,0.0,-0.4943,37.359,Kenya,KEN,Extinct,0.0,1,0,0.0,0.0,0.4943,0,Africa,17,1,3
Lower Chehalis,0.0,46.3227,-123.9724,United States of America,USA,Extinct,0.0,1,0,0.0,0.0,46.3227,1,North America,36,1,3
Mahigi,0.0,-7.6688,143.0227,Papua New Guinea,PNG,Extinct,0.0,1,0,0.0,0.0,7.6688,0,Oceania,63,1,3
Máku,0.0,4.0615,-61.831,Brazil,BRA,Extinct,0.0,1,0,0.0,0.0,4.0615,0,South America,31,1,3
Malin,0.0,24.57,94.56,Myanmar,MMR,Extinct,0.0,1,0,0.0,0.0,24.57,1,Asia,128,1,3
Mapia,0.0,0.8321,134.3023,Indonesia,IDN,Extinct,0.0,1,0,0.0,0.0,0.8321,0,Asia,22,1,3
Maragus,0.0,-16.0405,167.2778,Vanuatu,VUT,Extinct,0.0,1,0,0.0,0.0,16.0405,0,Oceania,49,1,3
Marrgu,0.0,-11.3292,132.0227,Australia,AUS,Extinct,0.0,1,0,0.0,0.0,11.3292,0,Oceania,30,1,3
Matagalpa,0.0,12.9517,-85.4381,Nicaragua,NIC,Extinct,0.0,1,0,0.0,0.0,12.9517,0,South America,31,1,3
Mator,0.0,54.0593,95.4492,Russian Federation,RUS,Extinct,0.0,1,0,0.0,0.0,54.0593,1,Asia,9,1,3
Mattole,0.0,39.1375,-123.6931,United States of America,USA,Extinct,0.0,1,0,0.0,0.0,39.1375,1,North America,38,1,3
Miami-Illinois,0.0,36.8866,-94.8775,United States of America,USA,Extinct,0.0,1,0,0.0,0.0,36.8866,1,North America,25,1,3
Migueleño,0.0,35.7587,-120.6951,United States of America,USA,Extinct,0.0,1,0,0.0,0.0,35.7587,1,North America,39,1,3
Miraña (Brazil),0.0,-2.021,-65.6982,Brazil,BRA,Critically endangered,0.0,1,0,0.0,0.0,2.021,0,South America,35,1,3
Mirití Tapuia,0.0,0.3076,-69.1699,Brazil,BRA,Critically endangered,0.0,1,0,0.0,0.0,0.3076,0,South America,70,1,3
Mlahso (Syria),0.0,37.0542,41.2363,Syrian Arab Republic,SYR,Extinct,0.0,1,0,0.0,0.0,37.0542,1,Europe,15,1,3
Mlahso (Turkey),0.0,38.4595,40.6507,Turkey,TUR,Extinct,0.0,1,0,0.0,0.0,38.4595,1,Europe,15,1,3
Mo-peng,0.0,7.4714,-12.2607,Sierra Leone,SLE,Extinct,0.0,1,0,0.0,0.0,7.4714,0,Africa,10,1,3
Mochica,0.0,-7.079,-79.6453,Peru,PER,Extinct,0.0,1,0,0.0,0.0,7.079,0,South America,16,1,3
Moksela,0.0,-3.4654,127.1694,Indonesia,IDN,Extinct,0.0,1,0,0.0,0.0,3.4654,0,Oceania,29,1,3
Molala,0.0,44.8636,-122.4645,United States of America,USA,Extinct,0.0,1,0,0.0,0.0,44.8636,1,North America,40,1,3
Mozarabic,0.0,37.4574,-3.988,Spain,ESP,Extinct,0.0,1,0,0.0,0.0,37.4574,1,Europe,8,1,3
Mulaha,0.0,-9.7002,147.4351,Papua New Guinea,PNG,Extinct,0.0,1,0,0.0,0.0,9.7002,0,Oceania,42,1,3
Múra,0.0,-3.3598,-59.2382,Brazil,BRA,Extinct,0.0,1,0,0.0,0.0,3.3598,0,South America,8,1,3
Nagumi,0.0,8.6814,13.1835,Cameroon,CMR,Extinct,0.0,1,0,0.0,0.0,8.6814,0,Africa,50,1,3
Naka'ela,0.0,-2.847,128.5208,Indonesia,IDN,Extinct,0.0,1,0,0.0,0.0,2.847,0,Oceania,38,1,3
Napore,0.0,3.8478,33.9147,Uganda,UGA,Extinct,0.0,1,0,0.0,0.0,3.8478,0,Africa,27,1,3
Natchez,0.0,31.5544,-91.3875,United States of America,USA,Extinct,0.0,1,0,0.0,0.0,31.5544,1,North America,7,1,3
New River Shasta,0.0,45.2835,-121.7134,United States of America,USA,Extinct,0.0,1,0,0.0,0.0,45.2835,1,North America,39,1,3
Ngarla,0.0,-20.5916,119.0917,Australia,AUS,Extinct,0.0,1,0,0.0,0.0,20.5916,0,Oceania,8,1,3
Ngong,0.0,9.0044,13.5104,Cameroon,CMR,Extinct,0.0,1,0,0.0,0.0,9.0044,0,Africa,50,1,3
Nila (Nila Island),0.0,-6.7331,129.5288,Indonesia,IDN,Extinct,0.0,1,0,0.0,0.0,6.7331,0,Oceania,31,1,3
Nisenan,0.0,38.7654,-121.0064,United States of America,USA,Extinct,0.0,1,0,0.0,0.0,38.7654,1,North America,46,1,3
Nooksack,0.0,49.0378,-122.4865,United States of America,USA,Extinct,0.0,1,0,0.0,0.0,49.0378,1,North America,33,1,3
Norn,0.0,60.3051,-1.2744,United Kingdom of Great Britain and Northern Ireland,GBR,Extinct,0.0,1,0,0.0,0.0,60.3051,2,Europe,3,1,3
Northeastern Pomo,0.0,39.3774,-122.5454,United States of America,USA,Extinct,0.0,1,0,0.0,0.0,39.3774,1,North America,42,1,3
Nukiní,0.0,-7.4931,-73.4765,Brazil,BRA,Extinct,0.0,1,0,0.0,0.0,7.4931,0,South America,43,1,3
Nupbikha,0.0,27.3937,90.5003,Bhutan,BTN,Vulnerable,0.0,1,0,0.0,0.0,27.3937,1,Asia,149,0,1
Nyang'i,0.0,3.5024,33.3764,Uganda,UGA,Extinct,0.0,1,0,0.0,0.0,3.5024,0,Africa,26,1,3
Obispeño,0.0,35.2692,-120.6707,United States of America,USA,Extinct,0.0,1,0,0.0,0.0,35.2692,1,North America,37,1,3
Odut,0.0,5.3077,8.2672,Nigeria,NGA,Extinct,0.0,1,0,0.0,0.0,5.3077,0,Africa,36,1,3
Old Prussian,0.0,54.8987,20.4895,Russian Federation,RUS,Extinct,0.0,1,0,0.0,0.0,54.8987,1,Europe,12,1,3
Old Sirenik,0.0,64.4194,-173.9657,Russian Federation,RUS,Extinct,0.0,1,0,0.0,0.0,64.4194,2,Other,7,1,3
Omagua (Brazil),0.0,-3.5572,-64.5117,Brazil,BRA,Critically endangered,0.0,1,0,0.0,0.0,3.5572,0,South America,18,1,3
Ona,0.0,-54.6229,-67.4121,Argentina,ARG,Extinct,0.0,1,0,0.0,0.0,54.6229,1,South America,2,1,3
Ongkor Solon,0.0,46.7774,83.0456,China,CHN,Extinct,0.0,1,0,0.0,0.0,46.7774,1,Asia,4,1,3
Opon-Carare,0.0,6.206,-73.7402,Colombia,COL,Extinct,0.0,1,0,0.0,0.0,6.206,0,South America,19,1,3
Orang Kanaq,0.0,1.8858,103.9814,Malaysia,MYS,Extinct,0.0,1,0,0.0,0.0,1.8858,0,Asia,17,1,3
Palumata,0.0,-3.1569,126.0516,Indonesia,IDN,Extinct,0.0,1,0,0.0,0.0,3.1569,0,Oceania,33,1,3
Panobo,0.0,-6.97,-74.9267,Peru,PER,Extinct,0.0,1,0,0.0,0.0,6.97,0,South America,37,1,3
Papora,0.0,24.2006,120.6037,China,CHN,Extinct,0.0,1,0,0.0,0.0,24.2006,1,Asia,26,1,3
Pentlatch,0.0,49.6971,-125.0033,Canada,CAN,Extinct,0.0,1,0,0.0,0.0,49.6971,1,North America,27,1,3
Phalok,0.0,18.9582,98.789,Thailand,THA,Extinct,0.0,1,0,0.0,0.0,18.9582,0,Asia,37,1,3
Pijao,0.0,3.9519,-75.0146,Colombia,COL,Extinct,0.0,1,0,0.0,0.0,3.9519,0,South America,22,1,3
Piru,0.0,-3.05,128.1747,Indonesia,IDN,Extinct,0.0,1,0,0.0,0.0,3.05,0,Oceania,36,1,3
Polabian,0.0,53.094,11.3461,Germany,DEU,Extinct,0.0,1,0,0.0,0.0,53.094,1,Europe,16,1,3
Pumpokol,0.0,58.6397,87.517,Russian Federation,RUS,Extinct,0.0,1,0,0.0,0.0,58.6397,2,Asia,9,1,3
Purisimeño,0.0,34.6608,-120.4711,United States of America,USA,Extinct,0.0,1,0,0.0,0.0,34.6608,1,North America,30,1,3
Pyu,0.0,18.9424,94.8751,Myanmar,MMR,Extinct,0.0,1,0,0.0,0.0,18.9424,0,Asia,13,1,3
Quapaw,0.0,36.9494,-94.7877,United States of America,USA,Extinct,0.0,1,0,0.0,0.0,36.9494,1,North America,25,1,3
Quileute,0.0,47.9083,-124.6365,United States of America,USA,Extinct,0.0,1,0,0.0,0.0,47.9083,1,North America,32,1,3
Qwarenya,0.0,9.9207,38.3828,Ethiopia,ETH,Extinct,0.0,1,0,0.0,0.0,9.9207,0,Africa,26,1,3
Rangkas,0.0,30.0358,80.1342,India,IND,Extinct,0.0,1,0,0.0,0.0,30.0358,1,Asia,53,1,3
Sanhaja of Srair,0.0,34.8318,-4.9658,Morocco,MAR,Critically endangered,0.0,1,0,0.0,0.0,34.8318,1,Africa,9,1,3
Sei,0.0,7.5857,-12.5354,Sierra Leone,SLE,Extinct,0.0,1,0,0.0,0.0,7.5857,0,Africa,10,1,3
Sened,0.0,35.5858,10.8984,Tunisia,TUN,Extinct,0.0,1,0,0.0,0.0,35.5858,1,Europe,6,1,3
Sengmai,0.0,24.6445,94.0567,India,IND,Extinct,0.0,1,0,0.0,0.0,24.6445,1,Asia,131,1,3
Serrano,0.0,34.1212,-117.2221,United States of America,USA,Extinct,0.0,1,0,0.0,0.0,34.1212,1,North America,37,1,3
Seru,0.0,1.9195,111.2049,Malaysia,MYS,Extinct,0.0,1,0,0.0,0.0,1.9195,0,Asia,4,1,3
Seward Peninsula Inupiaq (Big Diomede Island),0.0,65.7853,-169.0686,Russian Federation,RUS,Extinct,0.0,1,0,0.0,0.0,65.7853,2,North America,8,1,3
Singa,0.0,-0.1373,33.695,Uganda,UGA,Extinct,0.0,1,0,0.0,0.0,0.1373,0,Africa,14,1,3
Siraiya,0.0,23.0013,120.3634,China,CHN,Extinct,0.0,1,0,0.0,0.0,23.0013,0,Asia,25,1,3
Sishee,0.0,-21.7193,165.6738,New Caledonia (France),NCL,Extinct,0.0,1,0,0.0,0.0,21.7193,0,Oceania,20,1,3
Siuslaw,0.0,43.3773,-124.2371,United States of America,USA,Extinct,0.0,1,0,0.0,0.0,43.3773,1,North America,37,1,3
Slovincian,0.0,54.6484,17.2485,Poland,POL,Extinct,0.0,1,0,0.0,0.0,54.6484,1,Europe,11,1,3
Southeastern Pomo,0.0,39.016,-122.6779,United States of America,USA,Extinct,0.0,1,0,0.0,0.0,39.016,1,North America,39,1,3
Southern Kamchadal,0.0,52.6963,156.7089,Russian Federation,RUS,Extinct,0.0,1,0,0.0,0.0,52.6963,1,Asia,2,1,3
Southern Khanty,0.0,60.4301,69.9829,Russian Federation,RUS,Extinct,0.0,1,0,0.0,0.0,60.4301,2,Asia,7,1,3
Southern Mansi,0.0,58.4362,65.5664,Russian Federation,RUS,Extinct,0.0,1,0,0.0,0.0,58.4362,2,Asia,5,1,3
Soyot,0.0,52.0406,101.0659,Russian Federation,RUS,Extinct,0.0,1,0,0.0,0.0,52.0406,1,Asia,6,1,3
Subtiaba,0.0,12.5266,-86.667,Nicaragua,NIC,Extinct,0.0,1,0,0.0,0.0,12.5266,0,South America,29,1,3
Taman,0.0,25.1651,95.2514,Myanmar,MMR,Extinct,0.0,1,0,0.0,0.0,25.1651,1,Asia,132,1,3
Tandia,0.0,-2.8552,134.522,Indonesia,IDN,Extinct,0.0,1,0,0.0,0.0,2.8552,0,Oceania,45,1,3
Taokas,0.0,24.4471,120.7232,China,CHN,Extinct,0.0,1,0,0.0,0.0,24.4471,1,Asia,26,1,3
Te'un (Te'un Island),0.0,-6.9809,129.1394,Indonesia,IDN,Extinct,0.0,1,0,0.0,0.0,6.9809,0,Oceania,31,1,3
Tetete,0.0,-0.0109,-76.5966,Ecuador,ECU,Extinct,0.0,1,0,0.0,0.0,0.0109,0,South America,43,1,3
Tillamook,0.0,45.3449,-123.5309,United States of America,USA,Extinct,0.0,1,0,0.0,0.0,45.3449,1,North America,36,1,3
Togoyo,0.0,8.5049,24.7961,Sudan,SDN,Extinct,0.0,1,0,0.0,0.0,8.5049,0,Africa,16,1,3
Tonjon,0.0,8.4397,-4.3807,Côte d'Ivoire,CIV,Extinct,0.0,1,0,0.0,0.0,8.4397,0,Africa,6,1,3
Torá,0.0,-6.6646,-61.4135,Brazil,BRA,Extinct,0.0,1,0,0.0,0.0,6.6646,0,South America,19,1,3
Tsetsaut,0.0,55.936,-129.9911,Canada,CAN,Extinct,0.0,1,0,0.0,0.0,55.936,2,North America,12,1,3
Tunica,0.0,31.1262,-92.0673,United States of America,USA,Extinct,0.0,1,0,0.0,0.0,31.1262,1,North America,7,1,3
Tututni,0.0,42.5756,-124.0688,United States of America,USA,Extinct,0.0,1,0,0.0,0.0,42.5756,1,North America,40,1,3
Twana,0.0,47.3344,-123.1607,United States of America,USA,Extinct,0.0,1,0,0.0,0.0,47.3344,1,North America,37,1,3
Ubykh (Caucasus),0.0,43.5585,39.8597,Russian Federation,RUS,Extinct,0.0,1,0,0.0,0.0,43.5585,1,Europe,23,1,3
Ubykh (Turkey),0.0,40.0402,28.0096,Turkey,TUR,Extinct,0.0,1,0,0.0,0.0,40.0402,1,Europe,9,1,3
Umutina,0.0,-15.0425,-57.1026,Brazil,BRA,Extinct,0.0,1,0,0.0,0.0,15.0425,0,South America,22,1,3
Upper Chehalis,0.0,46.4111,-122.9949,United States of America,USA,Extinct,0.0,1,0,0.0,0.0,46.4111,1,North America,37,1,3
Upper Umpqua,0.0,43.4476,-123.77,United States of America,USA,Extinct,0.0,1,0,0.0,0.0,43.4476,1,North America,38,1,3
Uruava,0.0,-5.9821,155.3137,Papua New Guinea,PNG,Extinct,0.0,1,0,0.0,0.0,5.9821,0,Oceania,14,1,3
Urupá,0.0,-10.898,-61.809,Brazil,BRA,Extinct,0.0,1,0,0.0,0.0,10.898,0,South America,48,1,3
Ventureño,0.0,34.2809,-119.2979,United States of America,USA,Extinct,0.0,1,0,0.0,0.0,34.2809,1,North America,33,1,3
Vilela,0.0,-26.9808,-59.6777,Argentina,ARG,Extinct,0.0,1,0,0.0,0.0,26.9808,1,South America,11,1,3
Wanai,0.0,7.1117,-66.7199,Venezuela (Bolivarian Republic of),VEN,Critically endangered,0.0,1,0,0.0,0.0,7.1117,0,South America,21,1,3
Wangkumara,0.0,-27.2064,142.4597,Australia,AUS,Critically endangered,0.0,1,0,0.0,0.0,27.2064,1,Oceania,2,1,3
Wappo,0.0,38.8701,-122.5154,United States of America,USA,Extinct,0.0,1,0,0.0,0.0,38.8701,1,North America,39,1,3
Western Mansi,0.0,61.1432,62.4023,Russian Federation,RUS,Extinct,0.0,1,0,0.0,0.0,61.1432,2,Asia,7,1,3
Wiyot,0.0,40.5984,-124.2519,United States of America,USA,Extinct,0.0,1,0,0.0,0.0,40.5984,1,North America,36,1,3
Xakriabá,0.0,-14.5306,-44.0438,Brazil,BRA,Extinct,0.0,1,0,0.0,0.0,14.5306,0,South America,2,1,3
Yaaku,0.0,0.4394,37.1777,Kenya,KEN,Extinct,0.0,1,0,0.0,0.0,0.4394,0,Africa,16,1,3
Yameo,0.0,-4.4449,-73.5644,Peru,PER,Extinct,0.0,1,0,0.0,0.0,4.4449,0,South America,49,1,3
Yir Yoront,0.0,-16.3095,141.4489,Australia,AUS,Extinct,0.0,1,0,0.0,0.0,16.3095,0,Oceania,17,1,3
Yoba,0.0,-10.0337,149.2272,Papua New Guinea,PNG,Extinct,0.0,1,0,0.0,0.0,10.0337,0,Oceania,33,1,3
Yola,0.0,52.2266,-6.4846,Ireland,IRL,Extinct,0.0,1,0,0.0,0.0,52.2266,1,Europe,10,1,3
Yug,0.0,61.0901,88.1982,Russian Federation,RUS,Extinct,0.0,1,0,0.0,0.0,61.0901,2,Asia,7,1,3
Yuki,0.0,37.4336,-118.5908,United States of America,USA,Extinct,0.0,1,0,0.0,0.0,37.4336,1,North America,43,1,3
Yurats,0.0,69.2872,81.914,Russian Federation,RUS,Extinct,0.0,1,0,0.0,0.0,69.2872,2,Asia,3,1,3
Yurutí (Brazil),0.0,-0.1318,-69.1699,Brazil,BRA,Extinct,0.0,1,0,0.0,0.0,0.1318,0,South America,69,1,3
Zeem,0.0,9.8389,9.0911,Nigeria,NGA,Extinct,0.0,1,0,0.0,0.0,9.8389,0,Africa,39,1,3
|'Auni,0.0,-26.0105,20.363,South Africa,ZAF,Extinct,0.0,1,0,0.0,0.0,26.0105,1,Africa,6,1,3
|Xam,0.0,-32.2853,20.759,South Africa,ZAF,Extinct,0.0,1,0,0.0,0.0,32.2853,1,Africa,5,1,3
ǁKu ǁ'e,0.0,-29.9739,27.0812,South Africa,ZAF,Extinct,0.0,1,0,0.0,0.0,29.9739,1,Africa,6,1,3
ǁKx'au,0.0,-32.2896,21.7968,South Africa,ZAF,Extinct,0.0,1,0,0.0,0.0,32.2896,1,Africa,7,1,3
ǁXegwi,0.0,-25.35,30.99,South Africa,ZAF,Extinct,0.0,1,0,0.0,0.0,25.35,1,Africa,1,1,3
A'tong,641.0,25.2844,91.1755,India,IND,Severely endangered,2.807535028068853,1,0,641.0,2.807535028068853,25.2844,1,Asia,134,1,2
Aché,3651.0,-25.6613,-55.6787,Paraguay,PRY,Definitely endangered,3.562530768862261,1,0,3651.0,3.562530768862261,25.6613,1,South America,16,1,2
Akie,25.0,-4.7735,37.3315,United Republic of Tanzania,TZA,Critically endangered,1.414973347970818,1,0,25.0,1.414973347970818,4.7735,0,Africa,18,1,3
Akuriyo,25.0,2.8442,-55.7556,Suriname,SUR,Critically endangered,1.414973347970818,1,0,25.0,1.414973347970818,2.8442,0,South America,28,1,3
Alemannic,6191.0,47.2792,7.6904,"Germany, Austria, France, Italy, Liechtenstein, Switzerland","DEU, AUT, FRA, ITA, LIE, CHE",Vulnerable,3.791830947674836,6,1,1031.8333333333333,3.014030245766035,47.2792,1,Europe,30,0,1
Amami,3651.0,28.3672,129.4958,Japan,JPN,Definitely endangered,3.562530768862261,1,0,3651.0,3.562530768862261,28.3672,1,Asia,2,1,2
Amok,25.0,21.361,100.6457,"China, Lao People's Democratic Republic, Myanmar, Thailand","CHN, LAO, MMR, THA",Critically endangered,1.414973347970818,4,1,6.25,0.8603380065709937,21.361,0,Asia,62,1,3
Angku,25.0,21.4888,100.8325,Myanmar,MMR,Critically endangered,1.414973347970818,1,0,25.0,1.414973347970818,21.4888,0,Asia,67,1,3
Auvergnat,641.0,45.1278,3.1311,France,FRA,Severely endangered,2.807535028068853,1,0,641.0,2.807535028068853,45.1278,1,Europe,19,1,2
Balti,6191.0,35.0659,76.1901,"India, Pakistan","IND, PAK",Vulnerable,3.791830947674836,2,1,3095.5,3.49087108434559,35.0659,1,Asia,57,0,1
Baraba Tatar,641.0,55.2478,77.893,Russian Federation,RUS,Severely endangered,2.807535028068853,1,0,641.0,2.807535028068853,55.2478,2,Asia,1,1,2
Baré (Venezuela),25.0,1.428,-66.9287,Venezuela (Bolivarian Republic of),VEN,Critically endangered,1.414973347970818,1,0,25.0,1.414973347970818,1.428,0,South America,69,1,3
Bavarian,6191.0,48.4146,12.6123,"Germany, Austria, Hungary, Italy, Switzerland, Czech Republic","DEU, AUT, HUN, ITA, CHE, CZE",Vulnerable,3.791830947674836,6,1,1031.8333333333333,3.014030245766035,48.4146,1,Europe,25,0,1
Bay Islands Creole,25.0,16.3297,-86.5299,Honduras,HND,Critically endangered,1.414973347970818,1,0,25.0,1.414973347970818,16.3297,0,North America,32,1,3
Bellari,25.0,11.6952,76.4648,India,IND,Critically endangered,1.414973347970818,1,0,25.0,1.414973347970818,11.6952,0,Asia,11,1,3
Berbice Dutch Creole,25.0,5.3918,-57.777,Guyana,GUY,Critically endangered,1.414973347970818,1,0,25.0,1.414973347970818,5.3918,0,South America,25,1,3
Bhalesi,3651.0,33.3947,76.1352,India,IND,Definitely endangered,3.562530768862261,1,0,3651.0,3.562530768862261,33.3947,1,Asia,54,1,2
Brao,641.0,14.1177,106.7644,"Cambodia, Lao People's Democratic Republic, Viet Nam","KHM, LAO, VNM",Severely endangered,2.807535028068853,3,1,213.66666666666666,2.3317646126401494,14.1177,0,Asia,35,1,2
Bungee,25.0,50.0667,-96.9763,Canada,CAN,Critically endangered,1.414973347970818,1,0,25.0,1.414973347970818,50.0667,1,North America,9,1,3
Burgundian,641.0,47.2344,4.2517,France,FRA,Severely endangered,2.807535028068853,1,0,641.0,2.807535028068853,47.2344,1,Europe,25,1,2
Cabiyarí,25.0,0.1208,-71.1474,Colombia,COL,Critically endangered,1.414973347970818,1,0,25.0,1.414973347970818,0.1208,0,South America,68,1,3
Cappadocian Greek (Greece),25.0,40.9798,24.104,Greece,GRC,Critically endangered,1.414973347970818,1,0,25.0,1.414973347970818,40.9798,1,Europe,14,1,3
Carabayo,0.0,-1.6666,-70.3333,Colombia,COL,Extinct,0.0,1,0,0.0,0.0,1.6666,0,South America,70,1,3
Cavineña,3651.0,-12.3829,-66.7419,Bolivia (Plurinational State of),BOL,Definitely endangered,3.562530768862261,1,0,3651.0,3.562530768862261,12.3829,0,South America,47,1,2
Cayuga (Canada),25.0,43.019,-80.1506,Canada,CAN,Critically endangered,1.414973347970818,1,0,25.0,1.414973347970818,43.019,1,North America,22,1,3
Central Asian Arabic,3651.0,36.9608,66.8133,"Uzbekistan, Tajikistan, Afghanistan","UZB, TJK, AFG",Definitely endangered,3.562530768862261,3,1,1217.0,3.0856472882968564,36.9608,1,Asia,29,1,2
Champenois,641.0,48.6474,4.3725,"Belgium, France","BEL, FRA",Severely endangered,2.807535028068853,2,1,320.5,2.5071809772602407,48.6474,1,Europe,26,1,2
Chichimec,6191.0,21.2941,-100.5233,Mexico,MEX,Vulnerable,3.791830947674836,1,0,6191.0,3.791830947674836,21.2941,0,North America,46,0,1
Chinook Jargon,25.0,45.0591,-123.6091,United States of America,USA,Critically endangered,1.414973347970818,1,0,25.0,1.414973347970818,45.0591,1,North America,36,1,3
Chiwere,0.0,35.9761,-97.3336,United States of America,USA,Extinct,0.0,1,0,0.0,0.0,35.9761,1,North America,25,1,3
Chuang,25.0,13.5688,105.0589,Cambodia,KHM,Critically endangered,1.414973347970818,1,0,25.0,1.414973347970818,13.5688,0,Asia,35,1,3
Corfiot Italkian,25.0,39.5908,19.8591,Greece,GRC,Critically endangered,1.414973347970818,1,0,25.0,1.414973347970818,39.5908,1,Europe,15,1,3
Cornish,25.0,50.4575,-4.746,United Kingdom of Great Britain and Northern Ireland,GBR,Critically endangered,1.414973347970818,1,0,25.0,1.414973347970818,50.4575,1,Europe,11,1,3
Crimean Turkish,641.0,44.6764,34.3267,Ukraine,UKR,Severely endangered,2.807535028068853,1,0,641.0,2.807535028068853,44.6764,1,Europe,12,1,2
Desano (Colombia),3651.0,0.8898,-70.0543,Colombia,COL,Definitely endangered,3.562530768862261,1,0,3651.0,3.562530768862261,0.8898,0,South America,70,1,2
Domari,641.0,32.2128,35.2908,"Egypt, Israel, Jordan, Lebanon, Libyan Arab Jamahiriya, Palestine, Syrian Arab Republic","EGY, ISR, JOR, LBN, LBY, PSE, SYR",Severely endangered,2.807535028068853,7,1,91.57142857142857,1.9664769658563366,32.2128,1,Africa,15,1,2
East Franconian,6191.0,50.0571,10.7336,"Germany, Czech Republic","DEU, CZE",Vulnerable,3.791830947674836,2,1,3095.5,3.49087108434559,50.0571,1,Europe,25,0,1
Eastern Mansi,25.0,60.7752,67.6098,Russian Federation,RUS,Critically endangered,1.414973347970818,1,0,25.0,1.414973347970818,60.7752,2,Asia,6,1,3
En,25.0,21.2872,99.4816,Myanmar,MMR,Critically endangered,1.414973347970818,1,0,25.0,1.414973347970818,21.2872,0,Asia,55,1,3
Even (Kamtchatka),641.0,56.062,158.9501,Russian Federation,RUS,Severely endangered,2.807535028068853,1,0,641.0,2.807535028068853,56.062,2,Asia,4,1,2
Even (Siberia),641.0,67.6593,134.6594,Russian Federation,RUS,Severely endangered,2.807535028068853,1,0,641.0,2.807535028068853,67.6593,2,Asia,0,1,2
Evenki (Northern Siberia),641.0,64.2875,100.2282,Russian Federation,RUS,Severely endangered,2.807535028068853,1,0,641.0,2.807535028068853,64.2875,2,Asia,1,1,2
Evenki (Sakhalin),641.0,51.727,142.5585,Russian Federation,RUS,Severely endangered,2.807535028068853,1,0,641.0,2.807535028068853,51.727,1,Asia,7,1,2
Evenki (Southern Siberia),641.0,51.9833,116.5833,"Mongolia, Russian Federation","MNG, RUS",Severely endangered,2.807535028068853,2,1,320.5,2.5071809772602407,51.9833,1,Asia,4,1,2
Figuig,6191.0,32.0895,-1.2222,Morocco,MAR,Vulnerable,3.791830947674836,1,0,6191.0,3.791830947674836,32.0895,1,Africa,10,0,1
Franc-Comtois,641.0,47.2829,6.5093,"France, Switzerland","FRA, CHE",Severely endangered,2.807535028068853,2,1,320.5,2.5071809772602407,47.2829,1,Europe,28,1,2
Gagauz (Deli Orman),25.0,43.5963,26.8286,Bulgaria,BGR,Critically endangered,1.414973347970818,1,0,25.0,1.414973347970818,43.5963,1,Europe,15,1,3
Gagauz (South Balkans),641.0,41.4633,22.6977,"Greece, The former Yugoslav Republic of Macedonia, Turkey","GRC, MKD, TUR",Severely endangered,2.807535028068853,3,1,213.66666666666666,2.3317646126401494,41.4633,1,Europe,14,1,2
Gangou,641.0,35.55,102.43,China,CHN,Severely endangered,2.807535028068853,1,0,641.0,2.807535028068853,35.55,1,Asia,13,1,2
Gottscheerish,25.0,45.6332,14.8123,Slovenia,SVN,Critically endangered,1.414973347970818,1,0,25.0,1.414973347970818,45.6332,1,Europe,24,1,3
Guaná,25.0,-21.9532,-58.0517,Paraguay,PRY,Critically endangered,1.414973347970818,1,0,25.0,1.414973347970818,21.9532,0,South America,19,1,3
Han (Canada),25.0,64.062,-139.4278,Canada,CAN,Critically endangered,1.414973347970818,1,0,25.0,1.414973347970818,64.062,2,North America,13,1,3
Homshetsma (Caucasus),641.0,43.2452,40.3582,"Georgia, Russian Federation","GEO, RUS",Severely endangered,2.807535028068853,2,1,320.5,2.5071809772602407,43.2452,1,Europe,35,1,2
Homshetsma (Turkey),3651.0,41.468,41.558,Turkey,TUR,Definitely endangered,3.562530768862261,1,0,3651.0,3.562530768862261,41.468,1,Europe,48,1,2
Hulaula (Iran),0.0,35.9068,46.1535,Iran (Islamic Republic of),IRN,Extinct,0.0,1,0,0.0,0.0,35.9068,1,Africa,17,1,3
Huron-Wyandot (Canada),25.0,46.8722,-71.3651,Canada,CAN,Critically endangered,1.414973347970818,1,0,25.0,1.414973347970818,46.8722,1,North America,14,1,3
Jad,3651.0,30.645,78.3627,"India, Pakistan","IND, PAK",Definitely endangered,3.562530768862261,2,1,1825.5,3.2616196765479355,30.645,1,Asia,42,1,2
Jahai,25.0,5.3597,101.7763,Malaysia,MYS,Critically endangered,1.414973347970818,1,0,25.0,1.414973347970818,5.3597,0,Asia,24,1,3
Javindo Creole,25.0,-7.0136,110.4345,Indonesia,IDN,Critically endangered,1.414973347970818,1,0,25.0,1.414973347970818,7.0136,0,Oceania,2,1,3
Jeju,25.0,33.3671,126.4974,Republic of Korea,KOR,Critically endangered,1.414973347970818,1,0,25.0,1.414973347970818,33.3671,1,Asia,1,1,3
Jitnu,3651.0,6.5118,-70.8837,Colombia,COL,Definitely endangered,3.562530768862261,1,0,3651.0,3.562530768862261,6.5118,0,South America,17,1,2
Judezmo (Europe),641.0,41.2607,28.4985,"Albania, Algeria, Bosnia and Herzegovina, Bulgaria, Croatia, Greece, The former Yugoslav Republic of Macedonia, Morocco, Romania, Turkey, Serbia","ALB, DZA, BIH, BGR, HRV, GRC, MKD, MAR, ROU, TUR, SRB",Severely endangered,2.807535028068853,11,1,58.27272727272727,1.7728549105736953,41.2607,1,Europe,8,1,2
Juhur (Israel),3651.0,31.5166,34.5964,Israel,ISR,Definitely endangered,3.562530768862261,1,0,3651.0,3.562530768862261,31.5166,1,Africa,15,1,2
Kaurna,25.0,-34.8498,138.6474,Australia,AUS,Critically endangered,1.414973347970818,1,0,25.0,1.414973347970818,34.8498,1,Oceania,1,1,3
Kensiw (Malaysia),25.0,5.9033,100.9227,Malaysia,MYS,Critically endangered,1.414973347970818,1,0,25.0,1.414973347970818,5.9033,0,Asia,21,1,3
Kentak,25.0,5.5383,100.7861,Malaysia,MYS,Critically endangered,1.414973347970818,1,0,25.0,1.414973347970818,5.5383,0,Asia,21,1,3
Khasali,3651.0,32.0267,77.893,India,IND,Definitely endangered,3.562530768862261,1,0,3651.0,3.562530768862261,32.0267,1,Asia,41,1,2
Kili,641.0,48.8068,134.121,Russian Federation,RUS,Severely endangered,2.807535028068853,1,0,641.0,2.807535028068853,48.8068,1,Asia,6,1,2
Koro,3651.0,27.1667,92.6312,India,IND,Definitely endangered,3.562530768862261,1,0,3651.0,3.562530768862261,27.1667,1,Asia,128,1,2
Kraol,25.0,13.588,106.9438,Cambodia,KHM,Critically endangered,1.414973347970818,1,0,25.0,1.414973347970818,13.588,0,Asia,30,1,3
Kravet,25.0,14.0175,107.0136,Cambodia,KHM,Critically endangered,1.414973347970818,1,0,25.0,1.414973347970818,14.0175,0,Asia,30,1,3
Krueng,641.0,13.8219,106.9938,Cambodia,KHM,Severely endangered,2.807535028068853,1,0,641.0,2.807535028068853,13.8219,0,Asia,30,1,2
Kuay,641.0,13.9047,105.3712,Cambodia,KHM,Severely endangered,2.807535028068853,1,0,641.0,2.807535028068853,13.9047,0,Asia,39,1,2
Kunigami,3651.0,26.7186,128.2131,Japan,JPN,Definitely endangered,3.562530768862261,1,0,3651.0,3.562530768862261,26.7186,1,Asia,4,1,2
Lakota,25.0,49.3276,-106.4439,Canada,CAN,Critically endangered,1.414973347970818,1,0,25.0,1.414973347970818,49.3276,1,North America,11,1,3
Langrong,25.0,24.4671,94.1473,India,IND,Critically endangered,1.414973347970818,1,0,25.0,1.414973347970818,24.4671,1,Asia,127,1,3
Lengua,641.0,-22.5125,-58.0957,Paraguay,PRY,Severely endangered,2.807535028068853,1,0,641.0,2.807535028068853,22.5125,0,South America,20,1,2
Livonian,25.0,57.6101,22.2802,Latvia,LVA,Critically endangered,1.414973347970818,1,0,25.0,1.414973347970818,57.6101,2,Europe,11,1,3
Lorrain,641.0,48.8357,6.0644,"Belgium, France","BEL, FRA",Severely endangered,2.807535028068853,2,1,320.5,2.5071809772602407,48.8357,1,Europe,27,1,2
Lua,3651.0,19.0049,101.184,Thailand,THA,Definitely endangered,3.562530768862261,1,0,3651.0,3.562530768862261,19.0049,0,Asia,60,1,2
Macaguaje,0.0,0.0,-75.0,Colombia,COL,Extinct,0.0,1,0,0.0,0.0,0.0,0,South America,54,1,3
Macuna (Colombia),3651.0,-0.2636,-70.2026,Colombia,COL,Definitely endangered,3.562530768862261,1,0,3651.0,3.562530768862261,0.2636,0,South America,69,1,2
Maká,3651.0,-25.2645,-57.2387,Paraguay,PRY,Definitely endangered,3.562530768862261,1,0,3651.0,3.562530768862261,25.2645,1,South America,19,1,2
Manda,25.0,20.1384,84.0289,India,IND,Critically endangered,1.414973347970818,1,0,25.0,1.414973347970818,20.1384,0,Asia,27,1,3
Manx,25.0,54.2106,-4.5318,United Kingdom of Great Britain and Northern Ireland,GBR,Critically endangered,1.414973347970818,1,0,25.0,1.414973347970818,54.2106,1,Europe,7,1,3
Mawayana (Guyana),25.0,1.5159,-58.4143,Guyana,GUY,Critically endangered,1.414973347970818,1,0,25.0,1.414973347970818,1.5159,0,South America,27,1,3
Menri',25.0,5.055,102.2502,Malaysia,MYS,Critically endangered,1.414973347970818,1,0,25.0,1.414973347970818,5.055,0,Asia,22,1,3
Michif,25.0,51.3119,-103.979,Canada,CAN,Critically endangered,1.414973347970818,1,0,25.0,1.414973347970818,51.3119,1,North America,9,1,3
Miraña (Colombia),641.0,-1.5818,-70.5651,Colombia,COL,Severely endangered,2.807535028068853,1,0,641.0,2.807535028068853,1.5818,0,South America,68,1,2
Miyako,3651.0,24.8004,125.2798,Japan,JPN,Definitely endangered,3.562530768862261,1,0,3651.0,3.562530768862261,24.8004,1,Asia,22,1,2
Mohawk (Ganienkeh),3651.0,44.8675,-73.67,United States of America,USA,Definitely endangered,3.562530768862261,1,0,3651.0,3.562530768862261,44.8675,1,North America,18,1,2
Mohawk (Kahnawake),3651.0,45.4013,-73.6677,Canada,CAN,Definitely endangered,3.562530768862261,1,0,3651.0,3.562530768862261,45.4013,1,North America,17,1,2
Mohawk (Kanatsiohareke),3651.0,42.9116,-74.5587,United States of America,USA,Definitely endangered,3.562530768862261,1,0,3651.0,3.562530768862261,42.9116,1,North America,22,1,2
Mohawk (Kanesatake),3651.0,45.4685,-74.0972,Canada,CAN,Definitely endangered,3.562530768862261,1,0,3651.0,3.562530768862261,45.4685,1,North America,18,1,2
Mohawk (Six nations),3651.0,43.0463,-80.069,Canada,CAN,Definitely endangered,3.562530768862261,1,0,3651.0,3.562530768862261,43.0463,1,North America,22,1,2
Mohawk (Tyendinega),3651.0,44.189,-77.1494,Canada,CAN,Definitely endangered,3.562530768862261,1,0,3651.0,3.562530768862261,44.189,1,North America,27,1,2
Mohawk (Wahta),3651.0,45.0333,-79.7333,Canada,CAN,Definitely endangered,3.562530768862261,1,0,3651.0,3.562530768862261,45.0333,1,North America,26,1,2
Mok (Lao PDR),3651.0,20.73,101.4197,Lao People's Democratic Republic,LAO,Definitely endangered,3.562530768862261,1,0,3651.0,3.562530768862261,20.73,0,Asia,74,1,2
Mosquitia Creole,3651.0,12.0114,-83.7638,Nicaragua,NIC,Definitely endangered,3.562530768862261,1,0,3651.0,3.562530768862261,12.0114,0,South America,28,1,2
Muinane,3651.0,-1.4061,-72.3779,Colombia,COL,Definitely endangered,3.562530768862261,1,0,3651.0,3.562530768862261,1.4061,0,South America,65,1,2
Munsee (United States of America),25.0,40.8969,-76.3769,United States of America,USA,Critically endangered,1.414973347970818,1,0,25.0,1.414973347970818,40.8969,1,North America,18,1,3
Nivaclé,6191.0,-23.3019,-60.3369,Paraguay,PRY,Vulnerable,3.791830947674836,1,0,6191.0,3.791830947674836,23.3019,0,South America,18,0,1
Nivkh (Amur),25.0,53.2684,140.4107,Russian Federation,RUS,Critically endangered,1.414973347970818,1,0,25.0,1.414973347970818,53.2684,1,Asia,6,1,3
Nogay (Crimea),641.0,45.9435,33.9477,Ukraine,UKR,Severely endangered,2.807535028068853,1,0,641.0,2.807535028068853,45.9435,1,Europe,11,1,2
Nogay (Dobruja),641.0,44.6491,27.8173,Romania,ROU,Severely endangered,2.807535028068853,1,0,641.0,2.807535028068853,44.6491,1,Europe,14,1,2
Nonuya,25.0,-0.747,-71.9165,Colombia,COL,Critically endangered,1.414973347970818,1,0,25.0,1.414973347970818,0.747,0,South America,58,1,3
Norman,641.0,49.081,-0.6591,France,FRA,Severely endangered,2.807535028068853,1,0,641.0,2.807535028068853,49.081,1,Europe,18,1,2
Northern Altay,641.0,52.2816,87.4827,Russian Federation,RUS,Severely endangered,2.807535028068853,1,0,641.0,2.807535028068853,52.2816,1,Asia,4,1,2
Northern Haida,25.0,54.0397,-132.1776,"Canada, United States of America","CAN, USA",Critically endangered,1.414973347970818,2,1,12.5,1.130333768495006,54.0397,1,North America,12,1,3
Northwestern Otomí,6191.0,21.0996,-100.1584,Mexico,MEX,Vulnerable,3.791830947674836,1,0,6191.0,3.791830947674836,21.0996,0,North America,66,0,1
Nukak,3651.0,2.3504,-71.3507,Colombia,COL,Definitely endangered,3.562530768862261,1,0,3651.0,3.562530768862261,2.3504,0,South America,62,1,2
Okinawan,3651.0,26.2047,127.6831,Japan,JPN,Definitely endangered,3.562530768862261,1,0,3651.0,3.562530768862261,26.2047,1,Asia,4,1,2
Oneida (Canada),25.0,42.8286,-81.4068,"Canada, United States of America","CAN, USA",Critically endangered,1.414973347970818,2,1,12.5,1.130333768495006,42.8286,1,North America,19,1,3
Onondaga (Canada),25.0,43.1194,-80.1174,"Canada, United States of America","CAN, USA",Critically endangered,1.414973347970818,2,1,12.5,1.130333768495006,43.1194,1,North America,22,1,3
Padri,6191.0,33.8886,76.3,India,IND,Vulnerable,3.791830947674836,1,0,6191.0,3.791830947674836,33.8886,1,Asia,55,0,1
Palaung,641.0,23.1058,97.488,Myanmar,MMR,Severely endangered,2.807535028068853,1,0,641.0,2.807535028068853,23.1058,0,Asia,97,1,2
Pale,641.0,22.1511,97.8386,Myanmar,MMR,Severely endangered,2.807535028068853,1,0,641.0,2.807535028068853,22.1511,0,Asia,66,1,2
Panamanian Creole,3651.0,9.3878,-82.2696,Panama,PAN,Definitely endangered,3.562530768862261,1,0,3651.0,3.562530768862261,9.3878,0,South America,21,1,2
Pashayi,6191.0,34.66,70.2,Afghanistan,AFG,Vulnerable,3.791830947674836,1,0,6191.0,3.791830947674836,34.66,1,Asia,40,0,1
Peco' Creole,25.0,-6.2716,106.7871,Indonesia,IDN,Critically endangered,1.414973347970818,1,0,25.0,1.414973347970818,6.2716,0,Other,2,1,3
Phnong,641.0,12.5525,107.3011,Cambodia,KHM,Severely endangered,2.807535028068853,1,0,641.0,2.807535028068853,12.5525,0,Asia,25,1,2
Poitevin-Saintongeais,641.0,46.0579,-0.5493,France,FRA,Severely endangered,2.807535028068853,1,0,641.0,2.807535028068853,46.0579,1,Europe,15,1,2
Potawatomi (Canada),25.0,42.5163,-82.5555,Canada,CAN,Critically endangered,1.414973347970818,1,0,25.0,1.414973347970818,42.5163,1,North America,17,1,3
Purik,6191.0,34.3706,76.0144,"India, Pakistan","IND, PAK",Vulnerable,3.791830947674836,2,1,3095.5,3.49087108434559,34.3706,1,Asia,57,0,1
Quinault,0.0,47.3332,-124.2864,United States of America,USA,Extinct,0.0,1,0,0.0,0.0,47.3332,1,North America,33,1,3
Rama Cay Creole,3651.0,11.8834,-83.8,Nicaragua,NIC,Definitely endangered,3.562530768862261,1,0,3651.0,3.562530768862261,11.8834,0,South America,28,1,2
Reyesano,25.0,-14.7748,-66.9396,Bolivia (Plurinational State of),BOL,Critically endangered,1.414973347970818,1,0,25.0,1.414973347970818,14.7748,0,South America,40,1,3
Rhenish Franconian,6191.0,49.4467,8.2067,"Germany, France","DEU, FRA",Vulnerable,3.791830947674836,2,1,3095.5,3.49087108434559,49.4467,1,Europe,27,0,1
Riang,25.0,21.9048,98.2342,Myanmar,MMR,Critically endangered,1.414973347970818,1,0,25.0,1.414973347970818,21.9048,0,Asia,58,1,3
Rigolet Inuktitut,25.0,54.1772,-58.4218,Canada,CAN,Critically endangered,1.414973347970818,1,0,25.0,1.414973347970818,54.1772,1,North America,1,1,3
Rumai,641.0,23.7363,97.9927,Myanmar,MMR,Severely endangered,2.807535028068853,1,0,641.0,2.807535028068853,23.7363,1,Asia,104,1,2
Samrai,25.0,12.5063,102.8344,Cambodia,KHM,Critically endangered,1.414973347970818,1,0,25.0,1.414973347970818,12.5063,0,Asia,23,1,3
San Andres Creole,6191.0,12.5833,-81.7,Colombia,COL,Vulnerable,3.791830947674836,1,0,6191.0,3.791830947674836,12.5833,0,South America,25,0,1
Sanapaná,3651.0,-22.0,-59.0,Paraguay,PRY,Definitely endangered,3.562530768862261,1,0,3651.0,3.562530768862261,22.0,0,South America,19,1,2
Scanian,6191.0,55.724,13.6614,"Denmark, Sweden","DNK, SWE",Vulnerable,3.791830947674836,2,1,3095.5,3.49087108434559,55.724,2,Europe,11,0,1
Seneca (Canada),25.0,43.0555,-80.1938,Canada,CAN,Critically endangered,1.414973347970818,1,0,25.0,1.414973347970818,43.0555,1,North America,22,1,3
Siberian Tatar,3651.0,56.4624,73.3447,Russian Federation,RUS,Definitely endangered,3.562530768862261,1,0,3651.0,3.562530768862261,56.4624,2,Asia,2,1,2
Sikïiyana,25.0,1.9991,-56.2719,Suriname,SUR,Critically endangered,1.414973347970818,1,0,25.0,1.414973347970818,1.9991,0,South America,24,1,3
Siriano (Colombia),3651.0,0.8788,-70.2685,Colombia,COL,Definitely endangered,3.562530768862261,1,0,3651.0,3.562530768862261,0.8788,0,South America,69,1,2
So-ng,25.0,11.7244,104.0447,Cambodia,KHM,Critically endangered,1.414973347970818,1,0,25.0,1.414973347970818,11.7244,0,Asia,23,1,3
Sogoo,0.0,-1.0435,36.6006,Kenya,KEN,Extinct,0.0,1,0,0.0,0.0,1.0435,0,Africa,21,1,3
South Jutish,3651.0,54.8497,9.3081,"Germany, Denmark","DEU, DNK",Definitely endangered,3.562530768862261,2,1,1825.5,3.2616196765479355,54.8497,1,Europe,9,1,2
Southern Paiute,641.0,37.6818,-113.088,United States of America,USA,Severely endangered,2.807535028068853,1,0,641.0,2.807535028068853,37.6818,1,North America,19,1,2
Spiti,6191.0,32.2871,78.2652,"India, Pakistan","IND, PAK",Vulnerable,3.791830947674836,2,1,3095.5,3.49087108434559,32.2871,1,Asia,41,0,1
Squamish,25.0,49.3234,-123.1301,Canada,CAN,Critically endangered,1.414973347970818,1,0,25.0,1.414973347970818,49.3234,1,North America,32,1,3
Stieng,641.0,12.1288,106.7852,Cambodia,KHM,Severely endangered,2.807535028068853,1,0,641.0,2.807535028068853,12.1288,0,Asia,27,1,2
Tacana,3651.0,-13.272,-67.7856,Bolivia (Plurinational State of),BOL,Definitely endangered,3.562530768862261,1,0,3651.0,3.562530768862261,13.272,0,South America,47,1,2
Tagish,25.0,60.1601,-134.6842,Canada,CAN,Critically endangered,1.414973347970818,1,0,25.0,1.414973347970818,60.1601,2,North America,10,1,3
Tailoi,25.0,21.4275,100.7473,Myanmar,MMR,Critically endangered,1.414973347970818,1,0,25.0,1.414973347970818,21.4275,0,Asia,65,1,3
Tanimuca-Letuama,641.0,-0.6262,-70.5432,Colombia,COL,Severely endangered,2.807535028068853,1,0,641.0,2.807535028068853,0.6262,0,South America,69,1,2
Tapieté,641.0,-21.7799,-62.644,"Argentina, Bolivia (Plurinational State of), Paraguay","ARG, BOL, PRY",Severely endangered,2.807535028068853,3,1,213.66666666666666,2.3317646126401494,21.7799,0,South America,12,1,2
Tariana (Colombia),25.0,0.8349,-69.1918,Colombia,COL,Critically endangered,1.414973347970818,1,0,25.0,1.414973347970818,0.8349,0,South America,68,1,3
Taruma,25.0,2.515,-59.5678,Guyana,GUY,Critically endangered,1.414973347970818,1,0,25.0,1.414973347970818,2.515,0,South America,35,1,3
Tasnusit,641.0,34.623,-1.5614,Algeria,DZA,Severely endangered,2.807535028068853,1,0,641.0,2.807535028068853,34.623,1,Africa,11,1,2
Tat,641.0,41.3438,48.6254,Azerbaijan,AZE,Severely endangered,2.807535028068853,1,0,641.0,2.807535028068853,41.3438,1,Asia,41,1,2
Tati,3651.0,38.2036,48.2519,Iran (Islamic Republic of),IRN,Definitely endangered,3.562530768862261,1,0,3651.0,3.562530768862261,38.2036,1,Asia,34,1,2
Tatuyo,3651.0,0.4174,-70.4882,Colombia,COL,Definitely endangered,3.562530768862261,1,0,3651.0,3.562530768862261,0.4174,0,South America,68,1,2
Tazy,641.0,43.9236,134.7967,Russian Federation,RUS,Severely endangered,2.807535028068853,1,0,641.0,2.807535028068853,43.9236,1,Asia,2,1,2
Tempuan,641.0,13.7238,107.2038,Cambodia,KHM,Severely endangered,2.807535028068853,1,0,641.0,2.807535028068853,13.7238,0,Asia,27,1,2
Toba-Maskoy,641.0,-21.5578,-58.0064,Paraguay,PRY,Severely endangered,2.807535028068853,1,0,641.0,2.807535028068853,21.5578,0,South America,18,1,2
Tolcha,0.0,29.9333,80.0326,India,IND,Extinct,0.0,1,0,0.0,0.0,29.9333,1,Asia,52,1,3
Touggourt Tamazight,641.0,33.0777,6.0671,Algeria,DZA,Severely endangered,2.807535028068853,1,0,641.0,2.807535028068853,33.0777,1,Africa,6,1,2
Tucano (Colombia),6191.0,0.6921,-69.8291,Colombia,COL,Vulnerable,3.791830947674836,1,0,6191.0,3.791830947674836,0.6921,0,South America,69,0,1
Tunisian Judeo-Arabic (Israel),641.0,32.0779,34.8019,Israel,ISR,Severely endangered,2.807535028068853,1,0,641.0,2.807535028068853,32.0779,1,Africa,15,1,2
Tuscarora (Canada),25.0,43.072,-80.015,Canada,CAN,Critically endangered,1.414973347970818,1,0,25.0,1.414973347970818,43.072,1,North America,22,1,3
Tuyuca (Colombia),3651.0,0.3515,-70.2026,Colombia,COL,Definitely endangered,3.562530768862261,1,0,3651.0,3.562530768862261,0.3515,0,South America,70,1,2
Udi (Georgia),641.0,41.8905,45.913,Georgia,GEO,Severely endangered,2.807535028068853,1,0,641.0,2.807535028068853,41.8905,1,Asia,52,1,2
Unami,0.0,39.13,-76.0253,United States of America,USA,Extinct,0.0,1,0,0.0,0.0,39.13,1,North America,5,1,3
Upper Tanana (Canada),25.0,62.3824,-140.8984,Canada,CAN,Critically endangered,1.414973347970818,1,0,25.0,1.414973347970818,62.3824,2,North America,12,1,3
Urum,3651.0,47.0102,36.7822,"Georgia, Russian Federation, Ukraine","GEO, RUS, UKR",Definitely endangered,3.562530768862261,3,1,1217.0,3.0856472882968564,47.0102,1,Europe,10,1,2
Wa,641.0,21.8705,99.6519,Myanmar,MMR,Severely endangered,2.807535028068853,1,0,641.0,2.807535028068853,21.8705,0,Asia,62,1,2
Wanano / Kotiria (Colombia),3651.0,1.0106,-69.6423,Colombia,COL,Definitely endangered,3.562530768862261,1,0,3651.0,3.562530768862261,1.0106,0,South America,68,1,2
Western Abenaki (Canada),25.0,46.0785,-72.8141,Canada,CAN,Critically endangered,1.414973347970818,1,0,25.0,1.414973347970818,46.0785,1,North America,18,1,3
Western Abenaki (United States of America),0.0,43.0046,-72.246,United States of America,USA,Extinct,0.0,1,0,0.0,0.0,43.0046,1,North America,16,1,3
Wichi,6191.0,-22.0041,-63.413,"Argentina, Bolivia (Plurinational State of)","ARG, BOL",Vulnerable,3.791830947674836,2,1,3095.5,3.49087108434559,22.0041,0,South America,7,0,1
Yaeyama,641.0,24.342,124.1537,Japan,JPN,Severely endangered,2.807535028068853,1,0,641.0,2.807535028068853,24.342,1,Asia,28,1,2
Yazva Komi,641.0,60.0348,57.536,Russian Federation,RUS,Severely endangered,2.807535028068853,1,0,641.0,2.807535028068853,60.0348,2,Asia,6,1,2
Yiddish (Europe),3651.0,53.3571,25.2465,"Germany, Austria, Belarus, Belgium, Denmark, Estonia, Finland, France, Hungary, Italy, Latvia, Lithuania, Luxembourg, Republic of Moldova, Norway, Netherlands, Poland, Romania, United Kingdom of Great Britain and Northern Ireland, Russian Federation, Slovakia, Sweden, Switzerland, Czech Republic, Ukraine","DEU, AUT, BRB, BEL, DNK, EST, FIN, FRA, HUN, ITA, LVA, LTU, LUX, MDA, NOR, NLD, POL, ROU, GBR, RUS, SVK, SWE, CHE, CZE, UKR",Definitely endangered,3.562530768862261,25,1,146.04,2.167435494042036,53.3571,1,Europe,9,1,2
Yonaguni,641.0,24.458,122.9802,Japan,JPN,Severely endangered,2.807535028068853,1,0,641.0,2.807535028068853,24.458,1,Asia,26,1,2
Yucuna,3651.0,-1.2633,-70.664,Colombia,COL,Definitely endangered,3.562530768862261,1,0,3651.0,3.562530768862261,1.2633,0,South America,67,1,2
Yurutí (Colombia),3651.0,1.137,-70.2136,Colombia,COL,Definitely endangered,3.562530768862261,1,0,3651.0,3.562530768862261,1.137,0,South America,69,1,2
Zangskari,3651.0,34.0833,76.85,"India, Pakistan","IND, PAK",Definitely endangered,3.562530768862261,2,1,1825.5,3.2616196765479355,34.0833,1,Asia,46,1,2
Zidgali,25.0,23.4027,58.0957,Oman,OMN,Critically endangered,1.414973347970818,1,0,25.0,1.414973347970818,23.4027,0,Asia,3,1,3
Mandarin Chinese,1120000000.0,35.8617,104.1954,"China, Taiwan, Singapore","CHN, TWN, SGP",Safe,9.049218023057945,3,1,373333333.3333333,8.572096769113807,35.8617,1,Asia,11,0,0
Hindi,602000000.0,28.6139,77.209,India,IND,Safe,8.779596491979245,1,0,602000000.0,8.779596491979245,28.6139,1,Asia,30,0,0
Bengali,272000000.0,23.685,90.3563,"Bangladesh, India","BGD, IND",Safe,8.43456890563087,2,1,136000000.0,8.133538911563559,23.685,1,Asia,97,0,0
Telugu,96000000.0,17.385,78.4867,India,IND,Safe,7.982271237563469,1,0,96000000.0,7.982271237563469,17.385,0,Asia,13,0,0
Marathi,95000000.0,19.7515,75.7139,India,IND,Safe,7.9777236098603685,1,0,95000000.0,7.9777236098603685,19.7515,0,Asia,8,0,0
Tamil,85000000.0,13.0827,80.2707,"India, Sri Lanka, Singapore, Malaysia","IND, LKA, SGP, MYS",Safe,7.92941893082364,4,1,21250000.0,7.327358954823717,13.0827,0,Asia,8,0,0
Urdu,231000000.0,30.3753,69.3451,"Pakistan, India","PAK, IND",Safe,8.363611981772207,2,1,115500000.0,8.062581987988288,30.3753,1,Asia,7,0,0
Gujarati,62000000.0,22.2587,71.1924,India,IND,Safe,7.792391696503003,1,0,62000000.0,7.792391696503003,22.2587,0,Asia,1,0,0
Kannada,59000000.0,15.3173,75.7139,India,IND,Safe,7.770852019003067,1,0,59000000.0,7.770852019003067,15.3173,0,Asia,11,0,0
Malayalam,38000000.0,10.8505,76.2711,India,IND,Safe,7.579783608045612,1,0,38000000.0,7.579783608045612,10.8505,0,Asia,9,0,0
Odia,35000000.0,20.9517,85.0985,India,IND,Safe,7.5440680567586895,1,0,35000000.0,7.5440680567586895,20.9517,0,Asia,25,0,0
Punjabi,113000000.0,31.1471,75.3412,"Pakistan, India","PAK, IND",Safe,8.053078447326733,2,1,56500000.0,7.752048455506066,31.1471,1,Asia,41,0,0
Japanese,125000000.0,36.2048,138.2529,Japan,JPN,Safe,8.096910016482413,1,0,125000000.0,8.096910016482413,36.2048,1,Asia,1,0,0
Korean,82000000.0,35.9078,127.7669,"South Korea, North Korea","KOR, PRK",Safe,7.913813857679991,2,1,41000000.0,7.612783867312284,35.9078,1,Asia,1,0,0
Vietnamese,85000000.0,14.0583,108.2772,Vietnam,VNM,Safe,7.92941893082364,1,0,85000000.0,7.92941893082364,14.0583,0,Asia,25,0,0
Thai,61000000.0,15.87,100.9925,Thailand,THA,Safe,7.7853298421303485,1,0,61000000.0,7.7853298421303485,15.87,0,Asia,23,0,0
Indonesian,199000000.0,-0.7893,113.9213,Indonesia,IDN,Safe,8.29885307859209,1,0,199000000.0,8.29885307859209,0.7893,0,Oceania,4,0,0
Javanese,68000000.0,-7.6145,110.7122,Indonesia,IDN,Safe,7.83250891909292,1,0,68000000.0,7.83250891909292,7.6145,0,Oceania,2,0,0
Tagalog (Filipino),82000000.0,12.8797,121.774,Philippines,PHL,Safe,7.913813857679991,1,0,82000000.0,7.913813857679991,12.8797,0,Asia,12,0,0
Burmese,33000000.0,21.9162,95.956,Myanmar,MMR,Safe,7.518513953038326,1,0,33000000.0,7.518513953038326,21.9162,0,Asia,80,0,0
Persian (Farsi),77000000.0,32.4279,53.688,"Iran, Afghanistan, Tajikistan","IRN, AFG, TJK",Safe,7.88649073081267,3,1,25666666.666666668,7.409369487373383,32.4279,1,Africa,13,0,0
Turkish,88000000.0,38.9637,35.2433,"Turkey, Cyprus","TUR, CYP",Safe,7.944482677085333,2,1,44000000.0,7.643452686356516,38.9637,1,Europe,5,0,0
Arabic,374000000.0,23.8859,45.0792,"Saudi Arabia, Egypt, Iraq, UAE, Morocco, Algeria","SAU, EGY, IRQ, ARE, MAR, DZA",Safe,8.572871603361696,6,1,62333333.333333336,7.794720358784128,23.8859,1,Africa,0,0,0
English,1456000000.0,52.3555,-1.1743,"United Kingdom, United States, Canada, Australia, New Zealand","GBR, USA, CAN, AUS, NZL",Safe,9.163161375275298,5,1,291200000.0,8.464191372132396,52.3555,1,Europe,16,0,0
Spanish,548000000.0,40.4637,-3.7492,"Spain, Mexico, Colombia, Argentina, Peru","ESP, MEX, COL, ARG, PER",Safe,8.738780559276877,5,1,109600000.0,8.039810558110892,40.4637,1,Europe,6,0,0
French,310000000.0,46.2276,2.2137,"France, Canada, Belgium, Switzerland, Senegal","FRA, CAN, BEL, CHE, SEN",Safe,8.491361695235222,5,1,62000000.0,7.792391696503003,46.2276,1,Europe,22,0,0
German,134000000.0,51.1657,10.4515,"Germany, Austria, Switzerland","DEU, AUT, CHE",Safe,8.127104801605812,3,1,44666666.666666664,7.6499835533681555,51.1657,1,Europe,17,0,0
Russian,258000000.0,61.524,105.3188,"Russian Federation, Belarus, Kazakhstan","RUS, BLR, KAZ",Safe,8.411619707646542,3,1,86000000.0,7.934498456293504,61.524,2,Asia,1,0,0
Portuguese,258000000.0,39.3999,-8.2245,"Portugal, Brazil, Angola, Mozambique","PRT, BRA, AGO, MOZ",Safe,8.411619707646542,4,1,64500000.0,7.809559721368515,39.3999,1,Europe,3,0,0
Italian,68000000.0,41.8719,12.5674,"Italy, Switzerland","ITA, CHE",Safe,7.83250891909292,2,1,34000000.0,7.531478929815622,41.8719,1,Europe,23,0,0
Polish,45000000.0,51.9194,19.1451,Poland,POL,Safe,7.653212523426332,1,0,45000000.0,7.653212523426332,51.9194,1,Europe,13,0,0
Ukrainian,33000000.0,48.3794,31.1656,Ukraine,UKR,Safe,7.518513953038326,1,0,33000000.0,7.518513953038326,48.3794,1,Europe,12,0,0
Dutch,25000000.0,52.1326,5.2913,"Netherlands, Belgium, Suriname","NLD, BEL, SUR",Safe,7.397940026043816,3,1,8333333.333333333,6.92081880606771,52.1326,1,Europe,17,0,0
Romanian,24000000.0,45.9432,24.9668,"Romania, Moldova","ROU, MDA",Safe,7.380211259807209,2,1,12000000.0,7.07918128223883,45.9432,1,Europe,15,0,0
Greek,13500000.0,39.0742,21.8243,"Greece, Cyprus","GRC, CYP",Safe,7.130333800664967,2,1,6750000.0,6.829303837170944,39.0742,1,Europe,9,0,0
Czech,10700000.0,49.8175,15.473,Czech Republic,CZE,Safe,7.029383818273477,1,0,10700000.0,7.029383818273477,49.8175,1,Europe,16,0,0
Hungarian,12600000.0,47.1625,19.5033,Hungary,HUN,Safe,7.100370579585378,1,0,12600000.0,7.100370579585378,47.1625,1,Europe,17,0,0
Swedish,10000000.0,60.1282,18.6435,"Sweden, Finland","SWE, FIN",Safe,7.000000043429446,2,1,5000000.0,6.698970091194907,60.1282,2,Europe,4,0,0
Swahili,200000000.0,-6.369,34.8888,"Tanzania, Kenya, Uganda, DRC","TZA, KEN, UGA, COD",Safe,8.301029997835453,4,1,50000000.0,7.698970013021908,6.369,0,Africa,12,0,0
Hausa,77000000.0,9.082,8.6753,"Nigeria, Niger, Ghana","NGA, NER, GHA",Safe,7.88649073081267,3,1,25666666.666666668,7.409369487373383,9.082,0,Africa,41,0,0
Yoruba,45000000.0,7.3775,3.947,"Nigeria, Benin","NGA, BEN",Safe,7.653212523426332,2,1,22500000.0,7.352182537413339,7.3775,0,Africa,8,0,0
Igbo,31000000.0,5.4763,7.0259,Nigeria,NGA,Safe,7.4913617078437715,1,0,31000000.0,7.4913617078437715,5.4763,0,Africa,31,0,0
Amharic,57000000.0,9.145,40.4897,Ethiopia,ETH,Safe,7.755874863291693,1,0,57000000.0,7.755874863291693,9.145,0,Africa,8,0,0
Oromo,37000000.0,8.541,39.268,"Ethiopia, Kenya","ETH, KEN",Safe,7.568201735804683,2,1,18500000.0,7.267171751878391,8.541,0,Africa,21,0,0
Zulu,27000000.0,-28.5306,30.8958,South Africa,ZAF,Safe,7.431363780243968,1,0,27000000.0,7.431363780243968,28.5306,1,Africa,3,0,0
Xhosa,19000000.0,-32.2968,26.4194,South Africa,ZAF,Safe,7.278753623810433,1,0,19000000.0,7.278753623810433,32.2968,1,Africa,5,0,0
Shona,15000000.0,-19.0154,29.1549,"Zimbabwe, Mozambique","ZWE, MOZ",Safe,7.176091288008646,2,1,7500000.0,6.875061321297627,19.0154,0,Africa,3,0,0
Somali,22000000.0,5.1521,46.1996,"Somalia, Ethiopia, Kenya","SOM, ETH, KEN",Safe,7.342422700562864,3,1,7333333.333333333,6.8653014853245145,5.1521,0,Africa,0,0,0
Afrikaans,17000000.0,-30.5595,22.9375,"South Africa, Namibia","ZAF, NAM",Safe,7.230448946925008,2,1,8500000.0,6.929418976807758,30.5595,1,Africa,8,0,0
Lingala,40000000.0,-4.0383,21.7587,"DRC, Republic of Congo","COD, COG",Safe,7.602060002185325,2,1,20000000.0,7.301030017378705,4.0383,0,Africa,0,0,0
Guarani,6500000.0,-23.4425,-58.4438,"Paraguay, Bolivia, Argentina, Brazil","PRY, BOL, ARG, BRA",Safe,6.8129134234573865,4,1,1625000.0,6.210853632572953,23.4425,0,South America,21,0,0
Quechua (Cusco-Collao),3800000.0,-13.5319,-71.9675,"Peru, Bolivia","PER, BOL",Safe,6.579783710904817,2,1,1900000.0,6.278753829528812,13.5319,0,South America,33,0,0
Aymara,2000000.0,-16.5,-68.15,"Bolivia, Peru","BOL, PER",Safe,6.301030212811168,2,1,1000000.0,6.0000004342942646,16.5,0,South America,21,0,0
Fijian,450000.0,-17.7134,178.065,Fiji,FJI,Safe,5.65321347887312,1,0,450000.0,5.65321347887312,17.7134,0,Oceania,0,0,0
Samoan,510000.0,-13.759,-172.1046,"Samoa, American Samoa","WSM, ASM",Safe,5.707571027654909,2,1,255000.0,5.406541883546231,13.759,0,Other,0,0,0
Tongan,180000.0,-21.1789,-175.1982,Tonga,TON,Safe,5.2552749178437255,1,0,180000.0,5.2552749178437255,21.1789,0,Other,0,0,0
Hebrew,9300000.0,31.0461,34.8516,Israel,ISR,Safe,6.968482995252264,1,0,9300000.0,6.968482995252264,31.0461,1,Africa,15,0,0
Finnish,5800000.0,61.9241,25.7482,"Finland, Sweden","FIN, SWE",Safe,6.76342806844129,2,1,2900000.0,6.462398147655648,61.9241,2,Europe,8,0,0
Danish,6000000.0,56.2639,9.5018,"Denmark, Greenland","DNK, GRL",Safe,6.7781513227660515,2,1,3000000.0,6.477121399484465,56.2639,2,Europe,8,0,0
Norwegian,5400000.0,60.472,8.4689,Norway,NOR,Safe,6.732393840247865,1,0,5400000.0,6.732393840247865,60.472,2,Europe,3,0,0
